datetime,open,high,low,close,volume
2026-02-06T20:00:00+00:00,409.60999999999973,409.97999999999973,408.75999999999976,409.85999999999973,2178
2026-02-06T20:15:00+00:00,409.85999999999973,410.45999999999975,409.03999999999974,409.38999999999976,2279
2026-02-06T20:30:00+00:00,409.38999999999976,410.40999999999974,409.0499999999997,409.9899999999997,2303
2026-02-06T20:45:00+00:00,409.9899999999997,410.58999999999975,406.52999999999975,406.89999999999975,4197
2026-02-09T14:30:00+00:00,406.89999999999975,408.5599999999998,403.31999999999977,408.34999999999974,5879
2026-02-09T14:45:00+00:00,408.34999999999974,409.65999999999974,405.34999999999974,405.63999999999976,5775
2026-02-09T15:00:00+00:00,405.63999999999976,409.7399999999997,405.12999999999977,409.6199999999998,5136
2026-02-09T15:15:00+00:00,409.6199999999998,411.32999999999976,408.62999999999977,408.96999999999974,4878
2026-02-09T15:30:00+00:00,408.96999999999974,411.56999999999977,408.6799999999997,410.69999999999976,4232
2026-02-09T15:45:00+00:00,410.69999999999976,414.59999999999974,410.65999999999974,413.94999999999976,4019
2026-02-09T16:00:00+00:00,413.94999999999976,415.44999999999976,413.64999999999975,415.2399999999997,3908
2026-02-09T16:15:00+00:00,415.2399999999997,415.2999999999997,413.4299999999997,414.63999999999976,2852
2026-02-09T16:30:00+00:00,414.63999999999976,415.78999999999974,413.95999999999975,415.75999999999976,2753
2026-02-09T16:45:00+00:00,415.75999999999976,416.70999999999975,415.53999999999974,416.41999999999973,3095
2026-02-09T17:00:00+00:00,416.41999999999973,416.97999999999973,415.87999999999977,416.66999999999973,2703
2026-02-09T17:15:00+00:00,416.66999999999973,417.2399999999997,416.2999999999997,416.5499999999997,2424
2026-02-09T17:30:00+00:00,416.5499999999997,417.22999999999973,416.2499999999998,416.26999999999975,2286
2026-02-09T17:45:00+00:00,416.26999999999975,416.4299999999997,415.5499999999997,415.57999999999976,2096
2026-02-09T18:00:00+00:00,415.57999999999976,415.97999999999973,414.9899999999997,415.10999999999973,2369
2026-02-09T18:15:00+00:00,415.10999999999973,415.93999999999977,413.68999999999977,414.3099999999998,3497
2026-02-09T18:30:00+00:00,414.3099999999998,415.94999999999976,413.68999999999977,415.7499999999998,2611
2026-02-09T18:45:00+00:00,415.7499999999998,415.96999999999974,414.6799999999997,415.51999999999975,2206
2026-02-09T19:00:00+00:00,415.51999999999975,416.6799999999997,415.41999999999973,415.7399999999997,2076
2026-02-09T19:15:00+00:00,415.7399999999997,416.5499999999997,415.47999999999973,416.1799999999997,2077
2026-02-09T19:30:00+00:00,416.1799999999997,416.90999999999974,415.87999999999977,416.2399999999997,1746
2026-02-09T19:45:00+00:00,416.2399999999997,416.60999999999973,415.77999999999975,415.9299999999997,1810
2026-02-09T20:00:00+00:00,415.9299999999997,416.47999999999973,415.5499999999997,416.19999999999976,1973
2026-02-09T20:15:00+00:00,416.19999999999976,416.4299999999997,415.4299999999997,416.12999999999977,2388
2026-02-09T20:30:00+00:00,416.12999999999977,416.41999999999973,414.83999999999975,416.1799999999997,2730
2026-02-09T20:45:00+00:00,416.1799999999997,416.18999999999977,413.14999999999975,413.2499999999998,4063
2026-02-10T14:30:00+00:00,413.2499999999998,421.40999999999974,413.02999999999975,418.75999999999976,6850
2026-02-10T14:45:00+00:00,418.75999999999976,419.9999999999998,416.72999999999973,418.34999999999974,5711
2026-02-10T15:00:00+00:00,418.34999999999974,419.75999999999976,416.02999999999975,419.21999999999974,5423
2026-02-10T15:15:00+00:00,419.21999999999974,419.9299999999997,417.52999999999975,419.3699999999998,4437
2026-02-10T15:30:00+00:00,419.3699999999998,420.59999999999974,419.03999999999974,420.22999999999973,4221
2026-02-10T15:45:00+00:00,420.22999999999973,421.41999999999973,419.44999999999976,420.7999999999997,4436
2026-02-10T16:00:00+00:00,420.7999999999997,421.21999999999974,417.9299999999997,418.8099999999998,4044
2026-02-10T16:15:00+00:00,418.8099999999998,418.94999999999976,416.72999999999973,417.7399999999997,4118
2026-02-10T16:30:00+00:00,417.7399999999997,420.2999999999997,417.0499999999997,419.28999999999974,3777
2026-02-10T16:45:00+00:00,419.28999999999974,420.5499999999997,419.12999999999977,419.6799999999997,3037
2026-02-10T17:00:00+00:00,419.6799999999997,420.5599999999998,418.84999999999974,420.50999999999976,2512
2026-02-10T17:15:00+00:00,420.50999999999976,423.25999999999976,420.2999999999997,420.94999999999976,3790
2026-02-10T17:30:00+00:00,420.94999999999976,420.9999999999998,419.77999999999975,420.2999999999997,2620
2026-02-10T17:45:00+00:00,420.2999999999997,421.38999999999976,420.02999999999975,421.13999999999976,2316
2026-02-10T18:00:00+00:00,421.13999999999976,422.10999999999973,420.2999999999997,421.5499999999997,2570
2026-02-10T18:15:00+00:00,421.5499999999997,421.77999999999975,419.13999999999976,419.2999999999997,2998
2026-02-10T18:30:00+00:00,419.2999999999997,420.19999999999976,418.83999999999975,420.0599999999998,2999
2026-02-10T18:45:00+00:00,420.0599999999998,420.85999999999973,418.37999999999977,420.46999999999974,2983
2026-02-10T19:00:00+00:00,420.46999999999974,420.95999999999975,420.12999999999977,420.68999999999977,2659
2026-02-10T19:15:00+00:00,420.68999999999977,421.10999999999973,419.87999999999977,421.03999999999974,2270
2026-02-10T19:30:00+00:00,421.03999999999974,421.9899999999997,420.88999999999976,421.53999999999974,2527
2026-02-10T19:45:00+00:00,421.53999999999974,421.95999999999975,421.14999999999975,421.83999999999975,2275
2026-02-10T20:00:00+00:00,421.83999999999975,422.33999999999975,420.06999999999977,420.1199999999998,2689
2026-02-10T20:15:00+00:00,420.1199999999998,420.83999999999975,419.69999999999976,420.43999999999977,2437
2026-02-10T20:30:00+00:00,420.43999999999977,421.07999999999976,419.95999999999975,420.0599999999998,2612
2026-02-10T20:45:00+00:00,420.0599999999998,423.15999999999974,419.82999999999976,421.46999999999974,4372
2026-02-11T14:30:00+00:00,421.46999999999974,432.19999999999976,421.46999999999974,430.65999999999974,7880
2026-02-11T14:45:00+00:00,430.65999999999974,431.8099999999998,426.96999999999974,427.2499999999998,7250
2026-02-11T15:00:00+00:00,427.2499999999998,428.08999999999975,419.28999999999974,420.7499999999998,7127
2026-02-11T15:15:00+00:00,420.7499999999998,420.83999999999975,417.5599999999998,417.6799999999997,6686
2026-02-11T15:30:00+00:00,417.6799999999997,419.64999999999975,416.0599999999998,419.46999999999974,6303
2026-02-11T15:45:00+00:00,419.46999999999974,420.9899999999997,418.02999999999975,419.9999999999998,5134
2026-02-11T16:00:00+00:00,419.9999999999998,422.50999999999976,419.53999999999974,422.46999999999974,4776
2026-02-11T16:15:00+00:00,422.46999999999974,423.0599999999998,421.38999999999976,422.40999999999974,3863
2026-02-11T16:30:00+00:00,422.40999999999974,422.66999999999973,420.34999999999974,420.7999999999997,4447
2026-02-11T16:45:00+00:00,420.7999999999997,421.40999999999974,419.25999999999976,419.59999999999974,4162
2026-02-11T17:00:00+00:00,419.59999999999974,419.59999999999974,418.09999999999974,418.8099999999998,3335
2026-02-11T17:15:00+00:00,418.8099999999998,420.94999999999976,418.52999999999975,420.7399999999997,2875
2026-02-11T17:30:00+00:00,420.7399999999997,422.21999999999974,420.64999999999975,421.40999999999974,3225
2026-02-11T17:45:00+00:00,421.40999999999974,421.46999999999974,419.08999999999975,419.64999999999975,2625
2026-02-11T18:00:00+00:00,419.64999999999975,419.90999999999974,418.13999999999976,418.64999999999975,2841
2026-02-11T18:15:00+00:00,418.64999999999975,420.90999999999974,418.4299999999997,420.7499999999998,2713
2026-02-11T18:30:00+00:00,420.7499999999998,420.96999999999974,419.6199999999998,420.27999999999975,2576
2026-02-11T18:45:00+00:00,420.27999999999975,421.91999999999973,420.08999999999975,421.52999999999975,2650
2026-02-11T19:00:00+00:00,421.52999999999975,422.4299999999997,420.6799999999997,422.18999999999977,2622
2026-02-11T19:15:00+00:00,422.18999999999977,423.71999999999974,421.7999999999997,423.50999999999976,2394
2026-02-11T19:30:00+00:00,423.50999999999976,423.65999999999974,422.58999999999975,423.27999999999975,2089
2026-02-11T19:45:00+00:00,423.27999999999975,423.52999999999975,422.12999999999977,422.96999999999974,2811
2026-02-11T20:00:00+00:00,422.96999999999974,423.0499999999997,421.90999999999974,422.4899999999997,2266
2026-02-11T20:15:00+00:00,422.4899999999997,423.06999999999977,421.62999999999977,421.75999999999976,2210
2026-02-11T20:30:00+00:00,421.75999999999976,423.25999999999976,421.46999999999974,422.9999999999998,2467
2026-02-11T20:45:00+00:00,422.9999999999998,425.06999999999977,422.83999999999975,424.28999999999974,3242
2026-02-12T14:30:00+00:00,424.28999999999974,432.13999999999976,424.28999999999974,430.01999999999975,7135
2026-02-12T14:45:00+00:00,430.01999999999975,430.5499999999997,424.16999999999973,424.59999999999974,6542
2026-02-12T15:00:00+00:00,424.59999999999974,425.83999999999975,422.14999999999975,425.77999999999975,5948
2026-02-12T15:15:00+00:00,425.77999999999975,427.06999999999977,424.7499999999998,425.64999999999975,5020
2026-02-12T15:30:00+00:00,425.64999999999975,426.44999999999976,422.0499999999997,422.6799999999997,4539
2026-02-12T15:45:00+00:00,422.6799999999997,423.31999999999977,420.60999999999973,421.12999999999977,4284
2026-02-12T16:00:00+00:00,421.12999999999977,421.5499999999997,418.71999999999974,418.72999999999973,4790
2026-02-12T16:15:00+00:00,418.72999999999973,418.97999999999973,415.3099999999998,415.35999999999973,6107
2026-02-12T16:30:00+00:00,415.35999999999973,417.28999999999974,414.14999999999975,415.94999999999976,7134
2026-02-12T16:45:00+00:00,415.94999999999976,416.4899999999997,414.1199999999998,414.51999999999975,6040
2026-02-12T17:00:00+00:00,414.51999999999975,415.00999999999976,413.14999999999975,413.95999999999975,4825
2026-02-12T17:15:00+00:00,413.95999999999975,415.76999999999975,413.5499999999997,414.06999999999977,4796
2026-02-12T17:30:00+00:00,414.06999999999977,416.07999999999976,413.25999999999976,414.47999999999973,3864
2026-02-12T17:45:00+00:00,414.47999999999973,414.75999999999976,410.58999999999975,410.63999999999976,4115
2026-02-12T18:00:00+00:00,410.63999999999976,412.45999999999975,410.02999999999975,411.9299999999997,4653
2026-02-12T18:15:00+00:00,411.9299999999997,413.0499999999997,410.63999999999976,412.7399999999997,3975
2026-02-12T18:30:00+00:00,412.7399999999997,413.60999999999973,411.6799999999997,413.34999999999974,4143
2026-02-12T18:45:00+00:00,413.34999999999974,413.8099999999998,411.87999999999977,412.68999999999977,3820
2026-02-12T19:00:00+00:00,412.68999999999977,412.9299999999997,410.27999999999975,410.4999999999998,3732
2026-02-12T19:15:00+00:00,410.4999999999998,412.33999999999975,410.4899999999997,410.64999999999975,3180
2026-02-12T19:30:00+00:00,410.64999999999975,412.44999999999976,410.62999999999977,411.8099999999998,3224
2026-02-12T19:45:00+00:00,411.8099999999998,412.71999999999974,410.96999999999974,411.25999999999976,3213
2026-02-12T20:00:00+00:00,411.25999999999976,412.7399999999997,410.82999999999976,411.6799999999997,3297
2026-02-12T20:15:00+00:00,411.6799999999997,412.27999999999975,410.57999999999976,410.76999999999975,3241
2026-02-12T20:30:00+00:00,410.76999999999975,412.97999999999973,410.5599999999998,412.75999999999976,3167
2026-02-12T20:45:00+00:00,412.75999999999976,413.50999999999976,410.62999999999977,412.84999999999974,4340
2026-02-13T14:30:00+00:00,412.84999999999974,413.60999999999973,406.90999999999974,409.53999999999974,8107
2026-02-13T14:45:00+00:00,409.53999999999974,412.62999999999977,408.5499999999997,409.33999999999975,7432
2026-02-13T15:00:00+00:00,409.33999999999975,412.33999999999975,408.10999999999973,410.51999999999975,8300
2026-02-13T15:15:00+00:00,410.51999999999975,412.91999999999973,409.37999999999977,412.09999999999974,7921
2026-02-13T15:30:00+00:00,412.09999999999974,414.14999999999975,409.39999999999975,409.45999999999975,5980
2026-02-13T15:45:00+00:00,409.45999999999975,412.10999999999973,408.37999999999977,411.2399999999997,5936
2026-02-13T16:00:00+00:00,411.2399999999997,413.50999999999976,410.7499999999998,413.46999999999974,4771
2026-02-13T16:15:00+00:00,413.46999999999974,414.34999999999974,411.7999999999997,413.89999999999975,5437
2026-02-13T16:30:00+00:00,413.89999999999975,415.15999999999974,412.41999999999973,414.4999999999998,4814
2026-02-13T16:45:00+00:00,414.4999999999998,415.63999999999976,413.85999999999973,415.21999999999974,3788
2026-02-13T17:00:00+00:00,415.21999999999974,416.56999999999977,415.0599999999998,416.18999999999977,3320
2026-02-13T17:15:00+00:00,416.18999999999977,416.89999999999975,415.22999999999973,416.40999999999974,3859
2026-02-13T17:30:00+00:00,416.40999999999974,417.27999999999975,416.12999999999977,416.41999999999973,3447
2026-02-13T17:45:00+00:00,416.41999999999973,416.65999999999974,415.13999999999976,415.34999999999974,3365
2026-02-13T18:00:00+00:00,415.34999999999974,416.3699999999998,414.82999999999976,415.90999999999974,3829
2026-02-13T18:15:00+00:00,415.90999999999974,417.2999999999997,415.71999999999974,416.58999999999975,3502
2026-02-13T18:30:00+00:00,416.58999999999975,419.43999999999977,416.2499999999998,419.27999999999975,4212
2026-02-13T18:45:00+00:00,419.27999999999975,420.02999999999975,417.53999999999974,417.75999999999976,4005
2026-02-13T19:00:00+00:00,417.75999999999976,418.45999999999975,417.14999999999975,417.56999999999977,3467
2026-02-13T19:15:00+00:00,417.56999999999977,418.35999999999973,416.38999999999976,416.51999999999975,3333
2026-02-13T19:30:00+00:00,416.51999999999975,417.8099999999998,416.38999999999976,416.94999999999976,3530
2026-02-13T19:45:00+00:00,416.94999999999976,417.3699999999998,415.32999999999976,415.64999999999975,3297
2026-02-13T20:00:00+00:00,415.64999999999975,416.13999999999976,414.09999999999974,414.09999999999974,3715
2026-02-13T20:15:00+00:00,414.09999999999974,415.45999999999975,413.22999999999973,413.46999999999974,4354
2026-02-13T20:30:00+00:00,413.46999999999974,414.51999999999975,413.2399999999997,413.4999999999998,4980
2026-02-13T20:45:00+00:00,413.4999999999998,414.44999999999976,412.34999999999974,413.69999999999976,4848
2026-02-17T14:30:00+00:00,413.69999999999976,413.69999999999976,403.38999999999976,405.22999999999973,8894
2026-02-17T14:45:00+00:00,405.22999999999973,406.21999999999974,398.65999999999974,399.12999999999977,10634
2026-02-17T15:00:00+00:00,399.12999999999977,400.52999999999975,397.7499999999998,398.47999999999973,10484
2026-02-17T15:15:00+00:00,398.47999999999973,401.47999999999973,396.95999999999975,397.27999999999975,10445
2026-02-17T15:30:00+00:00,397.27999999999975,398.4299999999997,396.53999999999974,398.19999999999976,10141
2026-02-17T15:45:00+00:00,398.19999999999976,400.60999999999973,398.19999999999976,400.5599999999998,9414
2026-02-17T16:00:00+00:00,400.5599999999998,404.84999999999974,400.2999999999997,404.22999999999973,8703
2026-02-17T16:15:00+00:00,404.22999999999973,405.63999999999976,403.64999999999975,404.13999999999976,8547
2026-02-17T16:30:00+00:00,404.13999999999976,404.5499999999997,402.97999999999973,403.2999999999997,7231
2026-02-17T16:45:00+00:00,403.2999999999997,404.26999999999975,402.82999999999976,403.4999999999998,6772
2026-02-17T17:00:00+00:00,403.4999999999998,403.6799999999997,401.56999999999977,401.9899999999997,6675
2026-02-17T17:15:00+00:00,401.9899999999997,402.62999999999977,400.82999999999976,402.62999999999977,7254
2026-02-17T17:30:00+00:00,402.62999999999977,402.76999999999975,400.14999999999975,400.25999999999976,6876
2026-02-17T17:45:00+00:00,400.25999999999976,401.5599999999998,399.43999999999977,401.28999999999974,6365
2026-02-17T18:00:00+00:00,401.28999999999974,402.13999999999976,400.6199999999998,401.66999999999973,5766
2026-02-17T18:15:00+00:00,401.66999999999973,406.28999999999974,401.22999999999973,405.40999999999974,4668
2026-02-17T18:30:00+00:00,405.40999999999974,408.02999999999975,404.76999999999975,407.47999999999973,2830
2026-02-17T18:45:00+00:00,407.47999999999973,408.65999999999974,406.6199999999998,408.38999999999976,2888
2026-02-17T19:00:00+00:00,408.38999999999976,408.76999999999975,407.45999999999975,408.45999999999975,2706
2026-02-17T19:15:00+00:00,408.45999999999975,409.10999999999973,407.2399999999997,407.34999999999974,2487
2026-02-17T19:30:00+00:00,407.34999999999974,408.85999999999973,407.1799999999997,408.52999999999975,2067
2026-02-17T19:45:00+00:00,408.52999999999975,408.7399999999997,406.72999999999973,406.85999999999973,1985
2026-02-17T20:00:00+00:00,406.85999999999973,407.70999999999975,405.83999999999975,406.14999999999975,1880
2026-02-17T20:15:00+00:00,406.14999999999975,406.9299999999997,405.72999999999973,406.51999999999975,1817
2026-02-17T20:30:00+00:00,406.51999999999975,407.88999999999976,405.70999999999975,407.64999999999975,2050
2026-02-17T20:45:00+00:00,407.64999999999975,407.70999999999975,405.5599999999998,406.52999999999975,2534
2026-02-18T14:30:00+00:00,406.52999999999975,409.9299999999997,405.59999999999974,407.02999999999975,3956
2026-02-18T14:45:00+00:00,407.02999999999975,409.10999999999973,406.15999999999974,408.4299999999997,3473
2026-02-18T15:00:00+00:00,408.4299999999997,411.59999999999974,408.2999999999997,411.12999999999977,3684
2026-02-18T15:15:00+00:00,411.12999999999977,411.62999999999977,408.96999999999974,409.12999999999977,2843
2026-02-18T15:30:00+00:00,409.12999999999977,410.6799999999997,407.62999999999977,409.88999999999976,2998
2026-02-18T15:45:00+00:00,409.88999999999976,411.3699999999998,408.9299999999997,411.22999999999973,2502
2026-02-18T16:00:00+00:00,411.22999999999973,412.32999999999976,410.7999999999997,411.0499999999997,2586
2026-02-18T16:15:00+00:00,411.0499999999997,411.4299999999997,410.32999999999976,410.3699999999998,2060
2026-02-18T16:30:00+00:00,410.3699999999998,411.76999999999975,410.35999999999973,410.7499999999998,1932
2026-02-18T16:45:00+00:00,410.7499999999998,411.5599999999998,409.81999999999977,409.81999999999977,1903
2026-02-18T17:00:00+00:00,409.81999999999977,412.16999999999973,409.7999999999997,411.03999999999974,2155
2026-02-18T17:15:00+00:00,411.03999999999974,411.85999999999973,410.7999999999997,411.21999999999974,1689
2026-02-18T17:30:00+00:00,411.21999999999974,411.84999999999974,411.02999999999975,411.33999999999975,1546
2026-02-18T17:45:00+00:00,411.33999999999975,412.63999999999976,411.25999999999976,412.20999999999975,1750
2026-02-18T18:00:00+00:00,412.20999999999975,412.88999999999976,410.57999999999976,410.7499999999998,1838
2026-02-18T18:15:00+00:00,410.7499999999998,410.82999999999976,409.4299999999997,409.94999999999976,1812
2026-02-18T18:30:00+00:00,409.94999999999976,410.12999999999977,408.56999999999977,409.03999999999974,1994
2026-02-18T18:45:00+00:00,409.03999999999974,409.83999999999975,408.53999999999974,409.44999999999976,1875
2026-02-18T19:00:00+00:00,409.44999999999976,410.0499999999997,409.03999999999974,409.50999999999976,1543
2026-02-18T19:15:00+00:00,409.50999999999976,409.6199999999997,408.53999999999974,408.5499999999997,1779
2026-02-18T19:30:00+00:00,408.5499999999997,408.8699999999997,406.34999999999974,406.81999999999977,2443
2026-02-18T19:45:00+00:00,406.81999999999977,407.62999999999977,405.9999999999997,406.37999999999977,2131
2026-02-18T20:00:00+00:00,406.37999999999977,407.46999999999974,406.27999999999975,406.89999999999975,1654
2026-02-18T20:15:00+00:00,406.89999999999975,407.13999999999976,406.08999999999975,406.66999999999973,1663
2026-02-18T20:30:00+00:00,406.66999999999973,407.6799999999997,406.37999999999977,407.45999999999975,1636
2026-02-18T20:45:00+00:00,407.45999999999975,408.1199999999997,406.6899999999997,407.20999999999975,2709
2026-02-19T14:30:00+00:00,407.20999999999975,407.20999999999975,400.14999999999975,402.20999999999975,9294
2026-02-19T14:45:00+00:00,402.20999999999975,405.4899999999997,400.66999999999973,404.64999999999975,7550
2026-02-19T15:00:00+00:00,404.64999999999975,406.25999999999976,404.0499999999997,405.00999999999976,6734
2026-02-19T15:15:00+00:00,405.00999999999976,406.65999999999974,404.6799999999997,404.6799999999997,6149
2026-02-19T15:30:00+00:00,404.6799999999997,407.83999999999975,404.41999999999973,406.66999999999973,5798
2026-02-19T15:45:00+00:00,406.66999999999973,408.94999999999976,405.9399999999997,408.90999999999974,5155
2026-02-19T16:00:00+00:00,408.90999999999974,409.37999999999977,407.15999999999974,409.0799999999997,4956
2026-02-19T16:15:00+00:00,409.0799999999997,410.9999999999997,408.96999999999974,409.8799999999997,4625
2026-02-19T16:30:00+00:00,409.8799999999997,410.95999999999975,409.2699999999997,409.46999999999974,4545
2026-02-19T16:45:00+00:00,409.46999999999974,409.89999999999975,408.01999999999975,408.9999999999997,4755
2026-02-19T17:00:00+00:00,408.9999999999997,410.0499999999997,408.58999999999975,409.82999999999976,4141
2026-02-19T17:15:00+00:00,409.82999999999976,411.2999999999997,409.20999999999975,409.8199999999997,4013
2026-02-19T17:30:00+00:00,409.8199999999997,409.84999999999974,408.5699999999997,408.6199999999997,3578
2026-02-19T17:45:00+00:00,408.6199999999997,408.66999999999973,405.33999999999975,405.6199999999997,4528
2026-02-19T18:00:00+00:00,405.6199999999997,406.65999999999974,404.8699999999997,406.4599999999997,3994
2026-02-19T18:15:00+00:00,406.4599999999997,406.5099999999997,404.6399999999997,405.7999999999997,4361
2026-02-19T18:30:00+00:00,405.7999999999997,406.0699999999997,404.7199999999997,405.6199999999997,3625
2026-02-19T18:45:00+00:00,405.6199999999997,406.91999999999973,405.5799999999997,406.8399999999997,3218
2026-02-19T19:00:00+00:00,406.8399999999997,407.1799999999997,405.6299999999997,405.6899999999997,3405
2026-02-19T19:15:00+00:00,405.6899999999997,406.6299999999997,405.4399999999997,405.78999999999974,2798
2026-02-19T19:30:00+00:00,405.78999999999974,406.3799999999997,404.8199999999997,404.9899999999997,3492
2026-02-19T19:45:00+00:00,404.9899999999997,406.2199999999997,404.5699999999997,406.0199999999997,3558
2026-02-19T20:00:00+00:00,406.0199999999997,407.3299999999997,405.90999999999974,407.2199999999997,3306
2026-02-19T20:15:00+00:00,407.2199999999997,407.3999999999997,405.97999999999973,405.9999999999997,3149
2026-02-19T20:30:00+00:00,405.9999999999997,407.0099999999997,405.84999999999974,406.7599999999997,3007
2026-02-19T20:45:00+00:00,406.7599999999997,407.9299999999997,406.4499999999997,407.7799999999997,2882
2026-02-20T14:30:00+00:00,407.7799999999997,407.7799999999997,401.5699999999997,406.2799999999997,7795
2026-02-20T14:45:00+00:00,406.2799999999997,406.7799999999997,403.7099999999997,404.2499999999997,6242
2026-02-20T15:00:00+00:00,404.2499999999997,409.10999999999973,402.9599999999997,404.5499999999997,6896
2026-02-20T15:15:00+00:00,404.5499999999997,407.1499999999997,403.1799999999997,405.78999999999974,8348
2026-02-20T15:30:00+00:00,405.78999999999974,407.8199999999997,404.65999999999974,407.7199999999997,8277
2026-02-20T15:45:00+00:00,407.7199999999997,409.6199999999997,407.1799999999997,409.3399999999997,6765
2026-02-20T16:00:00+00:00,409.3399999999997,410.6699999999997,408.4199999999997,408.5299999999997,6244
2026-02-20T16:15:00+00:00,408.5299999999997,408.6999999999997,405.2499999999997,405.3699999999997,6844
2026-02-20T16:30:00+00:00,405.3699999999997,407.3099999999997,405.1299999999997,406.8399999999997,6219
2026-02-20T16:45:00+00:00,406.8399999999997,407.4899999999997,406.3799999999997,406.9099999999997,4378
2026-02-20T17:00:00+00:00,406.9099999999997,407.2199999999997,404.76999999999964,404.8399999999997,4615
2026-02-20T17:15:00+00:00,404.8399999999997,404.8399999999997,401.89999999999964,403.42999999999967,6672
2026-02-20T17:30:00+00:00,403.42999999999967,404.07999999999964,402.3599999999997,403.9099999999997,5723
2026-02-20T17:45:00+00:00,403.9099999999997,405.7899999999997,403.14999999999964,405.55999999999966,5234
2026-02-20T18:00:00+00:00,405.55999999999966,406.80999999999966,405.39999999999964,406.24999999999966,5204
2026-02-20T18:15:00+00:00,406.24999999999966,406.5299999999997,404.62999999999965,405.39999999999964,5195
2026-02-20T18:30:00+00:00,405.39999999999964,408.5399999999997,404.6599999999997,408.5299999999997,6970
2026-02-20T18:45:00+00:00,408.5299999999997,409.6099999999997,407.73999999999967,409.3599999999997,5463
2026-02-20T19:00:00+00:00,409.3599999999997,409.74999999999966,407.9199999999997,408.04999999999967,4335
2026-02-20T19:15:00+00:00,408.04999999999967,408.6599999999997,406.8399999999997,407.05999999999966,3879
2026-02-20T19:30:00+00:00,407.05999999999966,407.5299999999997,406.0299999999997,406.2799999999997,3410
2026-02-20T19:45:00+00:00,406.2799999999997,406.89999999999964,405.5999999999997,405.76999999999964,3312
2026-02-20T20:00:00+00:00,405.76999999999964,407.3499999999997,405.61999999999966,406.9699999999997,3694
2026-02-20T20:15:00+00:00,406.9699999999997,407.0299999999997,405.5299999999997,405.76999999999964,3183
2026-02-20T20:30:00+00:00,405.76999999999964,407.24999999999966,405.67999999999967,407.19999999999965,3494
2026-02-20T20:45:00+00:00,407.19999999999965,408.2199999999997,407.01999999999964,407.7799999999997,3701
2026-02-23T14:30:00+00:00,407.7799999999997,407.7799999999997,398.68999999999966,398.9199999999997,6831
2026-02-23T14:45:00+00:00,398.9199999999997,400.12999999999965,398.30999999999966,398.7299999999997,6278
2026-02-23T15:00:00+00:00,398.7299999999997,400.54999999999967,397.99999999999966,400.11999999999966,5908
2026-02-23T15:15:00+00:00,400.11999999999966,400.93999999999966,398.98999999999967,399.29999999999967,5032
2026-02-23T15:30:00+00:00,399.29999999999967,400.0399999999997,398.26999999999964,398.38999999999965,4962
2026-02-23T15:45:00+00:00,398.38999999999965,398.9099999999997,396.63999999999965,396.87999999999965,4621
2026-02-23T16:00:00+00:00,396.87999999999965,397.38999999999965,393.9699999999997,394.14999999999964,5526
2026-02-23T16:15:00+00:00,394.14999999999964,394.45999999999964,392.6099999999997,393.9799999999997,5643
2026-02-23T16:30:00+00:00,393.9799999999997,395.23999999999967,393.51999999999964,394.87999999999965,4840
2026-02-23T16:45:00+00:00,394.87999999999965,394.99999999999966,393.87999999999965,394.32999999999964,4237
2026-02-23T17:00:00+00:00,394.32999999999964,394.98999999999967,393.9199999999997,394.1699999999997,3875
2026-02-23T17:15:00+00:00,394.1699999999997,394.8499999999997,393.38999999999965,393.4099999999997,3607
2026-02-23T17:30:00+00:00,393.4099999999997,393.42999999999967,390.4699999999997,391.2899999999997,4081
2026-02-23T17:45:00+00:00,391.2899999999997,391.7199999999997,390.2299999999997,390.95999999999964,4095
2026-02-23T18:00:00+00:00,390.95999999999964,392.74999999999966,390.92999999999967,392.56999999999965,3610
2026-02-23T18:15:00+00:00,392.56999999999965,392.7299999999997,391.2799999999997,392.00999999999965,3559
2026-02-23T18:30:00+00:00,392.00999999999965,392.23999999999967,391.26999999999964,392.05999999999966,3315
2026-02-23T18:45:00+00:00,392.05999999999966,392.30999999999966,390.1599999999997,390.4099999999997,3481
2026-02-23T19:00:00+00:00,390.4099999999997,391.32999999999964,390.32999999999964,390.92999999999967,3468
2026-02-23T19:15:00+00:00,390.92999999999967,391.24999999999966,390.26999999999964,390.37999999999965,3275
2026-02-23T19:30:00+00:00,390.37999999999965,390.76999999999964,390.0399999999997,390.32999999999964,3087
2026-02-23T19:45:00+00:00,390.32999999999964,392.00999999999965,390.14999999999964,391.29999999999967,3591
2026-02-23T20:00:00+00:00,391.29999999999967,391.79999999999967,390.4099999999997,390.51999999999964,3349
2026-02-23T20:15:00+00:00,390.51999999999964,391.6699999999997,390.48999999999967,391.5299999999997,2704
2026-02-23T20:30:00+00:00,391.5299999999997,392.70999999999964,391.4199999999997,392.42999999999967,2626
2026-02-23T20:45:00+00:00,392.42999999999967,395.88999999999965,391.75999999999965,395.7899999999997,4099
2026-02-24T14:30:00+00:00,395.7899999999997,398.5399999999997,393.62999999999965,398.48999999999967,6721
2026-02-24T14:45:00+00:00,398.48999999999967,399.64999999999964,397.81999999999965,398.44999999999965,6196
2026-02-24T15:00:00+00:00,398.44999999999965,399.2899999999997,397.0999999999997,398.12999999999965,6389
2026-02-24T15:15:00+00:00,398.12999999999965,403.49999999999966,397.86999999999966,403.42999999999967,6259
2026-02-24T15:30:00+00:00,403.42999999999967,403.67999999999967,402.6099999999997,403.04999999999967,6836
2026-02-24T15:45:00+00:00,403.04999999999967,403.14999999999964,400.30999999999966,400.61999999999966,6713.819738167171
2026-02-24T16:00:00+00:00,400.61999999999966,401.68999999999966,399.9099999999996,400.01999999999964,6007
2026-02-24T16:15:00+00:00,400.01999999999964,400.0999999999997,398.80999999999966,399.32999999999964,4692
2026-02-24T16:30:00+00:00,399.32999999999964,400.04999999999967,398.37999999999965,398.4199999999997,5456
2026-02-24T16:45:00+00:00,398.4199999999997,400.68999999999966,398.25999999999965,400.61999999999966,4601
2026-02-24T17:00:00+00:00,400.61999999999966,401.6599999999996,400.07999999999964,400.9199999999997,4186
2026-02-24T17:15:00+00:00,400.9199999999997,401.07999999999964,399.8599999999997,400.04999999999967,3286
2026-02-24T17:30:00+00:00,400.04999999999967,401.1599999999996,399.8499999999997,400.26999999999964,3280
2026-02-24T17:45:00+00:00,400.26999999999964,400.88999999999965,399.70999999999964,400.73999999999967,3131
2026-02-24T18:00:00+00:00,400.73999999999967,402.01999999999964,400.6699999999997,401.68999999999966,3112
2026-02-24T18:15:00+00:00,401.68999999999966,401.73999999999967,401.11999999999966,401.29999999999967,3286
2026-02-24T18:30:00+00:00,401.29999999999967,402.31999999999965,401.2299999999997,401.30999999999966,3225
2026-02-24T18:45:00+00:00,401.30999999999966,402.79999999999967,401.1699999999997,402.6099999999997,3355
2026-02-24T19:00:00+00:00,402.6099999999997,405.4199999999997,402.49999999999966,404.76999999999964,4846
2026-02-24T19:15:00+00:00,404.76999999999964,405.52999999999963,404.06999999999965,404.6599999999996,4265
2026-02-24T19:30:00+00:00,404.6599999999996,405.21999999999963,403.9099999999996,404.86999999999966,3561
2026-02-24T19:45:00+00:00,404.86999999999966,405.50999999999965,404.37999999999965,404.69999999999965,3420
2026-02-24T20:00:00+00:00,404.69999999999965,405.1599999999996,404.02999999999963,404.42999999999967,3256
2026-02-24T20:15:00+00:00,404.42999999999967,406.39999999999964,404.1699999999997,404.7299999999997,3302
2026-02-24T20:30:00+00:00,404.7299999999997,406.42999999999967,404.67999999999967,406.29999999999967,3666
2026-02-24T20:45:00+00:00,406.29999999999967,406.80999999999966,404.7899999999997,405.39999999999964,4574
2026-02-25T14:30:00+00:00,405.39999999999964,416.29999999999967,405.39999999999964,412.92999999999967,8770
2026-02-25T14:45:00+00:00,412.92999999999967,414.05999999999966,411.14999999999964,411.76999999999964,6720
2026-02-25T15:00:00+00:00,411.76999999999964,412.32999999999964,409.57999999999964,410.61999999999966,6239
2026-02-25T15:15:00+00:00,410.61999999999966,410.8599999999997,409.55999999999966,410.81999999999965,4963
2026-02-25T15:30:00+00:00,410.81999999999965,411.30999999999966,409.89999999999964,411.25999999999965,6505
2026-02-25T15:45:00+00:00,411.25999999999965,411.77999999999963,410.4199999999997,411.42999999999967,6050
2026-02-25T16:00:00+00:00,411.42999999999967,411.6699999999997,410.42999999999967,410.54999999999967,5336
2026-02-25T16:15:00+00:00,410.54999999999967,410.55999999999966,409.43999999999966,410.0399999999996,4702
2026-02-25T16:30:00+00:00,410.0399999999996,410.7299999999996,409.52999999999963,409.73999999999967,4488
2026-02-25T16:45:00+00:00,409.73999999999967,410.54999999999967,409.1699999999997,410.5399999999997,4265
2026-02-25T17:00:00+00:00,410.5399999999997,412.9099999999996,410.51999999999964,412.52999999999963,4624
2026-02-25T17:15:00+00:00,412.52999999999963,412.5399999999997,410.02999999999963,410.06999999999965,4229
2026-02-25T17:30:00+00:00,410.06999999999965,410.68999999999966,409.80999999999966,410.58999999999963,3647
2026-02-25T17:45:00+00:00,410.58999999999963,411.25999999999965,410.56999999999965,411.13999999999965,3358
2026-02-25T18:00:00+00:00,411.13999999999965,411.2299999999997,410.21999999999963,410.86999999999966,3197
2026-02-25T18:15:00+00:00,410.86999999999966,411.29999999999967,410.4199999999997,411.13999999999965,2823
2026-02-25T18:30:00+00:00,411.13999999999965,412.33999999999963,410.82999999999964,412.17999999999967,2941
2026-02-25T18:45:00+00:00,412.17999999999967,412.33999999999963,411.63999999999965,411.71999999999963,2911
2026-02-25T19:00:00+00:00,411.71999999999963,412.4199999999997,411.70999999999964,412.33999999999963,2783
2026-02-25T19:15:00+00:00,412.33999999999963,412.5399999999997,411.6099999999997,411.92999999999967,2851
2026-02-25T19:30:00+00:00,411.92999999999967,412.31999999999965,411.46999999999963,411.9199999999997,2888
2026-02-25T19:45:00+00:00,411.9199999999997,412.20999999999964,411.6099999999997,411.94999999999965,2475
2026-02-25T20:00:00+00:00,411.94999999999965,412.57999999999964,411.83999999999963,412.1099999999997,2854
2026-02-25T20:15:00+00:00,412.1099999999997,412.21999999999963,411.45999999999964,411.68999999999966,2996
2026-02-25T20:30:00+00:00,411.68999999999966,411.8599999999997,410.8599999999997,411.45999999999964,3886
2026-02-25T20:45:00+00:00,411.45999999999964,413.62999999999965,411.31999999999965,413.37999999999965,4727
2026-02-26T14:30:00+00:00,413.37999999999965,413.37999999999965,406.1099999999997,408.12999999999965,6417
2026-02-26T14:45:00+00:00,408.12999999999965,409.55999999999966,406.75999999999965,409.00999999999965,7069
2026-02-26T15:00:00+00:00,409.00999999999965,409.87999999999965,407.12999999999965,407.24999999999966,6607
2026-02-26T15:15:00+00:00,407.24999999999966,407.24999999999966,402.45999999999964,403.82999999999964,9322
2026-02-26T15:30:00+00:00,403.82999999999964,404.80999999999966,400.82999999999964,404.42999999999967,8571
2026-02-26T15:45:00+00:00,404.42999999999967,405.94999999999965,404.06999999999965,405.20999999999964,8222
2026-02-26T16:00:00+00:00,405.20999999999964,405.93999999999966,404.3499999999996,405.63999999999965,7244
2026-02-26T16:15:00+00:00,405.63999999999965,406.1599999999996,404.70999999999964,404.9799999999996,6292
2026-02-26T16:30:00+00:00,404.9799999999996,405.9899999999996,402.4299999999996,402.58999999999963,6390
2026-02-26T16:45:00+00:00,402.58999999999963,402.64999999999964,400.1199999999996,400.4099999999996,6561
2026-02-26T17:00:00+00:00,400.4099999999996,402.0499999999996,400.3799999999996,400.58999999999963,5836
2026-02-26T17:15:00+00:00,400.58999999999963,401.57999999999964,400.4199999999996,401.02999999999963,5096
2026-02-26T17:30:00+00:00,401.02999999999963,402.3099999999996,400.1799999999996,400.2499999999996,4917
2026-02-26T17:45:00+00:00,400.2499999999996,400.8199999999996,399.51999999999964,400.38999999999965,4851
2026-02-26T18:00:00+00:00,400.38999999999965,401.08999999999963,399.95999999999964,400.5599999999996,4564
2026-02-26T18:15:00+00:00,400.5599999999996,401.44999999999965,400.01999999999964,401.0999999999997,4339
2026-02-26T18:30:00+00:00,401.0999999999997,403.37999999999965,400.88999999999965,403.17999999999967,5501
2026-02-26T18:45:00+00:00,403.17999999999967,403.7799999999997,402.75999999999965,403.2499999999996,5170.259728115272
2026-02-26T19:00:00+00:00,403.2499999999996,405.16999999999956,403.03999999999957,405.11999999999955,4836.396919580777
2026-02-26T19:15:00+00:00,405.11999999999955,405.82999999999953,404.5299999999995,404.7499999999995,5187.322894786357
2026-02-26T19:30:00+00:00,404.7499999999995,404.95999999999947,404.28999999999945,404.5399999999995,4134.965517037455
2026-02-26T19:45:00+00:00,404.5399999999995,405.1899999999995,403.5899999999995,403.69999999999953,3944.146951664795
2026-02-26T20:00:00+00:00,403.69999999999953,405.03999999999957,403.55999999999966,403.57999999999964,5079.034980424683
2026-02-26T20:15:00+00:00,403.57999999999964,404.5299999999997,403.30999999999966,403.8299999999997,3825.6321256534106
2026-02-26T20:30:00+00:00,403.8299999999997,405.06999999999965,403.7699999999997,405.0099999999997,4356
2026-02-26T20:45:00+00:00,405.0099999999997,405.3499999999997,404.1699999999997,404.6599999999997,4415
2026-02-27T14:30:00+00:00,404.6599999999997,404.6599999999997,396.89999999999964,398.7799999999997,7723
2026-02-27T14:45:00+00:00,398.7799999999997,400.38999999999965,398.32999999999964,399.24999999999966,7010
2026-02-27T15:00:00+00:00,399.24999999999966,401.7899999999997,398.92999999999967,400.8599999999997,7092
2026-02-27T15:15:00+00:00,400.8599999999997,403.0899999999997,400.18999999999966,402.79999999999967,6584
2026-02-27T15:30:00+00:00,402.79999999999967,402.87999999999965,400.81999999999965,401.20999999999964,6053
2026-02-27T15:45:00+00:00,401.20999999999964,401.73999999999967,398.7899999999997,399.23999999999967,6578.074294205052
2026-02-27T16:00:00+00:00,399.23999999999967,399.89999999999964,397.89999999999964,399.06999999999965,6930
2026-02-27T16:15:00+00:00,399.06999999999965,399.55999999999966,398.02999999999963,398.2899999999996,6010
2026-02-27T16:30:00+00:00,398.2899999999996,399.58999999999963,397.21999999999963,397.27999999999963,5663
2026-02-27T16:45:00+00:00,397.27999999999963,398.6699999999997,396.89999999999964,398.0999999999996,6129
2026-02-27T17:00:00+00:00,398.0999999999996,399.13999999999965,397.13999999999965,397.4799999999996,5489
2026-02-27T17:15:00+00:00,397.4799999999996,397.61999999999966,395.1099999999997,396.93999999999966,6215
2026-02-27T17:30:00+00:00,396.93999999999966,397.61999999999966,395.43999999999966,396.01999999999964,5993
2026-02-27T17:45:00+00:00,396.01999999999964,396.1099999999997,395.39999999999964,395.64999999999964,6017
2026-02-27T18:00:00+00:00,395.64999999999964,396.51999999999964,395.37999999999965,396.38999999999965,5223
2026-02-27T18:15:00+00:00,396.38999999999965,396.50999999999965,394.6099999999997,395.77999999999963,4983
2026-02-27T18:30:00+00:00,395.77999999999963,396.23999999999967,395.4799999999996,395.67999999999967,5147
2026-02-27T18:45:00+00:00,395.67999999999967,395.80999999999966,394.18999999999966,394.55999999999966,4944
2026-02-27T19:00:00+00:00,394.55999999999966,396.45999999999964,394.46999999999963,395.98999999999967,4963
2026-02-27T19:15:00+00:00,395.98999999999967,396.1599999999996,395.44999999999965,395.79999999999967,4219
2026-02-27T19:30:00+00:00,395.79999999999967,396.14999999999964,395.20999999999964,395.30999999999966,4390
2026-02-27T19:45:00+00:00,395.30999999999966,395.68999999999966,394.82999999999964,394.93999999999966,4764
2026-02-27T20:00:00+00:00,394.93999999999966,396.63999999999965,394.80999999999966,396.57999999999964,5031
2026-02-27T20:15:00+00:00,396.57999999999964,397.08999999999963,396.08999999999963,396.23999999999967,5202
2026-02-27T20:30:00+00:00,396.23999999999967,396.57999999999964,395.33999999999963,395.56999999999965,6196
2026-02-27T20:45:00+00:00,395.56999999999965,399.26999999999964,395.42999999999967,398.5399999999996,6121
2026-03-02T14:30:00+00:00,398.5399999999996,405.02999999999963,396.4799999999996,404.7399999999996,9158
2026-03-02T14:45:00+00:00,404.7399999999996,406.4899999999996,403.6299999999996,404.1599999999996,9041
2026-03-02T15:00:00+00:00,404.1599999999996,406.4299999999996,403.25999999999965,405.8799999999996,8017
2026-03-02T15:15:00+00:00,405.8799999999996,407.3699999999996,405.2299999999996,406.8499999999996,8385
2026-03-02T15:30:00+00:00,406.8499999999996,409.14999999999964,405.94999999999965,408.9999999999996,7761
2026-03-02T15:45:00+00:00,408.9999999999996,410.8099999999996,408.83999999999963,410.20999999999964,6738
2026-03-02T16:00:00+00:00,410.20999999999964,411.9299999999996,409.33999999999963,410.8499999999996,6298
2026-03-02T16:15:00+00:00,410.8499999999996,411.25999999999965,408.2999999999996,408.33999999999963,6073
2026-03-02T16:30:00+00:00,408.33999999999963,412.01999999999964,407.96999999999963,411.77999999999963,6730
2026-03-02T16:45:00+00:00,411.77999999999963,412.71999999999963,411.27999999999963,411.32999999999964,5719
2026-03-02T17:00:00+00:00,411.32999999999964,412.08999999999963,410.9199999999996,411.51999999999964,4961
2026-03-02T17:15:00+00:00,411.51999999999964,412.1199999999996,410.6099999999996,410.70999999999964,4484
2026-03-02T17:30:00+00:00,410.70999999999964,411.3599999999996,409.20999999999964,409.6199999999996,4876
2026-03-02T17:45:00+00:00,409.6199999999996,410.52999999999963,409.4299999999996,410.0999999999996,3973
2026-03-02T18:00:00+00:00,410.0999999999996,410.5999999999996,409.2999999999996,410.57999999999964,3837
2026-03-02T18:15:00+00:00,410.57999999999964,410.7999999999996,409.3099999999996,409.96999999999963,3744
2026-03-02T18:30:00+00:00,409.96999999999963,410.06999999999965,408.4799999999996,409.46999999999963,4325
2026-03-02T18:45:00+00:00,409.46999999999963,409.7299999999996,408.44999999999965,408.44999999999965,4308
2026-03-02T19:00:00+00:00,408.44999999999965,410.01999999999964,408.32999999999964,409.76999999999964,4768
2026-03-02T19:15:00+00:00,409.76999999999964,411.0999999999996,409.75999999999965,410.8699999999996,4543
2026-03-02T19:30:00+00:00,410.8699999999996,411.00999999999965,410.27999999999963,410.45999999999964,3838
2026-03-02T19:45:00+00:00,410.45999999999964,410.9999999999996,410.26999999999964,410.63999999999965,3369
2026-03-02T20:00:00+00:00,410.63999999999965,410.89999999999964,407.50999999999965,407.50999999999965,6336
2026-03-02T20:15:00+00:00,407.50999999999965,409.45999999999964,407.19999999999965,407.7999999999996,7104
2026-03-02T20:30:00+00:00,407.7999999999996,409.02999999999963,407.7499999999996,409.00999999999965,6119
2026-03-02T20:45:00+00:00,409.00999999999965,411.57999999999964,408.7999999999996,411.25999999999965,6337
2026-03-03T14:30:00+00:00,411.25999999999965,411.25999999999965,399.75999999999965,400.1899999999996,11481
2026-03-03T14:45:00+00:00,400.1899999999996,401.64999999999964,397.8599999999996,398.7999999999996,11681
2026-03-03T15:00:00+00:00,398.7999999999996,400.7399999999996,398.7499999999996,399.3499999999996,11747
2026-03-03T15:15:00+00:00,399.3499999999996,399.69999999999965,394.7899999999996,394.9099999999996,11261
2026-03-03T15:30:00+00:00,394.9099999999996,396.6899999999996,393.63999999999965,394.50999999999965,11627
2026-03-03T15:45:00+00:00,394.50999999999965,396.13999999999965,393.8799999999996,395.76999999999964,10325
2026-03-03T16:00:00+00:00,395.76999999999964,399.9999999999996,395.4799999999996,399.8599999999996,10135
2026-03-03T16:15:00+00:00,399.8599999999996,401.7499999999996,399.1299999999996,400.75999999999965,9187
2026-03-03T16:30:00+00:00,400.75999999999965,400.75999999999965,398.6899999999996,399.7899999999996,9049
2026-03-03T16:45:00+00:00,399.7899999999996,401.7499999999996,399.6599999999996,400.02999999999963,8029
2026-03-03T17:00:00+00:00,400.02999999999963,400.7499999999996,398.08999999999963,398.7899999999996,7953
2026-03-03T17:15:00+00:00,398.7899999999996,400.81999999999965,398.4999999999996,400.26999999999964,7201
2026-03-03T17:30:00+00:00,400.26999999999964,400.2899999999996,397.25999999999965,400.01999999999964,7824
2026-03-03T17:45:00+00:00,400.01999999999964,400.57999999999964,398.82999999999964,399.2299999999996,7451
2026-03-03T18:00:00+00:00,399.2299999999996,400.9299999999996,399.21999999999963,400.1299999999996,6890
2026-03-03T18:15:00+00:00,400.1299999999996,402.1199999999996,399.8099999999996,401.51999999999964,6603
2026-03-03T18:30:00+00:00,401.51999999999964,402.94999999999965,401.2399999999996,402.1599999999996,7125
2026-03-03T18:45:00+00:00,402.1599999999996,402.6299999999996,400.82999999999964,401.0499999999996,6643
2026-03-03T19:00:00+00:00,401.0499999999996,401.3499999999996,399.2399999999996,399.94999999999965,6802
2026-03-03T19:15:00+00:00,399.94999999999965,400.9299999999996,399.52999999999963,399.8499999999996,6881
2026-03-03T19:30:00+00:00,399.8499999999996,402.4899999999996,399.45999999999964,402.44999999999965,8005
2026-03-03T19:45:00+00:00,402.44999999999965,402.9099999999996,400.88999999999965,401.7499999999996,7490
2026-03-03T20:00:00+00:00,401.7499999999996,402.6599999999996,400.56999999999965,400.5999999999996,7267
2026-03-03T20:15:00+00:00,400.5999999999996,400.96999999999963,399.8499999999996,400.77999999999963,7600
2026-03-03T20:30:00+00:00,400.77999999999963,401.46999999999963,400.00999999999965,400.4999999999996,7834
2026-03-03T20:45:00+00:00,400.4999999999996,401.5399999999996,399.9099999999996,400.56999999999965,6519
2026-03-04T14:30:00+00:00,400.56999999999965,411.6199999999996,400.56999999999965,408.0999999999996,11314
2026-03-04T14:45:00+00:00,408.0999999999996,408.94999999999965,404.9299999999996,406.1899999999996,10036
2026-03-04T15:00:00+00:00,406.1899999999996,410.46999999999963,406.1899999999996,410.46999999999963,10166
2026-03-04T15:15:00+00:00,410.46999999999963,416.06999999999965,410.3499999999996,415.8699999999996,9963
2026-03-04T15:30:00+00:00,415.8699999999996,415.94999999999965,413.5999999999996,413.5999999999996,8795
2026-03-04T15:45:00+00:00,413.5999999999996,414.0399999999996,411.7499999999996,413.3499999999996,8165
2026-03-04T16:00:00+00:00,413.3499999999996,413.9099999999996,409.8499999999996,410.02999999999963,7735
2026-03-04T16:15:00+00:00,410.02999999999963,412.51999999999964,409.64999999999964,412.4099999999996,7837
2026-03-04T16:30:00+00:00,412.4099999999996,414.71999999999963,412.0999999999996,414.1799999999996,7196
2026-03-04T16:45:00+00:00,414.1799999999996,415.1799999999996,414.08999999999963,414.7299999999996,6063
2026-03-04T17:00:00+00:00,414.7299999999996,415.3799999999996,414.08999999999963,414.31999999999965,5438
2026-03-04T17:15:00+00:00,414.31999999999965,414.64999999999964,412.83999999999963,413.0399999999996,6013
2026-03-04T17:30:00+00:00,413.0399999999996,413.25999999999965,412.4099999999996,413.0499999999996,5891
2026-03-04T17:45:00+00:00,413.0499999999996,413.19999999999965,411.6099999999996,412.38999999999965,5148
2026-03-04T18:00:00+00:00,412.38999999999965,412.69999999999965,411.82999999999964,412.2899999999996,4807
2026-03-04T18:15:00+00:00,412.2899999999996,412.63999999999965,411.50999999999965,411.9999999999996,4986
2026-03-04T18:30:00+00:00,411.9999999999996,413.70999999999964,411.8699999999996,413.1899999999996,5117
2026-03-04T18:45:00+00:00,413.1899999999996,414.3499999999996,412.83999999999963,414.3499999999996,4510
2026-03-04T19:00:00+00:00,414.3499999999996,414.9199999999996,413.7499999999996,414.44999999999965,4203
2026-03-04T19:15:00+00:00,414.44999999999965,415.0599999999996,414.25999999999965,414.5399999999996,4395
2026-03-04T19:30:00+00:00,414.5399999999996,414.77999999999963,413.27999999999963,413.45999999999964,4194
2026-03-04T19:45:00+00:00,413.45999999999964,413.89999999999964,413.08999999999963,413.6299999999996,4121
2026-03-04T20:00:00+00:00,413.6299999999996,414.88999999999965,413.5999999999996,414.2999999999996,5048
2026-03-04T20:15:00+00:00,414.2999999999996,415.58999999999963,414.1599999999996,415.2299999999996,5323
2026-03-04T20:30:00+00:00,415.2299999999996,416.45999999999964,414.77999999999963,416.33999999999963,5939
2026-03-04T20:45:00+00:00,416.33999999999963,416.5599999999996,412.9799999999996,414.00999999999965,6368
2026-03-05T14:30:00+00:00,414.00999999999965,414.00999999999965,408.4799999999996,412.71999999999963,7492
2026-03-05T14:45:00+00:00,412.71999999999963,415.25999999999965,411.81999999999965,414.75999999999965,9014
2026-03-05T15:00:00+00:00,414.75999999999965,415.5499999999996,413.2399999999996,414.46999999999963,8989
2026-03-05T15:15:00+00:00,414.46999999999963,414.8799999999996,411.38999999999965,411.8499999999996,8376
2026-03-05T15:30:00+00:00,411.8499999999996,413.8499999999996,410.00999999999965,412.9999999999996,8230
2026-03-05T15:45:00+00:00,412.9999999999996,414.96999999999963,412.88999999999965,414.1599999999996,7800
2026-03-05T16:00:00+00:00,414.1599999999996,414.94999999999965,412.9399999999996,413.6299999999996,6573
2026-03-05T16:15:00+00:00,413.6299999999996,415.2399999999996,412.4099999999996,413.6599999999996,7152
2026-03-05T16:30:00+00:00,413.6599999999996,415.38999999999965,413.2299999999996,414.19999999999965,6827
2026-03-05T16:45:00+00:00,414.19999999999965,415.6599999999996,413.39999999999964,415.1599999999996,6386
2026-03-05T17:00:00+00:00,415.1599999999996,416.8099999999996,413.5599999999996,413.9099999999996,6291
2026-03-05T17:15:00+00:00,413.9099999999996,413.9899999999996,411.2999999999996,411.2999999999996,6389
2026-03-05T17:30:00+00:00,411.2999999999996,411.57999999999964,409.45999999999964,410.56999999999965,7545
2026-03-05T17:45:00+00:00,410.56999999999965,411.1199999999996,408.9799999999996,409.32999999999964,6833
2026-03-05T18:00:00+00:00,409.32999999999964,411.1699999999996,409.06999999999965,410.8799999999996,6961
2026-03-05T18:15:00+00:00,410.8799999999996,411.1199999999996,407.6599999999996,408.02999999999963,5777
2026-03-05T18:30:00+00:00,408.02999999999963,409.8099999999996,407.7299999999996,409.7299999999996,6836
2026-03-05T18:45:00+00:00,409.7299999999996,409.82999999999964,408.39999999999964,409.52999999999963,5819
2026-03-05T19:00:00+00:00,409.52999999999963,410.4099999999996,409.3599999999996,410.2999999999996,5898
2026-03-05T19:15:00+00:00,410.2999999999996,410.9899999999996,408.7399999999996,409.9299999999996,5477
2026-03-05T19:30:00+00:00,409.9299999999996,409.9299999999996,407.9899999999996,408.9999999999996,5799
2026-03-05T19:45:00+00:00,408.9999999999996,410.0999999999996,408.13999999999965,408.6799999999996,5959
2026-03-05T20:00:00+00:00,408.6799999999996,411.0499999999996,408.51999999999964,410.5499999999996,7492
2026-03-05T20:15:00+00:00,410.5499999999996,412.57999999999964,410.0499999999996,411.00999999999965,6678
2026-03-05T20:30:00+00:00,411.00999999999965,412.69999999999965,410.8099999999996,411.9799999999996,6324
2026-03-05T20:45:00+00:00,411.9799999999996,414.06999999999965,411.33999999999963,413.4899999999996,5846
2026-03-06T14:30:00+00:00,413.4899999999996,413.4899999999996,402.7399999999996,403.5599999999996,12531
2026-03-06T14:45:00+00:00,403.5599999999996,405.06999999999965,402.46999999999963,404.0399999999996,13646
2026-03-06T15:00:00+00:00,404.0399999999996,406.5499999999996,404.02999999999963,406.2299999999996,14000
2026-03-06T15:15:00+00:00,406.2299999999996,406.71999999999963,404.82999999999964,405.4799999999996,12981
2026-03-06T15:30:00+00:00,405.4799999999996,407.1899999999996,404.8799999999996,405.21999999999963,11578
2026-03-06T15:45:00+00:00,405.21999999999963,407.27999999999963,403.6299999999996,406.56999999999965,11819
2026-03-06T16:00:00+00:00,406.56999999999965,407.5999999999996,405.89999999999964,406.5999999999996,11119
2026-03-06T16:15:00+00:00,406.5999999999996,408.1699999999996,406.25999999999965,407.7999999999996,9923
2026-03-06T16:30:00+00:00,407.7999999999996,408.64999999999964,405.94999999999965,408.50999999999965,9838
2026-03-06T16:45:00+00:00,408.50999999999965,409.6299999999996,407.8599999999996,407.95999999999964,9816
2026-03-06T17:00:00+00:00,407.95999999999964,408.25999999999965,406.3499999999996,407.0499999999996,7986
2026-03-06T17:15:00+00:00,407.0499999999996,408.26999999999964,406.63999999999965,407.0999999999996,8774
2026-03-06T17:30:00+00:00,407.0999999999996,407.2899999999996,405.39999999999964,406.33999999999963,7838
2026-03-06T17:45:00+00:00,406.33999999999963,407.3099999999996,405.88999999999965,406.4899999999996,8028
2026-03-06T18:00:00+00:00,406.4899999999996,409.3499999999996,406.1699999999996,409.2299999999996,8430
2026-03-06T18:15:00+00:00,409.2299999999996,410.5599999999996,408.96999999999963,409.3499999999996,9147
2026-03-06T18:30:00+00:00,409.3499999999996,409.96999999999963,408.3499999999996,408.4899999999996,6715
2026-03-06T18:45:00+00:00,408.4899999999996,408.5499999999996,406.5399999999996,406.70999999999964,7744
2026-03-06T19:00:00+00:00,406.70999999999964,407.6099999999996,406.52999999999963,407.3699999999996,7885
2026-03-06T19:15:00+00:00,407.3699999999996,407.75999999999965,406.6799999999996,407.5399999999996,8079
2026-03-06T19:30:00+00:00,407.5399999999996,408.0599999999996,406.7399999999996,407.1299999999996,7445
2026-03-06T19:45:00+00:00,407.1299999999996,408.44999999999965,406.7899999999996,408.25999999999965,7133
2026-03-06T20:00:00+00:00,408.25999999999965,409.00999999999965,406.5499999999996,406.77999999999963,8213
2026-03-06T20:15:00+00:00,406.77999999999963,407.32999999999964,404.7299999999996,404.94999999999965,8991
2026-03-06T20:30:00+00:00,404.94999999999965,406.38999999999965,404.4399999999996,405.88999999999965,10598
2026-03-06T20:45:00+00:00,405.88999999999965,406.25999999999965,404.7299999999996,405.0599999999996,7720
2026-03-09T13:30:00+00:00,405.0599999999996,405.0599999999996,394.63999999999965,395.3599999999996,8547
2026-03-09T13:45:00+00:00,395.3599999999996,395.3599999999996,391.26999999999964,392.81999999999965,11111
2026-03-09T14:00:00+00:00,392.81999999999965,394.3499999999996,389.63999999999965,391.4999999999996,11561
2026-03-09T14:15:00+00:00,391.4999999999996,393.33999999999963,390.6599999999996,391.6899999999996,11871
2026-03-09T14:30:00+00:00,391.6899999999996,393.96999999999963,391.6899999999996,393.8099999999996,10217
2026-03-09T14:45:00+00:00,393.8099999999996,394.57999999999964,393.3599999999996,393.8799999999996,9579
2026-03-09T15:00:00+00:00,393.8799999999996,395.56999999999965,393.8599999999996,395.21999999999963,8098
2026-03-09T15:15:00+00:00,395.21999999999963,396.71999999999963,394.76999999999964,396.44999999999965,7641
2026-03-09T15:30:00+00:00,396.44999999999965,396.6899999999996,395.39999999999964,395.70999999999964,7649
2026-03-09T15:45:00+00:00,395.70999999999964,398.13999999999965,395.5499999999996,397.7899999999996,7277
2026-03-09T16:00:00+00:00,397.7899999999996,398.21999999999963,396.76999999999964,397.3099999999996,6755
2026-03-09T16:15:00+00:00,397.3099999999996,399.07999999999964,396.4299999999996,398.31999999999965,7070
2026-03-09T16:30:00+00:00,398.31999999999965,399.0599999999996,397.44999999999965,398.82999999999964,6852
2026-03-09T16:45:00+00:00,398.82999999999964,399.19999999999965,398.06999999999965,398.26999999999964,5858
2026-03-09T17:00:00+00:00,398.26999999999964,398.82999999999964,397.52999999999963,398.3699999999996,6510
2026-03-09T17:15:00+00:00,398.3699999999996,398.4399999999996,396.89999999999964,397.1799999999996,6274
2026-03-09T17:30:00+00:00,397.1799999999996,398.08999999999963,396.7399999999996,397.1899999999996,6780
2026-03-09T17:45:00+00:00,397.1899999999996,398.3699999999996,397.1599999999996,398.26999999999964,6169
2026-03-09T18:00:00+00:00,398.26999999999964,399.0999999999996,397.8799999999996,399.00999999999965,6337
2026-03-09T18:15:00+00:00,399.00999999999965,399.9799999999996,398.5999999999996,399.52999999999963,6344
2026-03-09T18:30:00+00:00,399.52999999999963,401.26999999999964,399.27999999999963,400.6699999999996,6094
2026-03-09T18:45:00+00:00,400.6699999999996,401.9299999999996,400.4799999999996,400.58999999999963,5833
2026-03-09T19:00:00+00:00,400.58999999999963,400.95999999999964,399.9299999999996,400.56999999999965,6095
2026-03-09T19:15:00+00:00,400.56999999999965,408.8799999999996,400.33999999999963,408.7299999999996,6816
2026-03-09T19:30:00+00:00,408.7299999999996,409.77999999999963,406.8099999999996,407.6699999999996,7553
2026-03-09T19:45:00+00:00,407.6699999999996,407.8699999999996,405.4799999999996,406.69999999999965,4582
2026-03-10T13:30:00+00:00,406.69999999999965,413.69999999999965,406.69999999999965,411.8599999999996,5267
2026-03-10T13:45:00+00:00,411.8599999999996,414.71999999999963,409.88999999999965,414.07999999999964,7346
2026-03-10T14:00:00+00:00,414.07999999999964,414.26999999999964,410.2899999999996,410.89999999999964,8111
2026-03-10T14:15:00+00:00,410.89999999999964,412.0999999999996,409.1199999999996,409.39999999999964,7677
2026-03-10T14:30:00+00:00,409.39999999999964,410.4399999999996,409.06999999999965,409.7999999999996,7013
2026-03-10T14:45:00+00:00,409.7999999999996,413.1099999999996,409.7999999999996,412.96999999999963,6786
2026-03-10T15:00:00+00:00,412.96999999999963,414.3099999999996,411.6199999999996,411.70999999999964,7121
2026-03-10T15:15:00+00:00,411.70999999999964,412.9899999999996,411.6599999999996,411.76999999999964,5974
2026-03-10T15:30:00+00:00,411.76999999999964,412.01999999999964,410.1299999999996,410.8499999999996,6468
2026-03-10T15:45:00+00:00,410.8499999999996,411.27999999999963,410.06999999999965,410.8699999999996,5795
2026-03-10T16:00:00+00:00,410.8699999999996,410.8799999999996,409.1599999999996,409.58999999999963,6167
2026-03-10T16:15:00+00:00,409.58999999999963,411.5999999999996,409.4999999999996,410.83999999999963,5735
2026-03-10T16:30:00+00:00,410.83999999999963,411.8099999999996,410.27999999999963,411.7399999999996,4964
2026-03-10T16:45:00+00:00,411.7399999999996,411.9799999999996,410.3099999999996,411.69999999999965,5372
2026-03-10T17:00:00+00:00,411.69999999999965,412.4099999999996,410.58999999999963,410.76999999999964,5717
2026-03-10T17:15:00+00:00,410.76999999999964,412.20999999999964,410.6599999999996,411.56999999999965,5261
2026-03-10T17:30:00+00:00,411.56999999999965,411.56999999999965,409.32999999999964,409.8099999999996,6911
2026-03-10T17:45:00+00:00,409.8099999999996,411.4899999999996,409.77999999999963,410.2899999999996,5732
2026-03-10T18:00:00+00:00,410.2899999999996,410.5399999999996,406.52999999999963,406.58999999999963,5898
2026-03-10T18:15:00+00:00,406.58999999999963,409.38999999999965,406.39999999999964,408.7499999999996,5455
2026-03-10T18:30:00+00:00,408.7499999999996,409.4399999999996,407.5599999999996,408.58999999999963,7088
2026-03-10T18:45:00+00:00,408.58999999999963,410.01999999999964,408.2299999999996,408.75999999999965,6449
2026-03-10T19:00:00+00:00,408.75999999999965,409.2899999999996,408.2499999999996,409.1299999999996,6090
2026-03-10T19:15:00+00:00,409.1299999999996,410.13999999999965,407.88999999999965,408.0999999999996,6647
2026-03-10T19:30:00+00:00,408.0999999999996,408.9199999999996,407.00999999999965,408.1699999999996,7645
2026-03-10T19:45:00+00:00,408.1699999999996,408.3099999999996,406.50999999999965,407.51999999999964,5571
2026-03-11T13:30:00+00:00,407.51999999999964,416.81999999999965,407.51999999999964,414.6599999999997,6359
2026-03-11T13:45:00+00:00,414.6599999999997,418.37999999999965,414.13999999999965,418.2199999999997,6898
2026-03-11T14:00:00+00:00,418.2199999999997,422.2299999999997,416.99999999999966,418.25999999999965,7937
2026-03-11T14:15:00+00:00,418.25999999999965,419.1099999999997,416.83999999999963,417.82999999999964,6924
2026-03-11T14:30:00+00:00,417.82999999999964,418.51999999999964,416.3499999999997,417.55999999999966,7932
2026-03-11T14:45:00+00:00,417.55999999999966,417.8599999999997,415.43999999999966,416.39999999999964,7314
2026-03-11T15:00:00+00:00,416.39999999999964,417.44999999999965,414.94999999999965,415.6599999999997,7337
2026-03-11T15:15:00+00:00,415.6599999999997,417.0999999999997,414.89999999999964,414.89999999999964,7025
2026-03-11T15:30:00+00:00,414.89999999999964,414.98999999999967,412.8599999999997,412.9699999999997,7114
2026-03-11T15:45:00+00:00,412.9699999999997,414.1599999999997,412.25999999999965,412.73999999999967,6813
2026-03-11T16:00:00+00:00,412.73999999999967,413.12999999999965,412.17999999999967,412.7799999999997,6333
2026-03-11T16:15:00+00:00,412.7799999999997,413.4699999999997,412.3599999999997,413.3499999999997,5854
2026-03-11T16:30:00+00:00,413.3499999999997,414.55999999999966,413.12999999999965,413.2299999999997,6357
2026-03-11T16:45:00+00:00,413.2299999999997,413.70999999999964,412.7199999999997,413.19999999999965,4917
2026-03-11T17:00:00+00:00,413.19999999999965,413.49999999999966,412.1699999999997,412.4099999999997,4588
2026-03-11T17:15:00+00:00,412.4099999999997,414.24999999999966,412.31999999999965,414.1699999999997,4882
2026-03-11T17:30:00+00:00,414.1699999999997,414.2799999999997,410.74999999999966,411.86999999999966,7193
2026-03-11T17:45:00+00:00,411.86999999999966,412.5999999999997,411.18999999999966,411.7799999999997,6590
2026-03-11T18:00:00+00:00,411.7799999999997,411.88999999999965,409.87999999999965,410.4199999999997,5225
2026-03-11T18:15:00+00:00,410.4199999999997,411.48999999999967,410.23999999999967,411.4699999999997,5304
2026-03-11T18:30:00+00:00,411.4699999999997,411.58999999999963,410.83999999999963,411.26999999999964,5046
2026-03-11T18:45:00+00:00,411.26999999999964,412.7299999999997,410.95999999999964,412.04999999999967,4836
2026-03-11T19:00:00+00:00,412.04999999999967,412.63999999999965,411.54999999999967,411.82999999999964,5296
2026-03-11T19:15:00+00:00,411.82999999999964,412.43999999999966,411.29999999999967,412.06999999999965,5436
2026-03-11T19:30:00+00:00,412.06999999999965,413.9199999999997,412.06999999999965,413.48999999999967,5988
2026-03-11T19:45:00+00:00,413.48999999999967,414.13999999999965,412.8599999999997,413.87999999999965,6025
2026-03-12T13:30:00+00:00,413.87999999999965,413.87999999999965,409.1599999999997,410.39999999999964,3698
2026-03-12T13:45:00+00:00,410.39999999999964,410.44999999999965,406.31999999999965,406.75999999999965,4575
2026-03-12T14:00:00+00:00,406.75999999999965,408.24999999999966,405.6099999999997,408.13999999999965,4659
2026-03-12T14:15:00+00:00,408.13999999999965,408.2799999999997,405.3599999999997,405.43999999999966,3798
2026-03-12T14:30:00+00:00,405.43999999999966,405.83999999999963,402.19999999999965,403.5299999999997,4666
2026-03-12T14:45:00+00:00,403.5299999999997,404.57999999999964,400.57999999999964,401.51999999999964,4428
2026-03-12T15:00:00+00:00,401.51999999999964,402.39999999999964,401.25999999999965,401.93999999999966,3481
2026-03-12T15:15:00+00:00,401.93999999999966,403.5999999999997,401.58999999999963,402.63999999999965,3498
2026-03-12T15:30:00+00:00,402.63999999999965,404.88999999999965,402.3499999999997,404.2799999999997,3734
2026-03-12T15:45:00+00:00,404.2799999999997,404.73999999999967,403.0399999999997,404.1099999999997,3025
2026-03-12T16:00:00+00:00,404.1099999999997,405.1099999999997,402.82999999999964,404.7899999999997,2951
2026-03-12T16:15:00+00:00,404.7899999999997,406.0299999999997,404.5399999999997,404.7899999999997,2957
2026-03-12T16:30:00+00:00,404.7899999999997,406.79999999999967,404.36999999999966,406.08999999999963,2882
2026-03-12T16:45:00+00:00,406.08999999999963,406.80999999999966,405.1099999999997,405.70999999999964,2940
2026-03-12T17:00:00+00:00,405.70999999999964,406.94999999999965,405.6599999999997,405.89999999999964,2617
2026-03-12T17:15:00+00:00,405.89999999999964,406.87999999999965,405.05999999999966,405.7899999999997,2761
2026-03-12T17:30:00+00:00,405.7899999999997,406.29999999999967,404.18999999999966,404.25999999999965,2657
2026-03-12T17:45:00+00:00,404.25999999999965,404.26999999999964,402.18999999999966,403.13999999999965,3290
2026-03-12T18:00:00+00:00,403.13999999999965,404.43999999999966,403.05999999999966,404.1699999999997,2429
2026-03-12T18:15:00+00:00,404.1699999999997,404.4799999999997,402.94999999999965,403.6699999999997,2452
2026-03-12T18:30:00+00:00,403.6699999999997,403.83999999999963,403.19999999999965,403.51999999999964,2041
2026-03-12T18:45:00+00:00,403.51999999999964,403.75999999999965,402.6599999999997,402.8499999999997,2085
2026-03-12T19:00:00+00:00,402.8499999999997,403.68999999999966,402.19999999999965,402.70999999999964,2140
2026-03-12T19:15:00+00:00,402.70999999999964,403.99999999999966,402.50999999999965,403.54999999999967,2243
2026-03-12T19:30:00+00:00,403.54999999999967,404.0399999999997,402.5299999999997,403.2299999999997,2376
2026-03-12T19:45:00+00:00,403.2299999999997,403.2299999999997,400.92999999999967,401.31999999999965,3452
2026-03-13T13:30:00+00:00,401.31999999999965,405.83999999999963,401.31999999999965,403.4799999999997,4572
2026-03-13T13:45:00+00:00,403.4799999999997,405.87999999999965,403.4099999999997,404.12999999999965,4359
2026-03-13T14:00:00+00:00,404.12999999999965,405.11999999999966,402.39999999999964,402.4099999999997,3747
2026-03-13T14:15:00+00:00,402.4099999999997,402.87999999999965,401.08999999999963,402.00999999999965,3634
2026-03-13T14:30:00+00:00,402.00999999999965,403.56999999999965,400.06999999999965,400.48999999999967,3974
2026-03-13T14:45:00+00:00,400.48999999999967,400.73999999999967,398.2899999999997,398.44999999999965,4110
2026-03-13T15:00:00+00:00,398.44999999999965,401.58999999999963,398.1599999999997,401.3499999999997,3975
2026-03-13T15:15:00+00:00,401.3499999999997,401.82999999999964,399.7899999999997,399.94999999999965,3583
2026-03-13T15:30:00+00:00,399.94999999999965,400.7899999999997,398.2199999999997,398.68999999999966,3344
2026-03-13T15:45:00+00:00,398.68999999999966,400.1699999999997,398.37999999999965,399.3599999999997,3555
2026-03-13T16:00:00+00:00,399.3599999999997,400.9099999999997,399.1599999999997,400.07999999999964,3143
2026-03-13T16:15:00+00:00,400.07999999999964,401.07999999999964,399.94999999999965,400.9199999999997,3119
2026-03-13T16:30:00+00:00,400.9199999999997,401.87999999999965,400.48999999999967,400.55999999999966,2991
2026-03-13T16:45:00+00:00,400.55999999999966,401.80999999999966,399.82999999999964,400.05999999999966,2791
2026-03-13T17:00:00+00:00,400.05999999999966,400.9799999999997,398.83999999999963,400.9799999999997,2608
2026-03-13T17:15:00+00:00,400.9799999999997,401.74999999999966,400.64999999999964,400.86999999999966,2688
2026-03-13T17:30:00+00:00,400.86999999999966,401.0999999999997,399.69999999999965,399.9699999999997,2569
2026-03-13T17:45:00+00:00,399.9699999999997,400.05999999999966,398.39999999999964,399.07999999999964,2698
2026-03-13T18:00:00+00:00,399.07999999999964,399.31999999999965,398.0999999999997,398.99999999999966,2573
2026-03-13T18:15:00+00:00,398.99999999999966,399.3499999999997,398.05999999999966,399.05999999999966,2371
2026-03-13T18:30:00+00:00,399.05999999999966,399.87999999999965,398.83999999999963,399.73999999999967,2349
2026-03-13T18:45:00+00:00,399.73999999999967,399.80999999999966,398.6699999999997,399.1099999999997,2463
2026-03-13T19:00:00+00:00,399.1099999999997,399.1099999999997,397.61999999999966,398.11999999999966,2527
2026-03-13T19:15:00+00:00,398.11999999999966,398.61999999999966,396.00999999999965,396.8499999999997,2635
2026-03-13T19:30:00+00:00,396.8499999999997,397.49999999999966,396.63999999999965,397.1099999999997,2568
2026-03-13T19:45:00+00:00,397.1099999999997,398.04999999999967,395.93999999999966,396.87999999999965,3369
2026-03-16T13:30:00+00:00,396.87999999999965,406.01999999999964,396.87999999999965,404.6699999999997,5577
2026-03-16T13:45:00+00:00,404.6699999999997,406.98999999999967,404.57999999999964,406.95999999999964,5383
2026-03-16T14:00:00+00:00,406.95999999999964,408.7799999999997,406.06999999999965,407.99999999999966,4954
2026-03-16T14:15:00+00:00,407.99999999999966,409.63999999999965,407.37999999999965,408.26999999999964,4416
2026-03-16T14:30:00+00:00,408.26999999999964,408.2799999999997,406.0999999999997,406.4199999999997,4836
2026-03-16T14:45:00+00:00,406.4199999999997,407.44999999999965,405.86999999999966,406.82999999999964,4385
2026-03-16T15:00:00+00:00,406.82999999999964,406.9799999999997,405.3499999999997,406.08999999999963,3993
2026-03-16T15:15:00+00:00,406.08999999999963,406.58999999999963,405.19999999999965,406.11999999999966,3047
2026-03-16T15:30:00+00:00,406.11999999999966,406.89999999999964,405.68999999999966,406.51999999999964,2488
2026-03-16T15:45:00+00:00,406.51999999999964,406.82999999999964,404.14999999999964,404.25999999999965,3378
2026-03-16T16:00:00+00:00,404.25999999999965,404.7199999999997,403.5399999999997,404.11999999999966,3607
2026-03-16T16:15:00+00:00,404.11999999999966,404.2799999999997,402.43999999999966,402.7799999999997,3907
2026-03-16T16:30:00+00:00,402.7799999999997,403.86999999999966,402.38999999999965,403.58999999999963,3403
2026-03-16T16:45:00+00:00,403.58999999999963,403.6099999999997,402.6099999999997,403.32999999999964,2674
2026-03-16T17:00:00+00:00,403.32999999999964,404.26999999999964,403.24999999999966,403.55999999999966,3286
2026-03-16T17:15:00+00:00,403.55999999999966,403.7299999999997,402.67999999999967,402.8599999999997,2376
2026-03-16T17:30:00+00:00,402.8599999999997,403.73999999999967,402.74999999999966,402.7799999999997,2368
2026-03-16T17:45:00+00:00,402.7799999999997,403.3499999999997,402.33999999999963,402.49999999999966,2402
2026-03-16T18:00:00+00:00,402.49999999999966,404.2299999999997,402.45999999999964,403.89999999999964,2401
2026-03-16T18:15:00+00:00,403.89999999999964,404.3599999999997,403.7299999999997,403.9699999999997,2071
2026-03-16T18:30:00+00:00,403.9699999999997,404.1599999999997,403.0399999999997,403.2799999999997,1973
2026-03-16T18:45:00+00:00,403.2799999999997,403.31999999999965,402.7799999999997,402.93999999999966,1686
2026-03-16T19:00:00+00:00,402.93999999999966,405.1099999999997,402.33999999999963,402.6699999999997,5055
2026-03-16T19:15:00+00:00,402.6699999999997,403.04999999999967,401.94999999999965,402.51999999999964,6397
2026-03-16T19:30:00+00:00,402.51999999999964,402.67999999999967,401.13999999999965,401.20999999999964,5472
2026-03-16T19:45:00+00:00,401.20999999999964,401.81999999999965,400.3499999999997,401.4699999999997,5793
2026-03-17T13:30:00+00:00,401.4699999999997,403.2199999999997,398.9099999999997,402.3499999999997,4929
2026-03-17T13:45:00+00:00,402.3499999999997,403.88999999999965,401.58999999999963,403.64999999999964,4363
2026-03-17T14:00:00+00:00,403.64999999999964,404.23999999999967,402.3599999999997,403.43999999999966,4342
2026-03-17T14:15:00+00:00,403.43999999999966,404.14999999999964,402.56999999999965,403.31999999999965,4049
2026-03-17T14:30:00+00:00,403.31999999999965,405.63999999999965,403.0399999999997,405.4199999999997,4278
2026-03-17T14:45:00+00:00,405.4199999999997,406.0399999999997,404.6099999999997,404.7799999999997,3300
2026-03-17T15:00:00+00:00,404.7799999999997,405.2899999999997,403.69999999999965,403.8599999999997,3422
2026-03-17T15:15:00+00:00,403.8599999999997,404.4699999999997,402.98999999999967,403.32999999999964,3178
2026-03-17T15:30:00+00:00,403.32999999999964,403.63999999999965,401.6699999999997,402.29999999999967,3484
2026-03-17T15:45:00+00:00,402.29999999999967,403.57999999999964,402.24999999999966,403.0299999999997,2915
2026-03-17T16:00:00+00:00,403.0299999999997,403.06999999999965,401.8499999999997,402.57999999999964,3415
2026-03-17T16:15:00+00:00,402.57999999999964,403.83999999999963,402.4799999999997,403.13999999999965,2646
2026-03-17T16:30:00+00:00,403.13999999999965,403.79999999999967,402.7199999999997,403.6699999999997,2777
2026-03-17T16:45:00+00:00,403.6699999999997,403.79999999999967,402.94999999999965,403.26999999999964,2185
2026-03-17T17:00:00+00:00,403.26999999999964,404.4099999999997,403.18999999999966,403.3599999999997,2351
2026-03-17T17:15:00+00:00,403.3599999999997,403.6699999999997,402.81999999999965,403.62999999999965,1958
2026-03-17T17:30:00+00:00,403.62999999999965,404.63999999999965,403.4799999999997,404.13999999999965,2006
2026-03-17T17:45:00+00:00,404.13999999999965,405.55999999999966,403.7799999999997,405.0999999999997,2175
2026-03-17T18:00:00+00:00,405.0999999999997,405.57999999999964,404.6599999999997,405.11999999999966,2372
2026-03-17T18:15:00+00:00,405.11999999999966,405.11999999999966,403.68999999999966,403.9099999999997,2085
2026-03-17T18:30:00+00:00,403.9099999999997,404.13999999999965,403.07999999999964,403.12999999999965,2165
2026-03-17T18:45:00+00:00,403.12999999999965,403.9199999999997,403.1099999999997,403.70999999999964,1790
2026-03-17T19:00:00+00:00,403.70999999999964,404.43999999999966,403.6599999999997,404.08999999999963,3400
2026-03-17T19:15:00+00:00,404.08999999999963,404.79999999999967,404.05999999999966,404.5999999999997,2951
2026-03-17T19:30:00+00:00,404.5999999999997,404.88999999999965,404.14999999999964,404.2899999999997,2862
2026-03-17T19:45:00+00:00,404.2899999999997,405.33999999999963,403.67999999999967,405.0999999999997,4478
2026-03-18T13:30:00+00:00,405.0999999999997,407.86999999999966,404.00999999999965,407.7299999999997,6870
2026-03-18T13:45:00+00:00,407.7299999999997,408.9799999999997,407.0999999999997,408.86999999999966,6872
2026-03-18T14:00:00+00:00,408.86999999999966,408.9799999999997,405.74999999999966,405.74999999999966,6380
2026-03-18T14:15:00+00:00,405.74999999999966,406.2799999999997,403.49999999999966,403.75999999999965,5852
2026-03-18T14:30:00+00:00,403.75999999999965,404.55999999999966,403.63999999999965,404.1099999999997,5602
2026-03-18T14:45:00+00:00,404.1099999999997,404.50999999999965,403.55999999999966,404.36999999999966,4800
2026-03-18T15:00:00+00:00,404.36999999999966,405.69999999999965,403.7899999999997,404.63999999999965,5100
2026-03-18T15:15:00+00:00,404.63999999999965,405.05999999999966,403.2899999999997,403.57999999999964,4770
2026-03-18T15:30:00+00:00,403.57999999999964,404.1699999999997,403.3499999999997,403.9699999999997,4212
2026-03-18T15:45:00+00:00,403.9699999999997,404.4099999999997,403.3499999999997,404.13999999999965,4118
2026-03-18T16:00:00+00:00,404.13999999999965,404.3499999999997,403.43999999999966,404.0399999999997,3836
2026-03-18T16:15:00+00:00,404.0399999999997,404.57999999999964,403.69999999999965,403.82999999999964,3887
2026-03-18T16:30:00+00:00,403.82999999999964,404.1599999999997,402.68999999999966,403.39999999999964,4227
2026-03-18T16:45:00+00:00,403.39999999999964,403.88999999999965,402.95999999999964,403.3499999999997,2982
2026-03-18T17:00:00+00:00,403.3499999999997,403.45999999999964,402.1599999999997,402.81999999999965,3449
2026-03-18T17:15:00+00:00,402.81999999999965,403.13999999999965,402.4799999999997,403.0999999999997,3223
2026-03-18T17:30:00+00:00,403.0999999999997,403.94999999999965,402.93999999999966,403.25999999999965,3310
2026-03-18T17:45:00+00:00,403.25999999999965,403.9699999999997,403.20999999999964,403.56999999999965,3728
2026-03-18T18:00:00+00:00,403.56999999999965,404.44999999999965,403.2299999999997,403.39999999999964,5598
2026-03-18T18:15:00+00:00,403.39999999999964,403.42999999999967,402.33999999999963,403.1599999999997,4765
2026-03-18T18:30:00+00:00,403.1599999999997,403.4799999999997,401.80999999999966,402.68999999999966,6709
2026-03-18T18:45:00+00:00,402.68999999999966,402.76999999999964,400.8499999999997,400.9199999999997,5057
2026-03-18T19:00:00+00:00,400.9199999999997,401.8599999999997,400.63999999999965,401.54999999999967,7627
2026-03-18T19:15:00+00:00,401.54999999999967,401.5999999999997,400.1099999999997,400.6099999999997,6662
2026-03-18T19:30:00+00:00,400.6099999999997,400.76999999999964,399.23999999999967,399.44999999999965,5968
2026-03-18T19:45:00+00:00,399.44999999999965,399.50999999999965,398.23999999999967,398.93999999999966,6330
2026-03-19T13:30:00+00:00,398.93999999999966,398.93999999999966,385.6599999999997,388.7199999999997,7769
2026-03-19T13:45:00+00:00,388.7199999999997,390.08999999999963,387.38999999999965,388.93999999999966,7533
2026-03-19T14:00:00+00:00,388.93999999999966,390.04999999999967,388.50999999999965,389.11999999999966,7026
2026-03-19T14:15:00+00:00,389.11999999999966,389.44999999999965,385.7299999999997,386.55999999999966,6769
2026-03-19T14:30:00+00:00,386.55999999999966,388.63999999999965,386.43999999999966,387.1599999999997,7613
2026-03-19T14:45:00+00:00,387.1599999999997,387.61999999999966,386.1699999999997,387.24999999999966,6926
2026-03-19T15:00:00+00:00,387.24999999999966,389.99999999999966,387.17999999999967,389.73999999999967,6661
2026-03-19T15:15:00+00:00,389.73999999999967,390.14999999999964,388.05999999999966,388.94999999999965,6292
2026-03-19T15:30:00+00:00,388.94999999999965,388.99999999999966,387.2899999999997,387.2899999999997,6383
2026-03-19T15:45:00+00:00,387.2899999999997,388.33999999999963,386.75999999999965,388.07999999999964,6892
2026-03-19T16:00:00+00:00,388.07999999999964,389.6099999999997,387.70999999999964,388.4699999999997,6542
2026-03-19T16:15:00+00:00,388.4699999999997,388.63999999999965,387.5399999999997,387.81999999999965,5934
2026-03-19T16:30:00+00:00,387.81999999999965,388.55999999999966,387.0399999999997,387.95999999999964,5754
2026-03-19T16:45:00+00:00,387.95999999999964,388.39999999999964,386.76999999999964,388.20999999999964,4729
2026-03-19T17:00:00+00:00,388.20999999999964,388.37999999999965,386.12999999999965,386.48999999999967,4811
2026-03-19T17:15:00+00:00,386.48999999999967,387.82999999999964,386.1599999999997,387.56999999999965,4955
2026-03-19T17:30:00+00:00,387.56999999999965,387.99999999999966,386.54999999999967,386.8599999999997,4225
2026-03-19T17:45:00+00:00,386.8599999999997,388.07999999999964,386.55999999999966,387.42999999999967,4247
2026-03-19T18:00:00+00:00,387.42999999999967,388.8499999999997,386.82999999999964,388.5299999999997,4651
2026-03-19T18:15:00+00:00,388.5299999999997,388.70999999999964,387.33999999999963,387.36999999999966,3913
2026-03-19T18:30:00+00:00,387.36999999999966,387.7299999999997,386.19999999999965,386.2799999999997,4065
2026-03-19T18:45:00+00:00,386.2799999999997,387.26999999999964,384.6699999999997,387.0999999999997,5474
2026-03-19T19:00:00+00:00,387.0999999999997,390.86999999999966,386.98999999999967,390.06999999999965,13057
2026-03-19T19:15:00+00:00,390.06999999999965,390.25999999999965,388.0999999999997,388.58999999999963,11016
2026-03-19T19:30:00+00:00,388.58999999999963,388.7899999999997,387.12999999999965,388.01999999999964,8939
2026-03-19T19:45:00+00:00,388.01999999999964,388.56999999999965,385.93999999999966,386.30999999999966,7662
2026-03-20T13:30:00+00:00,386.30999999999966,386.30999999999966,379.26999999999964,380.79999999999967,7683
2026-03-20T13:45:00+00:00,380.79999999999967,382.12999999999965,376.6699999999997,377.05999999999966,8097
2026-03-20T14:00:00+00:00,377.05999999999966,378.07999999999964,375.88999999999965,376.5999999999997,7313
2026-03-20T14:15:00+00:00,376.5999999999997,378.7899999999997,376.26999999999964,378.26999999999964,6318
2026-03-20T14:30:00+00:00,378.26999999999964,379.4699999999997,377.93999999999966,379.01999999999964,7123
2026-03-20T14:45:00+00:00,379.01999999999964,379.62999999999965,377.83999999999963,378.7899999999997,5615
2026-03-20T15:00:00+00:00,378.7899999999997,380.95999999999964,378.51999999999964,380.81999999999965,7213
2026-03-20T15:15:00+00:00,380.81999999999965,381.98999999999967,380.07999999999964,380.42999999999967,7587
2026-03-20T15:30:00+00:00,380.42999999999967,381.31999999999965,380.17999999999967,380.7899999999997,6045
2026-03-20T15:45:00+00:00,380.7899999999997,381.99999999999966,380.5399999999997,381.6699999999997,5545
2026-03-20T16:00:00+00:00,381.6699999999997,382.54999999999967,381.4199999999997,381.79999999999967,5623
2026-03-20T16:15:00+00:00,381.79999999999967,382.89999999999964,381.6099999999997,382.4099999999997,5383
2026-03-20T16:30:00+00:00,382.4099999999997,382.4699999999997,380.3499999999997,380.43999999999966,5556
2026-03-20T16:45:00+00:00,380.43999999999966,381.01999999999964,379.56999999999965,380.55999999999966,4861
2026-03-20T17:00:00+00:00,380.55999999999966,381.05999999999966,379.24999999999966,380.06999999999965,6031
2026-03-20T17:15:00+00:00,380.06999999999965,380.33999999999963,378.61999999999966,378.7899999999997,4873
2026-03-20T17:30:00+00:00,378.7899999999997,379.0399999999997,377.1099999999997,377.43999999999966,4760
2026-03-20T17:45:00+00:00,377.43999999999966,378.00999999999965,377.36999999999966,377.75999999999965,4346
2026-03-20T18:00:00+00:00,377.75999999999965,377.8599999999997,376.14999999999964,376.68999999999966,4668
2026-03-20T18:15:00+00:00,376.68999999999966,377.0299999999997,375.00999999999965,375.6099999999997,5898
2026-03-20T18:30:00+00:00,375.6099999999997,376.08999999999963,374.00999999999965,374.13999999999965,5042
2026-03-20T18:45:00+00:00,374.13999999999965,374.43999999999966,373.6699999999997,374.19999999999965,4889
2026-03-20T19:00:00+00:00,374.19999999999965,374.64999999999964,372.7299999999997,372.9199999999997,6877
2026-03-20T19:15:00+00:00,372.9199999999997,373.3499999999997,371.73999999999967,372.11999999999966,6637
2026-03-20T19:30:00+00:00,372.11999999999966,372.36999999999966,370.38999999999965,371.73999999999967,8304
2026-03-20T19:45:00+00:00,371.73999999999967,374.0999999999997,370.67999999999967,374.0999999999997,8896
2026-03-23T13:30:00+00:00,374.0999999999997,387.44999999999965,374.0999999999997,385.43999999999966,9187
2026-03-23T13:45:00+00:00,385.43999999999966,388.2899999999997,385.11999999999966,387.7899999999997,8469
2026-03-23T14:00:00+00:00,387.7899999999997,388.93999999999966,386.5999999999997,388.33999999999963,8097
2026-03-23T14:15:00+00:00,388.33999999999963,389.89999999999964,388.1699999999997,389.23999999999967,6369
2026-03-23T14:30:00+00:00,389.23999999999967,390.06999999999965,388.24999999999966,389.00999999999965,6969
2026-03-23T14:45:00+00:00,389.00999999999965,390.57999999999964,388.69999999999965,389.33999999999963,6821
2026-03-23T15:00:00+00:00,389.33999999999963,391.25999999999965,389.14999999999964,390.4099999999997,6221
2026-03-23T15:15:00+00:00,390.4099999999997,390.57999999999964,388.8599999999997,389.4199999999997,5992
2026-03-23T15:30:00+00:00,389.4199999999997,389.80999999999966,386.5399999999997,387.13999999999965,6642
2026-03-23T15:45:00+00:00,387.13999999999965,387.13999999999965,383.95999999999964,384.12999999999965,7851
2026-03-23T16:00:00+00:00,384.12999999999965,386.37999999999965,384.00999999999965,385.86999999999966,7384
2026-03-23T16:15:00+00:00,385.86999999999966,386.19999999999965,383.2199999999997,383.29999999999967,6420
2026-03-23T16:30:00+00:00,383.29999999999967,384.92999999999967,383.23999999999967,384.36999999999966,6191
2026-03-23T16:45:00+00:00,384.36999999999966,385.42999999999967,383.94999999999965,384.24999999999966,5638
2026-03-23T17:00:00+00:00,384.24999999999966,384.75999999999965,383.3599999999997,383.39999999999964,5069
2026-03-23T17:15:00+00:00,383.39999999999964,384.08999999999963,382.4099999999997,383.50999999999965,4771
2026-03-23T17:30:00+00:00,383.50999999999965,386.83999999999963,383.48999999999967,384.86999999999966,5475
2026-03-23T17:45:00+00:00,384.86999999999966,386.26999999999964,384.7899999999997,386.19999999999965,4169
2026-03-23T18:00:00+00:00,386.19999999999965,386.6599999999997,385.32999999999964,385.93999999999966,4927
2026-03-23T18:15:00+00:00,385.93999999999966,386.23999999999967,385.24999999999966,385.62999999999965,4419
2026-03-23T18:30:00+00:00,385.62999999999965,387.6599999999997,385.4799999999997,387.2299999999997,4879
2026-03-23T18:45:00+00:00,387.2299999999997,388.1699999999997,387.0399999999997,387.7899999999997,3782
2026-03-23T19:00:00+00:00,387.7899999999997,387.9099999999997,387.0999999999997,387.14999999999964,5712
2026-03-23T19:15:00+00:00,387.14999999999964,387.6099999999997,386.5399999999997,387.19999999999965,5896
2026-03-23T19:30:00+00:00,387.19999999999965,387.56999999999965,386.73999999999967,387.55999999999966,5210
2026-03-23T19:45:00+00:00,387.55999999999966,387.8499999999997,385.95999999999964,386.8599999999997,7267
2026-03-24T13:30:00+00:00,386.8599999999997,390.62999999999965,381.82999999999964,389.32999999999964,6745
2026-03-24T13:45:00+00:00,389.32999999999964,392.12999999999965,387.36999999999966,388.98999999999967,6509
2026-03-24T14:00:00+00:00,388.98999999999967,392.2799999999997,388.9099999999997,390.1699999999997,6826
2026-03-24T14:15:00+00:00,390.1699999999997,391.83999999999963,389.23999999999967,390.48999999999967,6281
2026-03-24T14:30:00+00:00,390.48999999999967,390.81999999999965,388.63999999999965,390.2299999999997,6697
2026-03-24T14:45:00+00:00,390.2299999999997,393.38999999999965,389.30999999999966,391.54999999999967,8789
2026-03-24T15:00:00+00:00,391.54999999999967,393.0399999999997,390.54999999999967,391.0299999999997,6959
2026-03-24T15:15:00+00:00,391.0299999999997,391.9699999999997,389.83999999999963,389.88999999999965,5441
2026-03-24T15:30:00+00:00,389.88999999999965,390.26999999999964,388.81999999999965,389.9199999999997,4773
2026-03-24T15:45:00+00:00,389.9199999999997,390.3599999999997,388.31999999999965,388.42999999999967,4652
2026-03-24T16:00:00+00:00,388.42999999999967,388.83999999999963,387.56999999999965,388.6699999999997,4726
2026-03-24T16:15:00+00:00,388.6699999999997,390.2799999999997,388.4699999999997,390.01999999999964,4350
2026-03-24T16:30:00+00:00,390.01999999999964,390.17999999999967,387.95999999999964,389.0399999999997,4190
2026-03-24T16:45:00+00:00,389.0399999999997,390.00999999999965,388.39999999999964,388.83999999999963,3780
2026-03-24T17:00:00+00:00,388.83999999999963,389.13999999999965,386.5399999999997,387.19999999999965,5750
2026-03-24T17:15:00+00:00,387.19999999999965,387.51999999999964,386.4799999999997,387.29999999999967,4487
2026-03-24T17:30:00+00:00,387.29999999999967,387.80999999999966,385.73999999999967,385.86999999999966,4488
2026-03-24T17:45:00+00:00,385.86999999999966,387.62999999999965,385.61999999999966,387.3599999999997,5434
2026-03-24T18:00:00+00:00,387.3599999999997,388.0999999999997,387.05999999999966,387.51999999999964,4604
2026-03-24T18:15:00+00:00,387.51999999999964,389.69999999999965,387.0399999999997,389.33999999999963,4673
2026-03-24T18:30:00+00:00,389.33999999999963,392.3599999999997,388.75999999999965,390.94999999999965,5124
2026-03-24T18:45:00+00:00,390.94999999999965,391.12999999999965,390.04999999999967,390.4199999999997,4448
2026-03-24T19:00:00+00:00,390.4199999999997,391.11999999999966,390.17999999999967,390.86999999999966,6126
2026-03-24T19:15:00+00:00,390.86999999999966,391.45999999999964,389.87999999999965,389.9799999999997,5384
2026-03-24T19:30:00+00:00,389.9799999999997,390.30999999999966,389.2899999999997,390.04999999999967,6093
2026-03-24T19:45:00+00:00,390.04999999999967,390.76999999999964,388.20999999999964,389.14999999999964,6676
2026-03-25T13:30:00+00:00,389.14999999999964,402.08999999999963,389.14999999999964,399.1599999999997,6035
2026-03-25T13:45:00+00:00,399.1599999999997,399.62999999999965,397.5299999999997,397.92999999999967,6281
2026-03-25T14:00:00+00:00,397.92999999999967,399.43999999999966,396.43999999999966,399.06999999999965,6151
2026-03-25T14:15:00+00:00,399.06999999999965,400.7299999999997,398.64999999999964,399.75999999999965,5217
2026-03-25T14:30:00+00:00,399.75999999999965,400.73999999999967,399.06999999999965,400.11999999999966,5081
2026-03-25T14:45:00+00:00,400.11999999999966,400.3599999999997,398.95999999999964,399.11999999999966,4696
2026-03-25T15:00:00+00:00,399.11999999999966,399.49999999999966,397.43999999999966,397.55999999999966,5137
2026-03-25T15:15:00+00:00,397.55999999999966,398.58999999999963,395.18999999999966,398.5399999999997,6586
2026-03-25T15:30:00+00:00,398.5399999999997,398.95999999999964,396.2199999999997,396.70999999999964,4736
2026-03-25T15:45:00+00:00,396.70999999999964,396.82999999999964,394.19999999999965,394.76999999999964,5399
2026-03-25T16:00:00+00:00,394.76999999999964,395.36999999999966,393.73999999999967,394.13999999999965,4922
2026-03-25T16:15:00+00:00,394.13999999999965,395.67999999999967,393.5299999999997,395.05999999999966,5108
2026-03-25T16:30:00+00:00,395.05999999999966,396.06999999999965,394.7199999999997,395.45999999999964,4494
2026-03-25T16:45:00+00:00,395.45999999999964,395.6699999999997,394.58999999999963,395.25999999999965,3551
2026-03-25T17:00:00+00:00,395.25999999999965,395.49999999999966,393.75999999999965,394.7799999999997,4022
2026-03-25T17:15:00+00:00,394.7799999999997,394.7799999999997,393.9099999999997,394.23999999999967,3716
2026-03-25T17:30:00+00:00,394.23999999999967,395.64999999999964,393.61999999999966,395.1699999999997,3765
2026-03-25T17:45:00+00:00,395.1699999999997,395.2199999999997,393.26999999999964,394.1599999999997,4216
2026-03-25T18:00:00+00:00,394.1599999999997,394.29999999999967,393.38999999999965,394.0399999999997,3420
2026-03-25T18:15:00+00:00,394.0399999999997,394.82999999999964,393.49999999999966,393.56999999999965,3501
2026-03-25T18:30:00+00:00,393.56999999999965,393.7799999999997,392.4699999999997,392.6099999999997,3221
2026-03-25T18:45:00+00:00,392.6099999999997,393.0299999999997,391.37999999999965,392.12999999999965,3849
2026-03-25T19:00:00+00:00,392.12999999999965,392.14999999999964,390.99999999999966,391.57999999999964,6088
2026-03-25T19:15:00+00:00,391.57999999999964,392.87999999999965,391.37999999999965,391.4099999999997,5253
2026-03-25T19:30:00+00:00,391.4099999999997,392.2199999999997,390.94999999999965,391.67999999999967,4779
2026-03-25T19:45:00+00:00,391.67999999999967,392.42999999999967,391.23999999999967,391.7199999999997,5653
2026-03-26T13:30:00+00:00,391.7199999999997,391.7199999999997,385.4199999999997,388.7199999999997,4836
2026-03-26T13:45:00+00:00,388.7199999999997,390.32999999999964,388.2899999999997,389.95999999999964,5624
2026-03-26T14:00:00+00:00,389.95999999999964,390.1599999999997,387.31999999999965,388.63999999999965,6258
2026-03-26T14:15:00+00:00,388.63999999999965,389.25999999999965,387.13999999999965,387.13999999999965,5000
2026-03-26T14:30:00+00:00,387.13999999999965,388.49999999999966,385.8499999999997,386.07999999999964,7096
2026-03-26T14:45:00+00:00,386.07999999999964,386.70999999999964,383.92999999999967,385.50999999999965,8081
2026-03-26T15:00:00+00:00,385.50999999999965,386.54999999999967,385.38999999999965,385.86999999999966,6294
2026-03-26T15:15:00+00:00,385.86999999999966,386.38999999999965,384.82999999999964,385.9099999999997,5281
2026-03-26T15:30:00+00:00,385.9099999999997,386.43999999999966,385.37999999999965,385.9199999999997,4562
2026-03-26T15:45:00+00:00,385.9199999999997,386.9799999999997,385.4099999999997,385.6599999999997,5267
2026-03-26T16:00:00+00:00,385.6599999999997,385.76999999999964,384.83999999999963,385.11999999999966,4151
2026-03-26T16:15:00+00:00,385.11999999999966,385.13999999999965,382.88999999999965,383.11999999999966,5153
2026-03-26T16:30:00+00:00,383.11999999999966,383.7899999999997,382.56999999999965,383.0999999999997,5073
2026-03-26T16:45:00+00:00,383.0999999999997,383.75999999999965,382.3599999999997,383.6099999999997,4426
2026-03-26T17:00:00+00:00,383.6099999999997,384.0299999999997,382.83999999999963,382.8499999999997,4121
2026-03-26T17:15:00+00:00,382.8499999999997,383.2799999999997,382.25999999999965,382.94999999999965,3961
2026-03-26T17:30:00+00:00,382.94999999999965,383.62999999999965,381.98999999999967,381.98999999999967,3823
2026-03-26T17:45:00+00:00,381.98999999999967,382.19999999999965,380.54999999999967,380.80999999999966,4460
2026-03-26T18:00:00+00:00,380.80999999999966,381.6699999999997,380.74999999999966,381.4099999999997,4752
2026-03-26T18:15:00+00:00,381.4099999999997,381.75999999999965,380.33999999999963,380.67999999999967,4017
2026-03-26T18:30:00+00:00,380.67999999999967,381.76999999999964,380.6599999999997,381.05999999999966,4075
2026-03-26T18:45:00+00:00,381.05999999999966,381.49999999999966,380.2199999999997,380.4799999999997,3844
2026-03-26T19:00:00+00:00,380.4799999999997,380.67999999999967,378.51999999999964,378.7799999999997,6325
2026-03-26T19:15:00+00:00,378.7799999999997,379.63999999999965,378.5299999999997,379.06999999999965,5513
2026-03-26T19:30:00+00:00,379.06999999999965,379.1699999999997,378.39999999999964,378.7199999999997,5788
2026-03-26T19:45:00+00:00,378.7199999999997,379.7799999999997,377.73999999999967,377.93999999999966,6619
2026-03-27T13:30:00+00:00,377.93999999999966,377.93999999999966,369.44999999999965,370.55999999999966,6646
2026-03-27T13:45:00+00:00,370.55999999999966,372.6699999999997,367.2899999999997,368.44999999999965,8396
2026-03-27T14:00:00+00:00,368.44999999999965,369.98999999999967,367.8599999999997,369.49999999999966,7898
2026-03-27T14:15:00+00:00,369.49999999999966,370.3499999999997,368.44999999999965,369.00999999999965,7270
2026-03-27T14:30:00+00:00,369.00999999999965,370.6099999999997,368.93999999999966,370.0299999999997,7217
2026-03-27T14:45:00+00:00,370.0299999999997,371.9199999999997,369.4799999999997,371.2799999999997,7226
2026-03-27T15:00:00+00:00,371.2799999999997,372.9799999999997,371.26999999999964,371.99999999999966,7333
2026-03-27T15:15:00+00:00,371.99999999999966,373.1599999999997,370.55999999999966,373.1599999999997,8058
2026-03-27T15:30:00+00:00,373.1599999999997,374.19999999999965,372.67999999999967,373.44999999999965,7011
2026-03-27T15:45:00+00:00,373.44999999999965,373.83999999999963,372.43999999999966,372.75999999999965,5684
2026-03-27T16:00:00+00:00,372.75999999999965,372.9099999999997,370.9699999999997,371.38999999999965,5493
2026-03-27T16:15:00+00:00,371.38999999999965,371.51999999999964,370.11999999999966,370.37999999999965,4764
2026-03-27T16:30:00+00:00,370.37999999999965,370.63999999999965,369.1099999999997,369.99999999999966,5263
2026-03-27T16:45:00+00:00,369.99999999999966,370.48999999999967,369.43999999999966,369.73999999999967,5225
2026-03-27T17:00:00+00:00,369.73999999999967,370.62999999999965,368.9799999999997,369.6599999999997,5953
2026-03-27T17:15:00+00:00,369.6599999999997,369.6699999999997,367.70999999999964,367.70999999999964,4636
2026-03-27T17:30:00+00:00,367.70999999999964,368.4199999999997,366.55999999999966,366.69999999999965,5152
2026-03-27T17:45:00+00:00,366.69999999999965,367.04999999999967,365.4799999999997,365.6699999999997,4969
2026-03-27T18:00:00+00:00,365.6699999999997,366.43999999999966,365.39999999999964,366.25999999999965,4748.0413223140495
2026-03-27T18:15:00+00:00,366.25999999999965,367.18999999999966,365.94999999999965,366.58999999999963,5124
2026-03-27T18:30:00+00:00,366.58999999999963,367.93999999999966,366.39999999999964,367.3499999999997,4918
2026-03-27T18:45:00+00:00,367.3499999999997,367.56999999999965,366.19999999999965,366.56999999999965,4624
2026-03-27T19:00:00+00:00,366.56999999999965,366.75999999999965,365.3599999999997,366.11999999999966,5425
2026-03-27T19:15:00+00:00,366.11999999999966,367.94999999999965,366.06999999999965,367.2299999999997,5916
2026-03-27T19:30:00+00:00,367.2299999999997,367.95999999999964,366.8599999999997,367.44999999999965,6053
2026-03-27T19:45:00+00:00,367.44999999999965,368.32999999999964,366.07999999999964,367.87999999999965,8339
2026-03-30T13:30:00+00:00,367.87999999999965,373.04999999999967,367.87999999999965,369.29999999999967,7098
2026-03-30T13:45:00+00:00,369.29999999999967,371.39999999999964,368.30999999999966,368.9099999999997,7046
2026-03-30T14:00:00+00:00,368.9099999999997,370.9199999999997,368.70999999999964,370.2299999999997,6857
2026-03-30T14:15:00+00:00,370.2299999999997,370.4799999999997,368.58999999999963,368.80999999999966,6136
2026-03-30T14:30:00+00:00,368.80999999999966,369.58999999999963,366.57999999999964,366.94999999999965,5888
2026-03-30T14:45:00+00:00,366.94999999999965,370.25999999999965,366.75999999999965,370.23999999999967,7270
2026-03-30T15:00:00+00:00,370.23999999999967,371.25999999999965,368.12999999999965,368.3499999999997,6510
2026-03-30T15:15:00+00:00,368.3499999999997,368.63999999999965,367.17999999999967,367.74999999999966,5779
2026-03-30T15:30:00+00:00,367.74999999999966,369.9099999999997,367.49999999999966,369.6599999999997,5594
2026-03-30T15:45:00+00:00,369.6599999999997,370.51999999999964,368.87999999999965,369.00999999999965,5713
2026-03-30T16:00:00+00:00,369.00999999999965,369.29999999999967,368.07999999999964,368.32999999999964,5291
2026-03-30T16:15:00+00:00,368.32999999999964,368.33999999999963,365.92999999999967,366.04999999999967,5033
2026-03-30T16:30:00+00:00,366.04999999999967,366.39999999999964,365.4699999999997,366.07999999999964,4398
2026-03-30T16:45:00+00:00,366.07999999999964,366.6599999999997,365.54999999999967,366.14999999999964,4311
2026-03-30T17:00:00+00:00,366.14999999999964,366.77999999999963,363.82999999999964,363.94999999999965,4627
2026-03-30T17:15:00+00:00,363.94999999999965,364.38999999999965,363.37999999999965,363.4799999999997,5032
2026-03-30T17:30:00+00:00,363.4799999999997,363.92999999999967,362.30999999999966,363.3599999999997,4729
2026-03-30T17:45:00+00:00,363.3599999999997,363.8599999999997,362.2899999999997,363.1599999999997,4716
2026-03-30T18:00:00+00:00,363.1599999999997,363.27999999999963,361.83999999999963,362.45999999999964,3848
2026-03-30T18:15:00+00:00,362.45999999999964,362.73999999999967,361.0999999999997,361.44999999999965,4096
2026-03-30T18:30:00+00:00,361.44999999999965,362.2199999999997,361.37999999999965,361.7199999999997,3753
2026-03-30T18:45:00+00:00,361.7199999999997,362.07999999999964,360.44999999999965,360.58999999999963,3838
2026-03-30T19:00:00+00:00,360.58999999999963,360.86999999999966,358.4799999999997,358.48999999999967,6879
2026-03-30T19:15:00+00:00,358.48999999999967,359.54999999999967,358.2899999999997,358.52999999999963,6625
2026-03-30T19:30:00+00:00,358.52999999999963,359.39999999999964,358.01999999999964,359.1699999999997,7171
2026-03-30T19:45:00+00:00,359.1699999999997,361.52999999999963,358.87999999999965,361.0999999999997,7785
2026-03-31T13:30:00+00:00,361.0999999999997,370.9799999999997,361.0999999999997,368.6599999999997,8573
2026-03-31T13:45:00+00:00,368.6599999999997,371.25999999999965,368.63999999999965,370.2299999999997,7646
2026-03-31T14:00:00+00:00,370.2299999999997,370.42999999999967,367.87999999999965,369.7899999999997,6970
2026-03-31T14:15:00+00:00,369.7899999999997,371.82999999999964,368.9199999999997,371.63999999999965,7634
2026-03-31T14:30:00+00:00,371.63999999999965,371.92999999999967,369.76999999999964,370.00999999999965,7547
2026-03-31T14:45:00+00:00,370.00999999999965,370.24999999999966,367.57999999999964,368.68999999999966,8280
2026-03-31T15:00:00+00:00,368.68999999999966,371.69999999999965,368.67999999999967,371.6099999999997,7539
2026-03-31T15:15:00+00:00,371.6099999999997,371.77999999999963,369.93999999999966,369.99999999999966,7040
2026-03-31T15:30:00+00:00,369.99999999999966,370.37999999999965,369.01999999999964,369.4199999999997,7289
2026-03-31T15:45:00+00:00,369.4199999999997,369.6699999999997,368.27999999999963,368.37999999999965,6143
2026-03-31T16:00:00+00:00,368.37999999999965,370.24999999999966,368.24999999999966,369.98999999999967,5762
2026-03-31T16:15:00+00:00,369.98999999999967,371.3499999999997,369.9699999999997,371.05999999999966,5093
2026-03-31T16:30:00+00:00,371.05999999999966,377.69999999999965,370.63999999999965,376.2199999999997,8811
2026-03-31T16:45:00+00:00,376.2199999999997,377.23999999999967,374.2899999999997,376.06999999999965,11934
2026-03-31T17:00:00+00:00,376.06999999999965,378.38999999999965,375.94999999999965,377.20999999999964,10148
2026-03-31T17:15:00+00:00,377.20999999999964,378.50999999999965,375.57999999999964,375.82999999999964,8743
2026-03-31T17:30:00+00:00,375.82999999999964,377.20999999999964,374.67999999999967,375.05999999999966,8765
2026-03-31T17:45:00+00:00,375.05999999999966,375.8499999999997,373.89999999999964,374.11999999999966,6362
2026-03-31T18:00:00+00:00,374.11999999999966,376.45999999999964,374.1099999999997,376.39999999999964,6019
2026-03-31T18:15:00+00:00,376.39999999999964,377.4799999999997,376.27999999999963,377.20999999999964,5448
2026-03-31T18:30:00+00:00,377.20999999999964,378.39999999999964,376.8499999999997,378.3499999999997,5864
2026-03-31T18:45:00+00:00,378.3499999999997,379.2199999999997,378.17999999999967,378.2199999999997,4781
2026-03-31T19:00:00+00:00,378.2199999999997,378.51999999999964,377.63999999999965,378.36999999999966,6529
2026-03-31T19:15:00+00:00,378.36999999999966,378.88999999999965,377.7199999999997,378.04999999999967,6299
2026-03-31T19:30:00+00:00,378.04999999999967,378.7299999999997,377.63999999999965,378.00999999999965,6908
2026-03-31T19:45:00+00:00,378.00999999999965,379.04999999999967,376.38999999999965,377.63999999999965,9261
2026-04-01T13:30:00+00:00,377.63999999999965,384.73999999999967,377.63999999999965,381.25999999999965,8241
2026-04-01T13:45:00+00:00,381.25999999999965,381.88999999999965,379.92999999999967,380.95999999999964,8789
2026-04-01T14:00:00+00:00,380.95999999999964,383.48999999999967,380.14999999999964,382.51999999999964,7725
2026-04-01T14:15:00+00:00,382.51999999999964,384.4199999999997,382.05999999999966,384.3599999999997,5842
2026-04-01T14:30:00+00:00,384.3599999999997,385.7899999999997,382.79999999999967,384.9099999999997,7373
2026-04-01T14:45:00+00:00,384.9099999999997,387.56999999999965,383.67999999999967,387.4099999999997,5939
2026-04-01T15:00:00+00:00,387.4099999999997,388.31999999999965,386.98999999999967,387.49999999999966,4935
2026-04-01T15:15:00+00:00,387.49999999999966,388.01999999999964,386.7199999999997,386.76999999999964,3774
2026-04-01T15:30:00+00:00,386.76999999999964,387.95999999999964,386.27999999999963,387.79999999999967,3911
2026-04-01T15:45:00+00:00,387.79999999999967,389.00999999999965,387.29999999999967,388.20999999999964,3205
2026-04-01T16:00:00+00:00,388.20999999999964,388.58999999999963,387.5999999999997,387.73999999999967,3111
2026-04-01T16:15:00+00:00,387.73999999999967,388.11999999999966,387.27999999999963,387.39999999999964,2822
2026-04-01T16:30:00+00:00,387.39999999999964,387.74999999999966,386.89999999999964,387.08999999999963,2789
2026-04-01T16:45:00+00:00,387.08999999999963,388.04999999999967,386.93999999999966,387.4699999999997,2152
2026-04-01T17:00:00+00:00,387.4699999999997,388.1099999999997,387.08999999999963,387.2899999999997,2078
2026-04-01T17:15:00+00:00,387.2899999999997,387.4699999999997,386.48999999999967,386.94999999999965,2084
2026-04-01T17:30:00+00:00,386.94999999999965,387.56999999999965,386.50999999999965,386.79999999999967,2514
2026-04-01T17:45:00+00:00,386.79999999999967,386.9799999999997,385.4699999999997,385.49999999999966,2716
2026-04-01T18:00:00+00:00,385.49999999999966,385.6599999999997,384.42999999999967,384.74999999999966,4324
2026-04-01T18:15:00+00:00,384.74999999999966,384.83999999999963,382.95999999999964,383.4699999999997,4875
2026-04-01T18:30:00+00:00,383.4699999999997,385.0399999999997,382.89999999999964,384.6699999999997,4284
2026-04-01T18:45:00+00:00,384.6699999999997,384.92999999999967,384.1599999999997,384.70999999999964,3622
2026-04-01T19:00:00+00:00,384.70999999999964,386.69999999999965,384.52999999999963,386.0399999999997,5700
2026-04-01T19:15:00+00:00,386.0399999999997,386.70999999999964,385.68999999999966,386.4099999999997,4892
2026-04-01T19:30:00+00:00,386.4099999999997,386.98999999999967,386.13999999999965,386.50999999999965,5619
2026-04-01T19:45:00+00:00,386.50999999999965,387.4099999999997,385.4199999999997,386.89999999999964,7442
2026-04-02T13:30:00+00:00,386.89999999999964,386.89999999999964,369.50999999999965,373.26999999999964,8728
2026-04-02T13:45:00+00:00,373.26999999999964,375.23999999999967,371.2199999999997,371.3499999999997,8453
2026-04-02T14:00:00+00:00,371.3499999999997,374.2899999999997,369.5399999999997,374.17999999999967,8435
2026-04-02T14:15:00+00:00,374.17999999999967,375.79999999999967,371.9799999999997,371.99999999999966,7177
2026-04-02T14:30:00+00:00,371.99999999999966,376.0999999999997,371.6599999999997,373.6599999999997,9917
2026-04-02T14:45:00+00:00,373.6599999999997,374.2199999999997,370.08999999999963,373.21999999999963,9455.3
2026-04-02T15:00:00+00:00,373.21999999999963,373.9099999999996,371.4799999999996,372.6699999999996,8407
2026-04-02T15:15:00+00:00,372.6699999999996,373.6199999999996,371.5699999999996,371.9199999999996,6895
2026-04-02T15:30:00+00:00,371.9199999999996,372.83999999999963,371.0099999999996,372.7399999999996,6005
2026-04-02T15:45:00+00:00,372.7399999999996,372.7399999999996,370.39999999999964,371.33999999999963,5630
2026-04-02T16:00:00+00:00,371.33999999999963,372.3799999999996,370.96999999999963,371.3499999999996,5128
2026-04-02T16:15:00+00:00,371.3499999999996,371.4399999999996,369.8299999999996,370.26999999999964,4793
2026-04-02T16:30:00+00:00,370.26999999999964,371.4399999999996,369.3099999999996,371.2599999999996,5083
2026-04-02T16:45:00+00:00,371.2599999999996,372.02999999999963,370.0799999999996,370.21999999999963,4298
2026-04-02T17:00:00+00:00,370.21999999999963,371.4899999999996,369.64999999999964,371.2599999999996,4852
2026-04-02T17:15:00+00:00,371.2599999999996,372.20999999999964,370.8899999999996,370.9299999999996,3695
2026-04-02T17:30:00+00:00,370.9299999999996,371.02999999999963,367.6299999999996,368.0399999999996,4615
2026-04-02T17:45:00+00:00,368.0399999999996,368.0399999999996,365.52999999999963,365.6899999999996,5765
2026-04-02T18:00:00+00:00,365.6899999999996,366.5099999999996,365.33999999999963,366.27999999999963,5140
2026-04-02T18:15:00+00:00,366.27999999999963,366.33999999999963,365.0599999999996,365.3899999999996,4708
2026-04-02T18:30:00+00:00,365.3899999999996,366.8799999999996,365.3299999999996,366.6399999999996,4197
2026-04-02T18:45:00+00:00,366.6399999999996,366.8599999999996,365.52999999999963,365.83999999999963,3849
2026-04-02T19:00:00+00:00,365.83999999999963,366.8499999999996,365.39999999999964,365.6999999999996,5193
2026-04-02T19:15:00+00:00,365.6999999999996,365.7599999999996,364.96999999999963,365.4999999999996,5604
2026-04-02T19:30:00+00:00,365.4999999999996,366.5599999999996,365.46999999999963,366.3299999999996,4822
2026-04-02T19:45:00+00:00,366.3299999999996,367.4099999999996,365.7599999999996,366.4799999999996,7169
2026-04-06T13:30:00+00:00,366.4799999999996,373.6099999999996,366.4799999999996,370.21999999999963,8131
2026-04-06T13:45:00+00:00,370.21999999999963,370.9099999999996,368.4399999999996,369.6099999999996,6315
2026-04-06T14:00:00+00:00,369.6099999999996,370.4099999999996,363.7299999999996,364.58999999999963,7488
2026-04-06T14:15:00+00:00,364.58999999999963,365.4099999999996,363.52999999999963,364.8499999999996,5871
2026-04-06T14:30:00+00:00,364.8499999999996,366.0999999999996,363.1399999999996,364.1799999999996,7339
2026-04-06T14:45:00+00:00,364.1799999999996,364.21999999999963,361.5399999999996,361.5999999999996,6583
2026-04-06T15:00:00+00:00,361.5999999999996,362.33999999999963,360.46999999999963,360.76999999999964,5563
2026-04-06T15:15:00+00:00,360.76999999999964,361.0399999999996,358.8599999999996,359.3199999999996,5100
2026-04-06T15:30:00+00:00,359.3199999999996,359.4999999999996,358.0799999999996,358.5699999999996,4670
2026-04-06T15:45:00+00:00,358.5699999999996,360.45999999999964,358.5099999999996,360.3099999999996,4211
2026-04-06T16:00:00+00:00,360.3099999999996,360.3199999999996,358.4999999999996,358.8099999999996,3693
2026-04-06T16:15:00+00:00,358.8099999999996,358.96999999999963,357.1699999999996,357.9799999999996,3352
2026-04-06T16:30:00+00:00,357.9799999999996,358.1699999999996,356.89999999999964,357.3199999999996,3218
2026-04-06T16:45:00+00:00,357.3199999999996,358.0499999999996,355.6399999999996,355.95999999999964,4283
2026-04-06T17:00:00+00:00,355.95999999999964,356.1799999999996,352.5599999999996,353.2399999999996,5746
2026-04-06T17:15:00+00:00,353.2399999999996,355.0699999999996,352.77999999999963,354.7999999999996,5299
2026-04-06T17:30:00+00:00,354.7999999999996,355.4099999999996,353.5499999999996,354.1899999999996,4606
2026-04-06T17:45:00+00:00,354.1899999999996,354.4399999999996,353.0399999999996,353.3299999999996,3629
2026-04-06T18:00:00+00:00,353.3299999999996,355.0999999999996,353.02999999999963,354.39999999999964,4990
2026-04-06T18:15:00+00:00,354.39999999999964,355.52999999999963,354.1599999999996,354.2599999999996,4870
2026-04-06T18:30:00+00:00,354.2599999999996,356.9799999999996,354.0399999999996,356.8799999999996,3804
2026-04-06T18:45:00+00:00,356.8799999999996,357.3699999999996,356.5599999999996,356.7899999999996,2918
2026-04-06T19:00:00+00:00,356.7899999999996,357.8099999999996,356.52999999999963,357.58999999999963,4307
2026-04-06T19:15:00+00:00,357.58999999999963,357.89999999999964,357.1399999999996,357.6299999999996,3528
2026-04-06T19:30:00+00:00,357.6299999999996,358.2899999999996,357.0399999999996,358.02999999999963,3444
2026-04-06T19:45:00+00:00,358.02999999999963,359.1299999999996,357.6399999999996,358.6399999999996,5311
2026-04-07T13:30:00+00:00,358.6399999999996,358.6399999999996,350.5099999999996,350.6399999999996,8428
2026-04-07T13:45:00+00:00,350.6399999999996,351.1299999999996,348.5399999999996,348.71999999999963,6655
2026-04-07T14:00:00+00:00,348.71999999999963,349.1399999999996,346.21999999999963,346.3099999999996,7063
2026-04-07T14:15:00+00:00,346.3099999999996,348.4099999999996,346.1699999999996,347.7899999999996,6001
2026-04-07T14:30:00+00:00,347.7899999999996,348.6699999999996,345.1999999999996,345.4499999999996,6102
2026-04-07T14:45:00+00:00,345.4499999999996,346.45999999999964,344.58999999999963,344.6399999999996,5859
2026-04-07T15:00:00+00:00,344.6399999999996,344.7899999999996,343.1599999999996,344.1899999999996,6363
2026-04-07T15:15:00+00:00,344.1899999999996,345.5399999999996,343.71999999999963,344.95999999999964,6064
2026-04-07T15:30:00+00:00,344.95999999999964,345.33999999999963,344.1099999999996,344.89999999999964,4268
2026-04-07T15:45:00+00:00,344.89999999999964,345.6799999999996,344.3299999999996,345.4299999999996,4526
2026-04-07T16:00:00+00:00,345.4299999999996,348.08999999999963,345.21999999999963,346.0999999999996,6271
2026-04-07T16:15:00+00:00,346.0999999999996,348.1099999999996,345.8799999999996,347.6399999999996,5187
2026-04-07T16:30:00+00:00,347.6399999999996,348.8799999999996,347.5399999999996,348.3199999999996,3740
2026-04-07T16:45:00+00:00,348.3199999999996,348.9999999999996,347.3899999999996,347.6599999999996,3477
2026-04-07T17:00:00+00:00,347.6599999999996,348.4899999999996,347.2399999999996,347.77999999999963,4264
2026-04-07T17:15:00+00:00,347.77999999999963,347.8799999999996,346.6799999999996,347.7899999999996,3164
2026-04-07T17:30:00+00:00,347.7899999999996,350.4099999999996,347.2299999999996,348.5399999999996,4539
2026-04-07T17:45:00+00:00,348.5399999999996,349.6399999999996,348.3699999999996,348.9799999999996,3611
2026-04-07T18:00:00+00:00,348.9799999999996,349.3299999999996,348.0799999999996,348.3699999999996,3314
2026-04-07T18:15:00+00:00,348.3699999999996,348.6199999999996,347.8499999999996,348.4099999999996,3311
2026-04-07T18:30:00+00:00,348.4099999999996,348.7599999999996,346.77999999999963,346.9199999999996,3325
2026-04-07T18:45:00+00:00,346.9199999999996,347.01999999999964,345.1099999999996,346.26999999999964,4020
2026-04-07T19:00:00+00:00,346.26999999999964,346.95999999999964,345.8599999999996,346.7599999999996,5819
2026-04-07T19:15:00+00:00,346.7599999999996,349.7999999999996,346.7399999999996,348.1799999999996,9017
2026-04-07T19:30:00+00:00,348.1799999999996,349.52999999999963,347.6999999999996,349.20999999999964,6530
2026-04-07T19:45:00+00:00,349.20999999999964,352.70999999999964,348.8799999999996,352.3799999999996,9305
2026-04-08T13:30:00+00:00,352.3799999999996,370.2899999999996,352.3799999999996,360.7999999999996,9025
2026-04-08T13:45:00+00:00,360.7999999999996,362.89999999999964,358.5599999999996,358.95999999999964,7885
2026-04-08T14:00:00+00:00,358.95999999999964,360.3899999999996,356.6399999999996,356.8699999999996,7295
2026-04-08T14:15:00+00:00,356.8699999999996,357.8099999999996,353.4799999999996,353.7599999999996,6412
2026-04-08T14:30:00+00:00,353.7599999999996,355.4899999999996,353.1799999999996,355.3799999999996,6604
2026-04-08T14:45:00+00:00,355.3799999999996,355.6299999999996,352.0499999999996,354.21999999999963,6452.402098950524
2026-04-08T15:00:00+00:00,354.21999999999963,354.73999999999967,351.4099999999996,353.27999999999963,5743
2026-04-08T15:15:00+00:00,353.27999999999963,353.27999999999963,351.6599999999996,351.73999999999967,4794
2026-04-08T15:30:00+00:00,351.73999999999967,352.26999999999964,351.0999999999996,351.5499999999996,4382
2026-04-08T15:45:00+00:00,351.5499999999996,353.9799999999996,351.50999999999965,353.92999999999967,3692
2026-04-08T16:00:00+00:00,353.92999999999967,355.12999999999965,352.69999999999965,352.74999999999966,3887
2026-04-08T16:15:00+00:00,352.74999999999966,352.92999999999967,351.5999999999996,352.83999999999963,3961
2026-04-08T16:30:00+00:00,352.83999999999963,354.3599999999996,352.46999999999963,354.20999999999964,3587
2026-04-08T16:45:00+00:00,354.20999999999964,354.5999999999996,353.5399999999996,353.7999999999996,3171
2026-04-08T17:00:00+00:00,353.7999999999996,354.3599999999996,353.14999999999964,353.6599999999996,3019
2026-04-08T17:15:00+00:00,353.6599999999996,354.0499999999996,353.20999999999964,353.3499999999996,3378
2026-04-08T17:30:00+00:00,353.3499999999996,354.42999999999967,351.92999999999967,351.94999999999965,3470
2026-04-08T17:45:00+00:00,351.94999999999965,352.6599999999996,351.5499999999996,352.3499999999996,2960
2026-04-08T18:00:00+00:00,352.3499999999996,353.8499999999996,351.99999999999966,353.43999999999966,3267
2026-04-08T18:15:00+00:00,353.43999999999966,353.61999999999966,349.43999999999966,349.4799999999996,5476
2026-04-08T18:30:00+00:00,349.4799999999996,349.6699999999996,347.43999999999966,347.6699999999996,3747
2026-04-08T18:45:00+00:00,347.6699999999996,348.0499999999996,345.80999999999966,345.95999999999964,4283
2026-04-08T19:00:00+00:00,345.95999999999964,348.48999999999967,345.55999999999966,348.26999999999964,6199
2026-04-08T19:15:00+00:00,348.26999999999964,348.43999999999966,347.02999999999963,347.4099999999996,5330
2026-04-08T19:30:00+00:00,347.4099999999996,348.38999999999965,347.1099999999996,347.44999999999965,5418
2026-04-08T19:45:00+00:00,347.44999999999965,349.38999999999965,347.31999999999965,349.12999999999965,5332
2026-04-09T13:30:00+00:00,349.12999999999965,351.44999999999965,347.93999999999966,350.68999999999966,6115
2026-04-09T13:45:00+00:00,350.68999999999966,351.24999999999966,343.20999999999964,344.68999999999966,6484
2026-04-09T14:00:00+00:00,344.68999999999966,346.6599999999996,343.14999999999964,345.33999999999963,5433
2026-04-09T14:15:00+00:00,345.33999999999963,346.0999999999996,344.21999999999963,345.50999999999965,4777
2026-04-09T14:30:00+00:00,345.50999999999965,347.73999999999967,344.6599999999996,347.11999999999966,4340
2026-04-09T14:45:00+00:00,347.11999999999966,348.5399999999996,346.44999999999965,347.82999999999964,4061
2026-04-09T15:00:00+00:00,347.82999999999964,349.57999999999964,347.19999999999965,348.7899999999996,3905
2026-04-09T15:15:00+00:00,348.7899999999996,349.43999999999966,345.67999999999967,346.11999999999966,3878
2026-04-09T15:30:00+00:00,346.11999999999966,349.50999999999965,345.7999999999996,348.50999999999965,5939
2026-04-09T15:45:00+00:00,348.50999999999965,351.73999999999967,348.2299999999996,350.92999999999967,3931
2026-04-09T16:00:00+00:00,350.92999999999967,354.7299999999996,350.8499999999996,352.7899999999996,4398
2026-04-09T16:15:00+00:00,352.7899999999996,354.2299999999996,352.7899999999996,353.83999999999963,3635
2026-04-09T16:30:00+00:00,353.83999999999963,353.87999999999965,351.64999999999964,352.4799999999996,3682
2026-04-09T16:45:00+00:00,352.4799999999996,353.4199999999996,351.2999999999996,352.6699999999996,3240
2026-04-09T17:00:00+00:00,352.6699999999996,354.0499999999996,352.25999999999965,353.1599999999996,2596
2026-04-09T17:15:00+00:00,353.1599999999996,354.0999999999996,352.95999999999964,353.6099999999996,2572
2026-04-09T17:30:00+00:00,353.6099999999996,354.56999999999965,352.43999999999966,354.20999999999964,2750
2026-04-09T17:45:00+00:00,354.20999999999964,354.70999999999964,353.31999999999965,353.80999999999966,2693
2026-04-09T18:00:00+00:00,353.80999999999966,353.80999999999966,351.3499999999996,352.4099999999996,4402
2026-04-09T18:15:00+00:00,352.4099999999996,353.00999999999965,350.96999999999963,351.57999999999964,3340
2026-04-09T18:30:00+00:00,351.57999999999964,352.05999999999966,351.11999999999966,351.6699999999996,3052
2026-04-09T18:45:00+00:00,351.6699999999996,351.92999999999967,350.63999999999965,351.2999999999996,2232
2026-04-09T19:00:00+00:00,351.2999999999996,352.46999999999963,350.55999999999966,350.6599999999996,3832
2026-04-09T19:15:00+00:00,350.6599999999996,351.56999999999965,350.38999999999965,351.51999999999964,4269
2026-04-09T19:30:00+00:00,351.51999999999964,352.3499999999996,350.98999999999967,351.73999999999967,3693
2026-04-09T19:45:00+00:00,351.73999999999967,351.93999999999966,350.62999999999965,351.6699999999996,4340
2026-04-10T13:30:00+00:00,351.6699999999996,356.08999999999963,350.7999999999996,352.9799999999996,6278
2026-04-10T13:45:00+00:00,352.9799999999996,354.48999999999967,350.57999999999964,353.1599999999996,5390
2026-04-10T14:00:00+00:00,353.1599999999996,353.77999999999963,350.52999999999963,352.33999999999963,4643
2026-04-10T14:15:00+00:00,352.33999999999963,353.82999999999964,351.27999999999963,352.45999999999964,3822
2026-04-10T14:30:00+00:00,352.45999999999964,353.88999999999965,351.71999999999963,351.7999999999996,4206
2026-04-10T14:45:00+00:00,351.7999999999996,352.7999999999996,351.21999999999963,352.71999999999963,3303.6208561313165
2026-04-10T15:00:00+00:00,352.71999999999963,353.18999999999966,352.08999999999963,352.88999999999965,3341
2026-04-10T15:15:00+00:00,352.88999999999965,353.0399999999997,351.4799999999997,351.51999999999964,3279
2026-04-10T15:30:00+00:00,351.51999999999964,351.82999999999964,349.6599999999996,350.02999999999963,3945
2026-04-10T15:45:00+00:00,350.02999999999963,350.43999999999966,349.30999999999966,349.9099999999996,3446
2026-04-10T16:00:00+00:00,349.9099999999996,350.9099999999996,349.27999999999963,350.55999999999966,2952
2026-04-10T16:15:00+00:00,350.55999999999966,350.58999999999963,349.69999999999965,349.96999999999963,2435
2026-04-10T16:30:00+00:00,349.96999999999963,350.21999999999963,348.68999999999966,348.8599999999997,2599
2026-04-10T16:45:00+00:00,348.8599999999997,349.67999999999967,348.69999999999965,349.50999999999965,2512
2026-04-10T17:00:00+00:00,349.50999999999965,350.14999999999964,348.80999999999966,350.0399999999997,2521
2026-04-10T17:15:00+00:00,350.0399999999997,350.75999999999965,349.82999999999964,349.9099999999996,2289
2026-04-10T17:30:00+00:00,349.9099999999996,350.6099999999997,349.57999999999964,350.46999999999963,2329
2026-04-10T17:45:00+00:00,350.46999999999963,352.33999999999963,350.1699999999997,352.2299999999997,2146
2026-04-10T18:00:00+00:00,352.2299999999997,352.8599999999997,351.62999999999965,352.63999999999965,2319
2026-04-10T18:15:00+00:00,352.63999999999965,353.17999999999967,352.63999999999965,352.8599999999997,2064
2026-04-10T18:30:00+00:00,352.8599999999997,352.9199999999997,351.17999999999967,351.32999999999964,2097
2026-04-10T18:45:00+00:00,351.32999999999964,351.9199999999997,351.01999999999964,351.9099999999996,1805
2026-04-10T19:00:00+00:00,351.9099999999996,352.73999999999967,351.64999999999964,352.61999999999966,2270
2026-04-10T19:15:00+00:00,352.61999999999966,352.8599999999997,351.94999999999965,351.99999999999966,2640
2026-04-10T19:30:00+00:00,351.99999999999966,353.62999999999965,351.8599999999997,353.55999999999966,2915
2026-04-10T19:45:00+00:00,353.55999999999966,355.06999999999965,352.9199999999997,354.74999999999966,4360
2026-04-13T13:30:00+00:00,354.74999999999966,356.33999999999963,354.51999999999964,355.64999999999964,5297
2026-04-13T13:45:00+00:00,355.64999999999964,360.71999999999963,354.75999999999965,359.8599999999997,6797
2026-04-13T14:00:00+00:00,359.8599999999997,362.23999999999967,357.94999999999965,358.27999999999963,5231
2026-04-13T14:15:00+00:00,358.27999999999963,358.30999999999966,356.14999999999964,357.64999999999964,4863
2026-04-13T14:30:00+00:00,357.64999999999964,358.6099999999997,356.21999999999963,357.62999999999965,3427
2026-04-13T14:45:00+00:00,357.62999999999965,359.19999999999965,356.54999999999967,358.77999999999963,2856
2026-04-13T15:00:00+00:00,358.77999999999963,358.79999999999967,356.4099999999996,356.5399999999997,3360
2026-04-13T15:15:00+00:00,356.5399999999997,356.9099999999996,355.69999999999965,356.26999999999964,2845
2026-04-13T15:30:00+00:00,356.26999999999964,357.37999999999965,355.89999999999964,356.58999999999963,2826
2026-04-13T15:45:00+00:00,356.58999999999963,357.2299999999997,356.00999999999965,356.83999999999963,2213
2026-04-13T16:00:00+00:00,356.83999999999963,358.3499999999996,356.26999999999964,357.55999999999966,3442
2026-04-13T16:15:00+00:00,357.55999999999966,359.26999999999964,357.04999999999967,359.02999999999963,2868
2026-04-13T16:30:00+00:00,359.02999999999963,359.4199999999997,357.64999999999964,358.39999999999964,3961
2026-04-13T16:45:00+00:00,358.39999999999964,359.26999999999964,357.94999999999965,358.79999999999967,3629
2026-04-13T17:00:00+00:00,358.79999999999967,359.64999999999964,358.69999999999965,359.23999999999967,2385
2026-04-13T17:15:00+00:00,359.23999999999967,360.48999999999967,359.06999999999965,360.37999999999965,2526
2026-04-13T17:30:00+00:00,360.37999999999965,360.62999999999965,359.76999999999964,360.01999999999964,2508
2026-04-13T17:45:00+00:00,360.01999999999964,360.20999999999964,358.51999999999964,358.68999999999966,2468
2026-04-13T18:00:00+00:00,358.68999999999966,358.96999999999963,358.54999999999967,358.74999999999966,1727
2026-04-13T18:15:00+00:00,358.74999999999966,358.74999999999966,357.7899999999997,358.0999999999996,1727
2026-04-13T18:30:00+00:00,358.0999999999996,358.14999999999964,357.18999999999966,357.69999999999965,1915
2026-04-13T18:45:00+00:00,357.69999999999965,358.08999999999963,357.45999999999964,357.6699999999997,1786
2026-04-13T19:00:00+00:00,357.6699999999997,357.9799999999997,356.20999999999964,356.74999999999966,2888
2026-04-13T19:15:00+00:00,356.74999999999966,357.64999999999964,356.45999999999964,357.3599999999997,2392
2026-04-13T19:30:00+00:00,357.3599999999997,358.24999999999966,356.5999999999996,356.81999999999965,3057
2026-04-13T19:45:00+00:00,356.81999999999965,358.64999999999964,356.6599999999996,358.2899999999997,4750
2026-04-14T13:30:00+00:00,358.2899999999997,367.13999999999965,358.2899999999997,364.42999999999967,5357
2026-04-14T13:45:00+00:00,364.42999999999967,367.02999999999963,364.2299999999997,364.9099999999996,4662
2026-04-14T14:00:00+00:00,364.9099999999996,365.88999999999965,363.81999999999965,365.30999999999966,3938
2026-04-14T14:15:00+00:00,365.30999999999966,369.1099999999997,364.8599999999997,368.93999999999966,4026
2026-04-14T14:30:00+00:00,368.93999999999966,369.26999999999964,367.48999999999967,368.12999999999965,3442
2026-04-14T14:45:00+00:00,368.12999999999965,369.95999999999964,367.83999999999963,369.19999999999965,3381
2026-04-14T15:00:00+00:00,369.19999999999965,369.24999999999966,366.8499999999996,367.4199999999997,3182
2026-04-14T15:15:00+00:00,367.4199999999997,369.02999999999963,367.32999999999964,368.7299999999997,2599
2026-04-14T15:30:00+00:00,368.7299999999997,370.69999999999965,368.70999999999964,370.42999999999967,2616
2026-04-14T15:45:00+00:00,370.42999999999967,372.04999999999967,370.3599999999997,371.5399999999997,2867
2026-04-14T16:00:00+00:00,371.5399999999997,372.18999999999966,371.23999999999967,371.77999999999963,2391
2026-04-14T16:15:00+00:00,371.77999999999963,373.4099999999996,371.43999999999966,373.18999999999966,2295
2026-04-14T16:30:00+00:00,373.18999999999966,373.57999999999964,372.24999999999966,372.27999999999963,2133
2026-04-14T16:45:00+00:00,372.27999999999963,372.56999999999965,370.8499999999996,371.04999999999967,2312
2026-04-14T17:00:00+00:00,371.04999999999967,371.46999999999963,370.29999999999967,370.7899999999997,1798
2026-04-14T17:15:00+00:00,370.7899999999997,372.05999999999966,370.6599999999996,371.1599999999996,2076
2026-04-14T17:30:00+00:00,371.1599999999996,371.74999999999966,370.75999999999965,371.37999999999965,1681
2026-04-14T17:45:00+00:00,371.37999999999965,371.49999999999966,370.50999999999965,370.63999999999965,1641
2026-04-14T18:00:00+00:00,370.63999999999965,370.76999999999964,369.70999999999964,369.77999999999963,1726
2026-04-14T18:15:00+00:00,369.77999999999963,369.86999999999966,368.46999999999963,369.5399999999997,2323
2026-04-14T18:30:00+00:00,369.5399999999997,370.20999999999964,369.3599999999997,369.67999999999967,1817
2026-04-14T18:45:00+00:00,369.67999999999967,370.17999999999967,369.25999999999965,370.13999999999965,1725
2026-04-14T19:00:00+00:00,370.13999999999965,371.6599999999996,369.9099999999996,370.92999999999967,2648
2026-04-14T19:15:00+00:00,370.92999999999967,371.62999999999965,370.80999999999966,371.52999999999963,2500
2026-04-14T19:30:00+00:00,371.52999999999963,371.5399999999997,370.19999999999965,370.42999999999967,3349
2026-04-14T19:45:00+00:00,370.42999999999967,371.12999999999965,369.4099999999996,370.2899999999997,3969
2026-04-15T13:30:00+00:00,370.2899999999997,373.79999999999967,368.42999999999967,372.79999999999967,6027
2026-04-15T13:45:00+00:00,372.79999999999967,377.43999999999966,372.79999999999967,376.4099999999996,5855
2026-04-15T14:00:00+00:00,376.4099999999996,382.19999999999965,375.79999999999967,381.79999999999967,5220
2026-04-15T14:15:00+00:00,381.79999999999967,383.61999999999966,380.44999999999965,382.62999999999965,5232
2026-04-15T14:30:00+00:00,382.62999999999965,384.9199999999997,382.20999999999964,383.07999999999964,5160
2026-04-15T14:45:00+00:00,383.07999999999964,388.01999999999964,382.49999999999966,387.24999999999966,5136.971841788101
2026-04-15T15:00:00+00:00,387.24999999999966,389.93999999999966,386.1599999999996,389.7899999999996,5715
2026-04-15T15:15:00+00:00,389.7899999999996,395.48999999999967,389.63999999999965,394.43999999999966,6685
2026-04-15T15:30:00+00:00,394.43999999999966,400.04999999999967,393.55999999999966,398.33999999999963,6975
2026-04-15T15:45:00+00:00,398.33999999999963,399.5399999999996,395.77999999999963,397.75999999999965,6425
2026-04-15T16:00:00+00:00,397.75999999999965,398.18999999999966,396.17999999999967,396.7299999999996,4789
2026-04-15T16:15:00+00:00,396.7299999999996,400.36999999999966,396.54999999999967,398.87999999999965,5192
2026-04-15T16:30:00+00:00,398.87999999999965,399.08999999999963,394.0999999999996,394.43999999999966,5703
2026-04-15T16:45:00+00:00,394.43999999999966,395.80999999999966,392.6599999999996,393.52999999999963,6534
2026-04-15T17:00:00+00:00,393.52999999999963,394.46999999999963,392.05999999999966,393.27999999999963,5446
2026-04-15T17:15:00+00:00,393.27999999999963,394.4799999999996,392.76999999999964,393.26999999999964,4020
2026-04-15T17:30:00+00:00,393.26999999999964,394.06999999999965,392.68999999999966,393.32999999999964,4176
2026-04-15T17:45:00+00:00,393.32999999999964,395.71999999999963,393.29999999999967,394.06999999999965,3862
2026-04-15T18:00:00+00:00,394.06999999999965,396.64999999999964,393.1599999999996,396.32999999999964,4987
2026-04-15T18:15:00+00:00,396.32999999999964,396.69999999999965,394.89999999999964,396.01999999999964,3915
2026-04-15T18:30:00+00:00,396.01999999999964,397.27999999999963,394.95999999999964,397.1699999999996,4529
2026-04-15T18:45:00+00:00,397.1699999999996,397.2299999999996,396.00999999999965,396.1099999999996,4317
2026-04-15T19:00:00+00:00,396.1099999999996,398.12999999999965,395.79999999999967,396.93999999999966,4842
2026-04-15T19:15:00+00:00,396.93999999999966,398.52999999999963,396.31999999999965,398.4199999999996,4493
2026-04-15T19:30:00+00:00,398.4199999999996,400.31999999999965,397.69999999999965,400.24999999999966,5407
2026-04-15T19:45:00+00:00,400.24999999999966,400.56999999999965,397.1699999999996,397.75999999999965,7175
2026-04-16T13:30:00+00:00,397.75999999999965,399.87999999999965,390.20999999999964,393.26999999999964,7363
2026-04-16T13:45:00+00:00,393.26999999999964,393.69999999999965,387.75999999999965,388.80999999999966,7142
2026-04-16T14:00:00+00:00,388.80999999999966,393.3499999999996,388.29999999999967,391.67999999999967,6262
2026-04-16T14:15:00+00:00,391.67999999999967,392.8499999999996,389.81999999999965,391.69999999999965,5112
2026-04-16T14:30:00+00:00,391.69999999999965,392.76999999999964,390.67999999999967,391.45999999999964,4188
2026-04-16T14:45:00+00:00,391.45999999999964,391.81999999999965,389.89999999999964,390.61999999999966,3757
2026-04-16T15:00:00+00:00,390.61999999999966,394.61999999999966,390.4799999999996,393.27999999999963,3753
2026-04-16T15:15:00+00:00,393.27999999999963,395.3599999999996,392.9799999999996,393.82999999999964,3491
2026-04-16T15:30:00+00:00,393.82999999999964,396.4799999999996,393.3599999999996,395.27999999999963,4153
2026-04-16T15:45:00+00:00,395.27999999999963,395.99999999999966,394.21999999999963,395.69999999999965,2770
2026-04-16T16:00:00+00:00,395.69999999999965,396.23999999999967,394.89999999999964,395.24999999999966,2317
2026-04-16T16:15:00+00:00,395.24999999999966,396.57999999999964,395.20999999999964,395.70999999999964,2266
2026-04-16T16:30:00+00:00,395.70999999999964,395.79999999999967,392.64999999999964,394.52999999999963,3951
2026-04-16T16:45:00+00:00,394.52999999999963,395.70999999999964,394.17999999999967,394.39999999999964,2529
2026-04-16T17:00:00+00:00,394.39999999999964,394.73999999999967,393.45999999999964,393.79999999999967,2736
2026-04-16T17:15:00+00:00,393.79999999999967,395.1699999999996,393.52999999999963,394.49999999999966,2568
2026-04-16T17:30:00+00:00,394.49999999999966,394.94999999999965,393.26999999999964,394.4799999999996,2215
2026-04-16T17:45:00+00:00,394.4799999999996,394.7299999999996,393.31999999999965,393.92999999999967,2441
2026-04-16T18:00:00+00:00,393.92999999999967,394.7899999999996,392.71999999999963,393.20999999999964,3403
2026-04-16T18:15:00+00:00,393.20999999999964,393.38999999999965,391.1599999999996,391.82999999999964,2875
2026-04-16T18:30:00+00:00,391.82999999999964,394.1099999999996,391.80999999999966,393.70999999999964,2688
2026-04-16T18:45:00+00:00,393.70999999999964,394.01999999999964,392.9099999999996,393.93999999999966,2097
2026-04-16T19:00:00+00:00,393.93999999999966,394.48999999999967,393.45999999999964,393.70999999999964,3165
2026-04-16T19:15:00+00:00,393.70999999999964,394.0999999999996,393.0999999999996,393.31999999999965,2525
2026-04-16T19:30:00+00:00,393.31999999999965,395.70999999999964,393.14999999999964,395.26999999999964,3243
2026-04-16T19:45:00+00:00,395.26999999999964,395.77999999999963,394.51999999999964,394.68999999999966,3912
2026-04-17T13:30:00+00:00,394.68999999999966,404.83999999999963,394.68999999999966,400.86999999999966,5812
2026-04-17T13:45:00+00:00,400.86999999999966,404.00999999999965,398.80999999999966,399.83999999999963,5615
2026-04-17T14:00:00+00:00,399.83999999999963,401.96999999999963,398.75999999999965,401.89999999999964,4399
2026-04-17T14:15:00+00:00,401.89999999999964,402.64999999999964,400.08999999999963,402.43999999999966,4500
2026-04-17T14:30:00+00:00,402.43999999999966,408.4099999999996,402.38999999999965,407.30999999999966,5378
2026-04-17T14:45:00+00:00,407.30999999999966,413.0199999999997,405.9799999999996,412.5999999999997,5711.433174587091
2026-04-17T15:00:00+00:00,412.5999999999997,414.36999999999966,410.4599999999997,411.06999999999965,5850
2026-04-17T15:15:00+00:00,411.06999999999965,415.5899999999997,410.86999999999966,414.3899999999997,4878
2026-04-17T15:30:00+00:00,414.3899999999997,415.3599999999997,412.79999999999967,413.2099999999997,4678
2026-04-17T15:45:00+00:00,413.2099999999997,413.7899999999997,411.7699999999997,412.5299999999997,4308
2026-04-17T16:00:00+00:00,412.5299999999997,414.6499999999997,411.7799999999997,412.3599999999997,3970
2026-04-17T16:15:00+00:00,412.3599999999997,414.06999999999965,411.4799999999997,413.4099999999997,3303
2026-04-17T16:30:00+00:00,413.4099999999997,414.24999999999966,411.5899999999997,412.3499999999997,2793
2026-04-17T16:45:00+00:00,412.3499999999997,413.36999999999966,412.00999999999965,412.2299999999997,2426
2026-04-17T17:00:00+00:00,412.2299999999997,413.0899999999997,410.75999999999965,411.1599999999997,3310
2026-04-17T17:15:00+00:00,411.1599999999997,411.3299999999997,406.86999999999966,407.7899999999997,4763
2026-04-17T17:30:00+00:00,407.7899999999997,408.9699999999997,407.3499999999997,407.6499999999997,3842
2026-04-17T17:45:00+00:00,407.6499999999997,408.75999999999965,407.5999999999997,408.29999999999967,2872
2026-04-17T18:00:00+00:00,408.29999999999967,408.5999999999997,405.74999999999966,406.1499999999997,3237
2026-04-17T18:15:00+00:00,406.1499999999997,407.6699999999997,405.99999999999966,406.93999999999966,3268
2026-04-17T18:30:00+00:00,406.93999999999966,408.4199999999997,406.56999999999965,408.3599999999997,2625
2026-04-17T18:45:00+00:00,408.3599999999997,409.3599999999997,407.49999999999966,407.6599999999997,3177
2026-04-17T19:00:00+00:00,407.6599999999997,408.42999999999967,406.7299999999997,407.5899999999997,3933
2026-04-17T19:15:00+00:00,407.5899999999997,408.7299999999997,407.42999999999967,408.1099999999997,3747
2026-04-17T19:30:00+00:00,408.1099999999997,408.8999999999997,407.44999999999965,407.50999999999965,4156
2026-04-17T19:45:00+00:00,407.50999999999965,407.5899999999997,406.1399999999997,407.17999999999967,4705
2026-04-20T13:30:00+00:00,407.17999999999967,412.8299999999997,401.6699999999997,401.8399999999997,7676
2026-04-20T13:45:00+00:00,401.8399999999997,403.1699999999997,400.0199999999997,402.0399999999997,7116
2026-04-20T14:00:00+00:00,402.0399999999997,402.92999999999967,398.61999999999966,399.61999999999966,5689
2026-04-20T14:15:00+00:00,399.61999999999966,401.1599999999997,398.3399999999997,399.25999999999965,5033
2026-04-20T14:30:00+00:00,399.25999999999965,401.0899999999997,398.11999999999966,398.8899999999997,4716
2026-04-20T14:45:00+00:00,398.8899999999997,399.6699999999997,396.37999999999965,396.6699999999997,4556
2026-04-20T15:00:00+00:00,396.6699999999997,397.6399999999997,394.62999999999965,397.29999999999967,4684
2026-04-20T15:15:00+00:00,397.29999999999967,399.6099999999997,396.81999999999965,399.49999999999966,4719
2026-04-20T15:30:00+00:00,399.49999999999966,399.49999999999966,397.00999999999965,397.2299999999997,3684
2026-04-20T15:45:00+00:00,397.2299999999997,397.6399999999997,396.5999999999997,396.9599999999997,2991
2026-04-20T16:00:00+00:00,396.9599999999997,399.2699999999997,396.6399999999997,398.5299999999997,3186
2026-04-20T16:15:00+00:00,398.5299999999997,399.5199999999997,397.99999999999966,398.6599999999997,3058
2026-04-20T16:30:00+00:00,398.6599999999997,399.3899999999997,398.29999999999967,398.74999999999966,2725
2026-04-20T16:45:00+00:00,398.74999999999966,399.11999999999966,397.1499999999997,397.3399999999997,2352
2026-04-20T17:00:00+00:00,397.3399999999997,398.3399999999997,397.06999999999965,398.1399999999997,2727
2026-04-20T17:15:00+00:00,398.1399999999997,398.74999999999966,397.49999999999966,398.2199999999997,2397
2026-04-20T17:30:00+00:00,398.2199999999997,399.4699999999997,397.9599999999997,398.8999999999997,2558
2026-04-20T17:45:00+00:00,398.8999999999997,399.5299999999997,398.19999999999965,398.3599999999997,2356
2026-04-20T18:00:00+00:00,398.3599999999997,399.37999999999965,398.2799999999997,398.98999999999967,2555
2026-04-20T18:15:00+00:00,398.98999999999967,399.61999999999966,398.7799999999997,399.12999999999965,2530
2026-04-20T18:30:00+00:00,399.12999999999965,399.3299999999997,397.9699999999997,398.24999999999966,2407
2026-04-20T18:45:00+00:00,398.24999999999966,398.87999999999965,397.69999999999965,398.1499999999997,2210
2026-04-20T19:00:00+00:00,398.1499999999997,398.54999999999967,396.75999999999965,397.73999999999967,2636
2026-04-20T19:15:00+00:00,397.73999999999967,398.5799999999997,397.4199999999997,398.5299999999997,2323
2026-04-20T19:30:00+00:00,398.5299999999997,399.81999999999965,398.4699999999997,399.1599999999997,2979
2026-04-20T19:45:00+00:00,399.1599999999997,399.7099999999997,398.29999999999967,398.79999999999967,3459
2026-04-21T13:30:00+00:00,398.79999999999967,399.36999999999966,395.36999999999966,397.94999999999965,5284
2026-04-21T13:45:00+00:00,397.94999999999965,399.1499999999997,396.6699999999997,398.6599999999997,4244
2026-04-21T14:00:00+00:00,398.6599999999997,399.69999999999965,397.94999999999965,399.0999999999997,3107
2026-04-21T14:15:00+00:00,399.0999999999997,400.24999999999966,396.8999999999997,398.4599999999997,3340
2026-04-21T14:30:00+00:00,398.4599999999997,399.44999999999965,397.37999999999965,398.0799999999997,2943
2026-04-21T14:45:00+00:00,398.0799999999997,398.49999999999966,396.04999999999967,396.6099999999997,3052
2026-04-21T15:00:00+00:00,396.6099999999997,397.9699999999997,393.9699999999997,397.5199999999997,4360
2026-04-21T15:15:00+00:00,397.5199999999997,398.8599999999997,396.29999999999967,396.7799999999997,3154
2026-04-21T15:30:00+00:00,396.7799999999997,397.56999999999965,395.3899999999997,396.4199999999997,2817
2026-04-21T15:45:00+00:00,396.4199999999997,397.18999999999966,395.17999999999967,395.94999999999965,2552
2026-04-21T16:00:00+00:00,395.94999999999965,396.75999999999965,395.61999999999966,396.0799999999997,2476
2026-04-21T16:15:00+00:00,396.0799999999997,396.3499999999997,394.30999999999966,394.5799999999997,1965
2026-04-21T16:30:00+00:00,394.5799999999997,395.79999999999967,393.6699999999997,394.06999999999965,2324
2026-04-21T16:45:00+00:00,394.06999999999965,395.5799999999997,394.04999999999967,394.2899999999997,2181
2026-04-21T17:00:00+00:00,394.2899999999997,395.4199999999997,392.62999999999965,393.31999999999965,3114
2026-04-21T17:15:00+00:00,393.31999999999965,393.4699999999997,391.5199999999997,392.1099999999997,3062
2026-04-21T17:30:00+00:00,392.1099999999997,395.1499999999997,392.1099999999997,394.5199999999997,3172
2026-04-21T17:45:00+00:00,394.5199999999997,395.11999999999966,393.8299999999997,394.5999999999997,2315
2026-04-21T18:00:00+00:00,394.5999999999997,395.81999999999965,394.4199999999997,395.7099999999997,2119
2026-04-21T18:15:00+00:00,395.7099999999997,396.3899999999997,394.5399999999997,395.24999999999966,2063
2026-04-21T18:30:00+00:00,395.24999999999966,396.05999999999966,394.8399999999997,395.0199999999997,1721
2026-04-21T18:45:00+00:00,395.0199999999997,395.9799999999997,394.1099999999997,394.94999999999965,2321
2026-04-21T19:00:00+00:00,394.94999999999965,396.2699999999997,394.8299999999997,395.2199999999997,1992
2026-04-21T19:15:00+00:00,395.2199999999997,396.8499999999997,394.61999999999966,396.3599999999997,1965
2026-04-21T19:30:00+00:00,396.3599999999997,396.5999999999997,392.0999999999997,392.3999999999997,3129
2026-04-21T19:45:00+00:00,392.3999999999997,393.55999999999966,392.0999999999997,392.87999999999965,3655
2026-04-22T13:30:00+00:00,392.87999999999965,397.17999999999967,391.5799999999997,396.8299999999997,3678
2026-04-22T13:45:00+00:00,396.8299999999997,398.7899999999997,394.8999999999997,397.1499999999997,3239
2026-04-22T14:00:00+00:00,397.1499999999997,398.6099999999997,396.7699999999997,398.3599999999997,2563
2026-04-22T14:15:00+00:00,398.3599999999997,399.00999999999965,397.31999999999965,398.99999999999966,2285
2026-04-22T14:30:00+00:00,398.99999999999966,399.2799999999997,396.80999999999966,396.94999999999965,2212
2026-04-22T14:45:00+00:00,396.94999999999965,397.79999999999967,396.29999999999967,397.5899999999997,2088.479617399226
2026-04-22T15:00:00+00:00,397.5899999999997,398.0899999999997,396.09999999999974,397.3699999999997,2022
2026-04-22T15:15:00+00:00,397.3699999999997,397.6399999999997,395.41999999999973,395.90999999999974,1784
2026-04-22T15:30:00+00:00,395.90999999999974,397.3099999999997,395.8999999999997,396.6399999999997,1722
2026-04-22T15:45:00+00:00,396.6399999999997,397.8199999999997,396.3399999999997,397.09999999999974,1611
2026-04-22T16:00:00+00:00,397.09999999999974,397.65999999999974,396.2599999999997,396.91999999999973,1573
2026-04-22T16:15:00+00:00,396.91999999999973,397.0199999999997,395.9899999999997,396.1299999999997,1641
2026-04-22T16:30:00+00:00,396.1299999999997,396.8299999999997,395.7199999999997,396.1499999999997,1777
2026-04-22T16:45:00+00:00,396.1499999999997,396.3199999999997,394.91999999999973,395.2199999999997,2096
2026-04-22T17:00:00+00:00,395.2199999999997,396.9299999999997,394.9699999999997,396.5099999999997,2001
2026-04-22T17:15:00+00:00,396.5099999999997,397.1199999999997,396.1299999999997,396.7599999999997,1716
2026-04-22T17:30:00+00:00,396.7599999999997,397.0499999999997,395.4399999999997,395.8099999999997,1641
2026-04-22T17:45:00+00:00,395.8099999999997,395.9499999999997,395.1199999999997,395.35999999999973,1582
2026-04-22T18:00:00+00:00,395.35999999999973,395.6799999999997,395.1299999999997,395.59999999999974,1358
2026-04-22T18:15:00+00:00,395.59999999999974,395.8699999999997,394.6499999999997,394.72999999999973,1573
2026-04-22T18:30:00+00:00,394.72999999999973,395.28999999999974,394.53999999999974,394.9299999999997,1471
2026-04-22T18:45:00+00:00,394.9299999999997,395.34999999999974,394.0599999999997,394.28999999999974,1446
2026-04-22T19:00:00+00:00,394.28999999999974,395.0699999999997,393.6999999999997,394.7599999999997,1921
2026-04-22T19:15:00+00:00,394.7599999999997,395.91999999999973,394.6199999999997,395.53999999999974,2214
2026-04-22T19:30:00+00:00,395.53999999999974,396.0499999999997,394.35999999999973,394.40999999999974,2150
2026-04-22T19:45:00+00:00,394.40999999999974,394.7999999999997,393.1199999999997,393.9899999999997,3101
2026-04-23T13:30:00+00:00,393.9899999999997,393.9899999999997,377.4899999999997,385.9699999999997,6746
2026-04-23T13:45:00+00:00,385.9699999999997,389.22999999999973,378.2499999999997,378.6499999999997,5288
2026-04-23T14:00:00+00:00,378.6499999999997,381.8399999999997,376.84999999999974,377.0599999999997,5400
2026-04-23T14:15:00+00:00,377.0599999999997,378.1999999999997,374.6999999999997,375.3799999999997,5815
2026-04-23T14:30:00+00:00,375.3799999999997,379.97999999999973,375.03999999999974,379.9299999999997,5337
2026-04-23T14:45:00+00:00,379.9299999999997,382.8699999999997,379.8999999999997,382.3399999999997,4038
2026-04-23T15:00:00+00:00,382.3399999999997,383.59999999999974,381.7199999999997,382.5799999999997,3587
2026-04-23T15:15:00+00:00,382.5799999999997,384.9699999999997,381.66999999999973,383.7699999999997,3267
2026-04-23T15:30:00+00:00,383.7699999999997,385.15999999999974,383.1999999999997,384.6799999999997,2955
2026-04-23T15:45:00+00:00,384.6799999999997,387.2499999999997,384.0299999999997,387.09999999999974,4190
2026-04-23T16:00:00+00:00,387.09999999999974,387.2099999999997,383.0499999999997,385.2999999999997,3763
2026-04-23T16:15:00+00:00,385.2999999999997,386.1399999999997,384.0299999999997,385.5499999999997,2690
2026-04-23T16:30:00+00:00,385.5499999999997,387.2199999999997,384.1199999999997,384.1299999999997,2763
2026-04-23T16:45:00+00:00,384.1299999999997,384.3299999999997,382.09999999999974,383.09999999999974,2948
2026-04-23T17:00:00+00:00,383.09999999999974,383.3999999999997,379.9899999999997,380.5599999999997,4848
2026-04-23T17:15:00+00:00,380.5599999999997,380.5899999999997,378.3899999999997,379.1499999999997,5187
2026-04-23T17:30:00+00:00,379.1499999999997,381.10999999999973,377.1299999999997,377.3399999999997,5122
2026-04-23T17:45:00+00:00,377.3399999999997,380.60999999999973,376.0799999999997,379.8199999999997,6356
2026-04-23T18:00:00+00:00,379.8199999999997,381.2699999999997,379.6299999999997,380.4699999999997,4292
2026-04-23T18:15:00+00:00,380.4699999999997,380.5699999999997,379.40999999999974,380.3999999999997,3440
2026-04-23T18:30:00+00:00,380.3999999999997,381.41999999999973,380.3699999999997,380.6899999999997,2500
2026-04-23T18:45:00+00:00,380.6899999999997,380.7699999999997,377.91999999999973,378.2399999999997,3235
2026-04-23T19:00:00+00:00,378.2399999999997,380.1799999999997,378.0799999999997,380.0299999999997,4296
2026-04-23T19:15:00+00:00,380.0299999999997,380.47999999999973,379.2399999999997,380.2599999999997,3493
2026-04-23T19:30:00+00:00,380.2599999999997,380.5599999999997,378.65999999999974,378.8399999999997,4654
2026-04-23T19:45:00+00:00,378.8399999999997,380.5099999999997,378.8399999999997,379.91999999999973,4761
2026-04-24T13:30:00+00:00,379.91999999999973,388.3199999999997,376.9899999999997,385.9299999999997,5344
2026-04-24T13:45:00+00:00,385.9299999999997,388.9899999999997,381.28999999999974,381.28999999999974,5633
2026-04-24T14:00:00+00:00,381.28999999999974,382.6899999999997,378.5799999999997,381.3099999999997,6010
2026-04-24T14:15:00+00:00,381.3099999999997,383.16999999999973,379.3299999999997,379.7099999999997,5165
2026-04-24T14:30:00+00:00,379.7099999999997,381.8299999999997,378.7199999999997,381.72999999999973,5081
2026-04-24T14:45:00+00:00,381.72999999999973,383.7199999999997,380.2599999999997,382.94999999999965,4251.491434048161
2026-04-24T15:00:00+00:00,382.94999999999965,383.48999999999967,380.67999999999967,381.17999999999967,3827
2026-04-24T15:15:00+00:00,381.17999999999967,382.43999999999966,380.18999999999966,382.19999999999965,3375
2026-04-24T15:30:00+00:00,382.19999999999965,382.98999999999967,380.31999999999965,381.31999999999965,3611
2026-04-24T15:45:00+00:00,381.31999999999965,382.87999999999965,380.1099999999997,380.69999999999965,4932
2026-04-24T16:00:00+00:00,380.69999999999965,380.87999999999965,378.6099999999997,380.6699999999997,3141
2026-04-24T16:15:00+00:00,380.6699999999997,381.89999999999964,380.14999999999964,380.25999999999965,2730
2026-04-24T16:30:00+00:00,380.25999999999965,380.61999999999966,379.30999999999966,379.45999999999964,2629
2026-04-24T16:45:00+00:00,379.45999999999964,380.43999999999966,379.25999999999965,380.4199999999997,2543
2026-04-24T17:00:00+00:00,380.4199999999997,382.49999999999966,380.05999999999966,382.08999999999963,2714
2026-04-24T17:15:00+00:00,382.08999999999963,382.76999999999964,380.95999999999964,381.7899999999997,2624
2026-04-24T17:30:00+00:00,381.7899999999997,382.33999999999963,380.88999999999965,382.2299999999997,2445
2026-04-24T17:45:00+00:00,382.2299999999997,383.32999999999964,381.92999999999967,382.5399999999997,2572
2026-04-24T18:00:00+00:00,382.5399999999997,382.96999999999963,381.71999999999963,382.14999999999964,2318
2026-04-24T18:15:00+00:00,382.14999999999964,382.6099999999997,381.3599999999997,381.43999999999966,2048
2026-04-24T18:30:00+00:00,381.43999999999966,383.17999999999967,381.31999999999965,382.32999999999964,2014
2026-04-24T18:45:00+00:00,382.32999999999964,382.69999999999965,381.75999999999965,382.4199999999997,2132
2026-04-24T19:00:00+00:00,382.4199999999997,382.79999999999967,382.00999999999965,382.57999999999964,2852
2026-04-24T19:15:00+00:00,382.57999999999964,383.46999999999963,382.43999999999966,382.95999999999964,3038
2026-04-24T19:30:00+00:00,382.95999999999964,383.99999999999966,382.50999999999965,383.44999999999965,3501
2026-04-24T19:45:00+00:00,383.44999999999965,384.07999999999964,382.1099999999997,382.29999999999967,4013
2026-04-27T13:30:00+00:00,382.29999999999967,382.29999999999967,373.30999999999966,375.27999999999963,5459
2026-04-27T13:45:00+00:00,375.27999999999963,375.27999999999963,371.61999999999966,371.92999999999967,5348
2026-04-27T14:00:00+00:00,371.92999999999967,373.32999999999964,371.01999999999964,372.52999999999963,4664
2026-04-27T14:15:00+00:00,372.52999999999963,373.7899999999997,371.19999999999965,373.4799999999997,3934
2026-04-27T14:30:00+00:00,373.4799999999997,375.21999999999963,372.30999999999966,374.99999999999966,3875
2026-04-27T14:45:00+00:00,374.99999999999966,375.2299999999997,372.00999999999965,372.55999999999966,3250
2026-04-27T15:00:00+00:00,372.55999999999966,372.9799999999997,370.45999999999964,371.83999999999963,3498
2026-04-27T15:15:00+00:00,371.83999999999963,372.20999999999964,370.27999999999963,372.19999999999965,2999
2026-04-27T15:30:00+00:00,372.19999999999965,373.58999999999963,372.0399999999997,373.1699999999997,2760
2026-04-27T15:45:00+00:00,373.1699999999997,374.46999999999963,372.9199999999997,374.43999999999966,2358
2026-04-27T16:00:00+00:00,374.43999999999966,377.63999999999965,373.95999999999964,377.5399999999997,3049
2026-04-27T16:15:00+00:00,377.5399999999997,378.04999999999967,377.02999999999963,378.02999999999963,2394
2026-04-27T16:30:00+00:00,378.02999999999963,379.68999999999966,377.6099999999997,379.2899999999997,2428
2026-04-27T16:45:00+00:00,379.2899999999997,380.0999999999997,378.7899999999997,380.05999999999966,2325
2026-04-27T17:00:00+00:00,380.05999999999966,382.52999999999963,379.86999999999966,382.48999999999967,2777
2026-04-27T17:15:00+00:00,382.48999999999967,384.18999999999966,381.1699999999997,383.9199999999997,3052
2026-04-27T17:30:00+00:00,383.9199999999997,385.96999999999963,383.82999999999964,384.70999999999964,2986
2026-04-27T17:45:00+00:00,384.70999999999964,385.8599999999997,383.76999999999964,385.75999999999965,2486
2026-04-27T18:00:00+00:00,385.75999999999965,387.01999999999964,384.95999999999964,385.39999999999964,2617
2026-04-27T18:15:00+00:00,385.39999999999964,386.45999999999964,384.75999999999965,384.98999999999967,2189
2026-04-27T18:30:00+00:00,384.98999999999967,385.56999999999965,383.93999999999966,384.58999999999963,2159
2026-04-27T18:45:00+00:00,384.58999999999963,384.74999999999966,383.6699999999997,384.5399999999997,1801
2026-04-27T19:00:00+00:00,384.5399999999997,385.73999999999967,384.27999999999963,385.68999999999966,2043
2026-04-27T19:15:00+00:00,385.68999999999966,386.23999999999967,385.1099999999997,385.2899999999997,2197
2026-04-27T19:30:00+00:00,385.2899999999997,385.9199999999997,384.8599999999997,385.64999999999964,2439
2026-04-27T19:45:00+00:00,385.64999999999964,386.17999999999967,384.63999999999965,385.05999999999966,3480
2026-04-28T13:30:00+00:00,385.05999999999966,385.96999999999963,378.75999999999965,383.62999999999965,3896
2026-04-28T13:45:00+00:00,383.62999999999965,385.81999999999965,382.2299999999997,385.1099999999997,4052
2026-04-28T14:00:00+00:00,385.1099999999997,388.50999999999965,384.45999999999964,387.2899999999997,4814
2026-04-28T14:15:00+00:00,387.2899999999997,387.45999999999964,383.04999999999967,383.99999999999966,4378
2026-04-28T14:30:00+00:00,383.99999999999966,384.50999999999965,380.64999999999964,381.98999999999967,4738
2026-04-28T14:45:00+00:00,381.98999999999967,382.1699999999997,379.7899999999997,381.9199999999997,5001
2026-04-28T15:00:00+00:00,381.9199999999997,383.3599999999997,381.00999999999965,383.14999999999964,4341
2026-04-28T15:15:00+00:00,383.14999999999964,383.18999999999966,380.73999999999967,381.19999999999965,3448
2026-04-28T15:30:00+00:00,381.19999999999965,381.63999999999965,380.75999999999965,381.01999999999964,3329
2026-04-28T15:45:00+00:00,381.01999999999964,381.57999999999964,380.3499999999997,381.5399999999997,2973
2026-04-28T16:00:00+00:00,381.5399999999997,381.98999999999967,380.95999999999964,381.25999999999965,2646
2026-04-28T16:15:00+00:00,381.25999999999965,382.17999999999967,380.95999999999964,381.32999999999964,2212
2026-04-28T16:30:00+00:00,381.32999999999964,382.2299999999997,380.79999999999967,382.1099999999997,2393
2026-04-28T16:45:00+00:00,382.1099999999997,383.57999999999964,382.1099999999997,383.1599999999996,2697
2026-04-28T17:00:00+00:00,383.1599999999996,383.5399999999997,381.86999999999966,382.21999999999963,2268
2026-04-28T17:15:00+00:00,382.21999999999963,382.61999999999966,381.6099999999997,382.56999999999965,2198
2026-04-28T17:30:00+00:00,382.56999999999965,382.7899999999997,382.06999999999965,382.3599999999997,1977
2026-04-28T17:45:00+00:00,382.3599999999997,382.56999999999965,381.58999999999963,382.1599999999996,1754
2026-04-28T18:00:00+00:00,382.1599999999996,382.6099999999997,381.9099999999996,382.24999999999966,1755
2026-04-28T18:15:00+00:00,382.24999999999966,383.87999999999965,382.13999999999965,383.76999999999964,2122
2026-04-28T18:30:00+00:00,383.76999999999964,384.3599999999997,382.56999999999965,384.3599999999997,2022
2026-04-28T18:45:00+00:00,384.3599999999997,384.71999999999963,383.7899999999997,384.01999999999964,1931
2026-04-28T19:00:00+00:00,384.01999999999964,384.95999999999964,383.75999999999965,384.1099999999997,2481
2026-04-28T19:15:00+00:00,384.1099999999997,384.1099999999997,382.9199999999997,383.57999999999964,2393
2026-04-28T19:30:00+00:00,383.57999999999964,383.63999999999965,382.73999999999967,382.74999999999966,2601
2026-04-28T19:45:00+00:00,382.74999999999966,383.13999999999965,382.1599999999996,382.1599999999996,4222
2026-04-29T13:30:00+00:00,382.1599999999996,382.38999999999965,377.9099999999996,379.58999999999963,4389
2026-04-29T13:45:00+00:00,379.58999999999963,382.25999999999965,379.26999999999964,380.8499999999997,3976
2026-04-29T14:00:00+00:00,380.8499999999997,380.8499999999997,377.5399999999997,378.6599999999996,4320
2026-04-29T14:15:00+00:00,378.6599999999996,379.69999999999965,377.9199999999997,379.58999999999963,3412
2026-04-29T14:30:00+00:00,379.58999999999963,379.9099999999996,378.20999999999964,379.31999999999965,3102
2026-04-29T14:45:00+00:00,379.31999999999965,380.4799999999997,378.61999999999966,379.2399999999996,2864.5447590774147
2026-04-29T15:00:00+00:00,379.2399999999996,379.4999999999996,376.64999999999964,377.7599999999996,3090
2026-04-29T15:15:00+00:00,377.7599999999996,380.57999999999964,377.7499999999996,380.2399999999996,3050
2026-04-29T15:30:00+00:00,380.2399999999996,380.77999999999963,378.4999999999996,378.7599999999996,2946
2026-04-29T15:45:00+00:00,378.7599999999996,379.2299999999996,376.2599999999996,377.02999999999963,3536
2026-04-29T16:00:00+00:00,377.02999999999963,378.5399999999996,376.9499999999996,378.1699999999996,2637
2026-04-29T16:15:00+00:00,378.1699999999996,378.6899999999996,376.9999999999996,377.7599999999996,2288
2026-04-29T16:30:00+00:00,377.7599999999996,378.6099999999996,376.7499999999996,378.52999999999963,2745
2026-04-29T16:45:00+00:00,378.52999999999963,379.6199999999996,378.2499999999996,378.76999999999964,2369
2026-04-29T17:00:00+00:00,378.76999999999964,379.6199999999996,378.0399999999996,379.3099999999996,2275
2026-04-29T17:15:00+00:00,379.3099999999996,380.0599999999996,378.89999999999964,379.3899999999996,2162
2026-04-29T17:30:00+00:00,379.3899999999996,379.6899999999996,378.4999999999996,378.9499999999996,1680
2026-04-29T17:45:00+00:00,378.9499999999996,379.8199999999996,378.6699999999996,379.0999999999996,1927
2026-04-29T18:00:00+00:00,379.0999999999996,379.2399999999996,376.7599999999996,377.45999999999964,3296
2026-04-29T18:15:00+00:00,377.45999999999964,378.57999999999964,377.2999999999996,377.64999999999964,2616
2026-04-29T18:30:00+00:00,377.64999999999964,378.6299999999996,376.6799999999996,377.4099999999996,2969
2026-04-29T18:45:00+00:00,377.4099999999996,380.57999999999964,377.0699999999996,380.32999999999964,3213
2026-04-29T19:00:00+00:00,380.32999999999964,380.77999999999963,379.39999999999964,380.5599999999996,3394
2026-04-29T19:15:00+00:00,380.5599999999996,381.0599999999996,379.8899999999996,380.14999999999964,3027
2026-04-29T19:30:00+00:00,380.14999999999964,380.20999999999964,378.6699999999996,378.6799999999996,3096
2026-04-29T19:45:00+00:00,378.6799999999996,379.7499999999996,378.3799999999996,379.27999999999963,3486
2026-04-30T13:30:00+00:00,379.27999999999963,379.27999999999963,375.0099999999996,377.45999999999964,4479
2026-04-30T13:45:00+00:00,377.45999999999964,378.3799999999996,375.1599999999996,375.7499999999996,4441
2026-04-30T14:00:00+00:00,375.7499999999996,377.4499999999996,374.4199999999996,376.4199999999996,4551
2026-04-30T14:15:00+00:00,376.4199999999996,376.7599999999996,375.0499999999996,376.6599999999996,4318
2026-04-30T14:30:00+00:00,376.6599999999996,379.82999999999964,376.3499999999996,378.9399999999996,4694
2026-04-30T14:45:00+00:00,378.9399999999996,382.5099999999996,378.8799999999996,382.1399999999996,4197
2026-04-30T15:00:00+00:00,382.1399999999996,384.3499999999996,382.1299999999996,382.7899999999996,4203
2026-04-30T15:15:00+00:00,382.7899999999996,384.8899999999996,382.5399999999996,384.71999999999963,3702
2026-04-30T15:30:00+00:00,384.71999999999963,385.95999999999964,382.9299999999996,384.0499999999996,3516
2026-04-30T15:45:00+00:00,384.0499999999996,385.39999999999964,383.27999999999963,384.3199999999996,2812
2026-04-30T16:00:00+00:00,384.3199999999996,386.3199999999996,383.6599999999996,386.1899999999996,2604
2026-04-30T16:15:00+00:00,386.1899999999996,386.27999999999963,383.8899999999996,383.8899999999996,2387
2026-04-30T16:30:00+00:00,383.8899999999996,384.5699999999996,383.32999999999964,383.6599999999996,2293
2026-04-30T16:45:00+00:00,383.6599999999996,384.20999999999964,382.8699999999996,383.95999999999964,2449
2026-04-30T17:00:00+00:00,383.95999999999964,385.3699999999996,383.8899999999996,384.82999999999964,2122
2026-04-30T17:15:00+00:00,384.82999999999964,384.9399999999996,384.1999999999996,384.7299999999996,1737
2026-04-30T17:30:00+00:00,384.7299999999996,385.95999999999964,384.7299999999996,384.9399999999996,2149
2026-04-30T17:45:00+00:00,384.9399999999996,385.7599999999996,384.8899999999996,385.5399999999996,1523
2026-04-30T18:00:00+00:00,385.5399999999996,387.5999999999996,385.4999999999996,386.2899999999996,2370
2026-04-30T18:15:00+00:00,386.2899999999996,387.5499999999996,386.2299999999996,387.3799999999996,2065
2026-04-30T18:30:00+00:00,387.3799999999996,388.7599999999996,387.01999999999964,388.0599999999996,2490
2026-04-30T18:45:00+00:00,388.0599999999996,388.9299999999996,387.5499999999996,388.52999999999963,2216
2026-04-30T19:00:00+00:00,388.52999999999963,390.89999999999964,388.33999999999963,389.6299999999996,3341
2026-04-30T19:15:00+00:00,389.6299999999996,390.7299999999996,389.2499999999996,390.1699999999996,3011
2026-04-30T19:30:00+00:00,390.1699999999996,390.1799999999996,387.4899999999996,388.02999999999963,3282
2026-04-30T19:45:00+00:00,388.02999999999963,388.4399999999996,386.8599999999996,387.9999999999996,4022
2026-05-01T13:30:00+00:00,387.9999999999996,393.4499999999996,386.2599999999996,387.5599999999996,5535
2026-05-01T13:45:00+00:00,387.5599999999996,389.9999999999996,385.8499999999996,389.0699999999996,4927
2026-05-01T14:00:00+00:00,389.0699999999996,393.1799999999996,388.6999999999996,392.4199999999996,5240
2026-05-01T14:15:00+00:00,392.4199999999996,394.6099999999996,390.51999999999964,394.3099999999996,4394
2026-05-01T14:30:00+00:00,394.3099999999996,395.7399999999996,391.2499999999996,394.5599999999996,5481
2026-05-01T14:45:00+00:00,394.5599999999996,397.8099999999996,393.9399999999996,397.3599999999996,4946.9184330263015
2026-05-01T15:00:00+00:00,397.3599999999996,399.27999999999963,396.0899999999996,398.2899999999996,5356
2026-05-01T15:15:00+00:00,398.2899999999996,398.8499999999996,397.3399999999996,398.8199999999996,3991
2026-05-01T15:30:00+00:00,398.8199999999996,401.8399999999996,398.4999999999996,400.8399999999996,4227
2026-05-01T15:45:00+00:00,400.8399999999996,402.6499999999996,398.8199999999996,400.5899999999996,4796
2026-05-01T16:00:00+00:00,400.5899999999996,402.5999999999996,399.4899999999996,400.1999999999996,3829
2026-05-01T16:15:00+00:00,400.1999999999996,402.5399999999996,400.1899999999996,401.5199999999996,3872
2026-05-01T16:30:00+00:00,401.5199999999996,402.1799999999996,399.5999999999996,400.4099999999996,3661
2026-05-01T16:45:00+00:00,400.4099999999996,401.5699999999996,399.5099999999996,400.7599999999996,3380
2026-05-01T17:00:00+00:00,400.7599999999996,401.3699999999996,399.9999999999996,401.2999999999996,3016
2026-05-01T17:15:00+00:00,401.2999999999996,401.8499999999996,400.9499999999996,401.3999999999996,2671
2026-05-01T17:30:00+00:00,401.3999999999996,403.6099999999996,401.02999999999963,403.2399999999996,2997
2026-05-01T17:45:00+00:00,403.2399999999996,403.9199999999996,402.7699999999996,403.8099999999996,2702
2026-05-01T18:00:00+00:00,403.8099999999996,403.9899999999996,402.5199999999996,402.8299999999996,3083
2026-05-01T18:15:00+00:00,402.8299999999996,403.0799999999996,401.5499999999996,402.4099999999996,3201
2026-05-01T18:30:00+00:00,402.4099999999996,402.5599999999996,400.1199999999996,400.8799999999996,3210
2026-05-01T18:45:00+00:00,400.8799999999996,401.3899999999996,399.7999999999996,400.4599999999996,2781
2026-05-01T19:00:00+00:00,400.4599999999996,401.9799999999996,400.4599999999996,401.6899999999996,3201
2026-05-01T19:15:00+00:00,401.6899999999996,401.7399999999996,400.0199999999996,400.5699999999996,3226
2026-05-01T19:30:00+00:00,400.5699999999996,400.71999999999963,397.7299999999996,398.0599999999996,4526
2026-05-01T19:45:00+00:00,398.0599999999996,398.6599999999996,396.2999999999996,396.9299999999996,5344
2026-05-04T13:30:00+00:00,396.9299999999996,400.4399999999996,393.5899999999996,398.9799999999996,4953
2026-05-04T13:45:00+00:00,398.9799999999996,400.1799999999996,396.4999999999996,399.2599999999996,4424
2026-05-04T14:00:00+00:00,399.2599999999996,400.6499999999996,395.6099999999996,397.8799999999996,4531
2026-05-04T14:15:00+00:00,397.8799999999996,398.8799999999996,395.0699999999996,395.1099999999996,3818
2026-05-04T14:30:00+00:00,395.1099999999996,397.8699999999996,394.6199999999996,396.96999999999963,3483
2026-05-04T14:45:00+00:00,396.96999999999963,398.5899999999996,395.5999999999996,395.6099999999996,3322
2026-05-04T15:00:00+00:00,395.6099999999996,397.6299999999996,395.0899999999996,395.8699999999996,3534
2026-05-04T15:15:00+00:00,395.8699999999996,396.4499999999996,392.0199999999996,394.9199999999996,5633
2026-05-04T15:30:00+00:00,394.9199999999996,395.2599999999996,391.4199999999996,393.5899999999996,4875
2026-05-04T15:45:00+00:00,393.5899999999996,393.8699999999996,391.4299999999996,393.3199999999996,4404
2026-05-04T16:00:00+00:00,393.3199999999996,393.7399999999996,390.9999999999996,392.71999999999963,4259
2026-05-04T16:15:00+00:00,392.71999999999963,395.0599999999996,392.0899999999996,393.5699999999996,4129
2026-05-04T16:30:00+00:00,393.5699999999996,395.0799999999996,393.3099999999996,394.5599999999996,2962
2026-05-04T16:45:00+00:00,394.5599999999996,396.21999999999963,394.3999999999996,396.0699999999996,2901
2026-05-04T17:00:00+00:00,396.0699999999996,398.8899999999996,395.9999999999996,398.3499999999996,3305
2026-05-04T17:15:00+00:00,398.3499999999996,400.4199999999996,398.0499999999996,399.4799999999996,3302
2026-05-04T17:30:00+00:00,399.4799999999996,400.1899999999996,398.7099999999996,399.6799999999996,2475
2026-05-04T17:45:00+00:00,399.6799999999996,399.6799999999996,398.3099999999996,398.3099999999996,1991
2026-05-04T18:00:00+00:00,398.3099999999996,399.02999999999963,397.6899999999996,397.8199999999996,1953
2026-05-04T18:15:00+00:00,397.8199999999996,398.6399999999996,397.0199999999996,398.6199999999996,2322
2026-05-04T18:30:00+00:00,398.6199999999996,398.7399999999996,397.1699999999996,397.2099999999996,1832
2026-05-04T18:45:00+00:00,397.2099999999996,399.0399999999996,396.7999999999996,398.9599999999996,2170
2026-05-04T19:00:00+00:00,398.9599999999996,399.96999999999963,398.3999999999996,399.8499999999996,2977
2026-05-04T19:15:00+00:00,399.8499999999996,400.0099999999996,398.7399999999996,399.2699999999996,2906
2026-05-04T19:30:00+00:00,399.2699999999996,399.4599999999996,398.21999999999963,398.6999999999996,2597
2026-05-04T19:45:00+00:00,398.6999999999996,399.0999999999996,397.9899999999996,398.77999999999963,3378
2026-05-05T13:30:00+00:00,398.77999999999963,408.1499999999996,398.77999999999963,407.1999999999996,5534
2026-05-05T13:45:00+00:00,407.1999999999996,408.02999999999963,402.9299999999996,404.2899999999996,4567
2026-05-05T14:00:00+00:00,404.2899999999996,407.8999999999996,401.71999999999963,401.8499999999996,4901
2026-05-05T14:15:00+00:00,401.8499999999996,402.9999999999996,400.4499999999996,400.5899999999996,5021
2026-05-05T14:30:00+00:00,400.5899999999996,401.6799999999996,398.2999999999996,400.0399999999996,4530
2026-05-05T14:45:00+00:00,400.0399999999996,400.7399999999996,398.4199999999996,398.4499999999996,4064
2026-05-05T15:00:00+00:00,398.4499999999996,399.6599999999996,398.02999999999963,398.5399999999996,3808
2026-05-05T15:15:00+00:00,398.5399999999996,400.1799999999996,397.7399999999996,400.1799999999996,3735
2026-05-05T15:30:00+00:00,400.1799999999996,401.5399999999996,398.9899999999996,401.0499999999996,3472
2026-05-05T15:45:00+00:00,401.0499999999996,401.3999999999996,398.5099999999996,399.1699999999996,2984
2026-05-05T16:00:00+00:00,399.1699999999996,400.3999999999996,398.5099999999996,398.6299999999996,2838
2026-05-05T16:15:00+00:00,398.6299999999996,398.7999999999996,395.1699999999996,395.7999999999996,3262
2026-05-05T16:30:00+00:00,395.7999999999996,398.4399999999996,395.3899999999996,398.3099999999996,3146
2026-05-05T16:45:00+00:00,398.3099999999996,398.6599999999996,397.2699999999996,398.4199999999996,2588
2026-05-05T17:00:00+00:00,398.4199999999996,398.5499999999996,397.46999999999963,397.7499999999996,2399
2026-05-05T17:15:00+00:00,397.7499999999996,398.3499999999996,397.4599999999996,398.2299999999996,2243
2026-05-05T17:30:00+00:00,398.2299999999996,398.6499999999996,397.4899999999996,398.2299999999996,2215
2026-05-05T17:45:00+00:00,398.2299999999996,398.6299999999996,397.3399999999996,397.3399999999996,2090
2026-05-05T18:00:00+00:00,397.3399999999996,399.2299999999996,397.3399999999996,398.6799999999996,2051
2026-05-05T18:15:00+00:00,398.6799999999996,398.9899999999996,397.9099999999996,397.9599999999996,1758
2026-05-05T18:30:00+00:00,397.9599999999996,398.5999999999996,397.3499999999996,397.5899999999996,2196
2026-05-05T18:45:00+00:00,397.5899999999996,397.8499999999996,396.3899999999996,397.2399999999996,2193
2026-05-05T19:00:00+00:00,397.2399999999996,398.4899999999996,397.1399999999996,397.8499999999996,2540
2026-05-05T19:15:00+00:00,397.8499999999996,398.77999999999963,397.7099999999996,398.2699999999996,2591
2026-05-05T19:30:00+00:00,398.2699999999996,398.5899999999996,397.5599999999996,398.4199999999996,2610
2026-05-05T19:45:00+00:00,398.4199999999996,398.6299999999996,395.3299999999996,395.7299999999996,4529
2026-05-06T13:30:00+00:00,395.7299999999996,396.1299999999996,390.1999999999996,395.6799999999996,4715
2026-05-06T13:45:00+00:00,395.6799999999996,398.1899999999996,394.4099999999996,395.7299999999996,4487
2026-05-06T14:00:00+00:00,395.7299999999996,399.4499999999996,395.1199999999996,398.4799999999996,4420
2026-05-06T14:15:00+00:00,398.4799999999996,400.6699999999996,398.4599999999996,399.6699999999996,3994
2026-05-06T14:30:00+00:00,399.6699999999996,400.2299999999996,398.3299999999996,399.4499999999996,3546
2026-05-06T14:45:00+00:00,399.4499999999996,399.6099999999996,397.24999999999966,397.36999999999966,3196.6963123644255
2026-05-06T15:00:00+00:00,397.36999999999966,398.4199999999997,397.2599999999997,398.0199999999997,2759
2026-05-06T15:15:00+00:00,398.0199999999997,400.1099999999997,397.8899999999997,399.05999999999966,3045
2026-05-06T15:30:00+00:00,399.05999999999966,399.9699999999997,397.55999999999966,398.3599999999997,2687
2026-05-06T15:45:00+00:00,398.3599999999997,401.4999999999997,397.6999999999997,400.7099999999997,3026
2026-05-06T16:00:00+00:00,400.7099999999997,401.8399999999997,400.1699999999997,401.5299999999997,2677
2026-05-06T16:15:00+00:00,401.5299999999997,404.1699999999997,401.05999999999966,403.2599999999997,3021
2026-05-06T16:30:00+00:00,403.2599999999997,403.48999999999967,402.2299999999997,403.1899999999997,2162
2026-05-06T16:45:00+00:00,403.1899999999997,403.86999999999966,401.8599999999997,403.55999999999966,2544
2026-05-06T17:00:00+00:00,403.55999999999966,405.8599999999997,403.2699999999997,405.3599999999997,2981
2026-05-06T17:15:00+00:00,405.3599999999997,405.6099999999997,404.11999999999966,404.7599999999997,2198
2026-05-06T17:30:00+00:00,404.7599999999997,405.05999999999966,403.54999999999967,403.7199999999997,2215
2026-05-06T17:45:00+00:00,403.7199999999997,403.9799999999997,402.7699999999997,403.67999999999967,2043
2026-05-06T18:00:00+00:00,403.67999999999967,406.7599999999997,403.6599999999997,406.5899999999997,2585
2026-05-06T18:15:00+00:00,406.5899999999997,407.2699999999997,405.3799999999997,407.0099999999997,2612
2026-05-06T18:30:00+00:00,407.0099999999997,407.4799999999997,405.9599999999997,406.11999999999966,2211
2026-05-06T18:45:00+00:00,406.11999999999966,406.73999999999967,405.2199999999997,405.29999999999967,2089
2026-05-06T19:00:00+00:00,405.29999999999967,407.0799999999997,405.2599999999997,406.8999999999997,3045
2026-05-06T19:15:00+00:00,406.8999999999997,407.7599999999997,406.0699999999997,406.86999999999966,2903
2026-05-06T19:30:00+00:00,406.86999999999966,406.86999999999966,404.7199999999997,404.8899999999997,3164
2026-05-06T19:45:00+00:00,404.8899999999997,406.5399999999997,404.2099999999997,404.8399999999997,3650
2026-05-07T13:30:00+00:00,404.8399999999997,420.4399999999997,404.8399999999997,417.5899999999997,6036
2026-05-07T13:45:00+00:00,417.5899999999997,419.6499999999997,414.54999999999967,419.5699999999997,4764
2026-05-07T14:00:00+00:00,419.5699999999997,420.2699999999997,415.6599999999997,417.4499999999997,4573
2026-05-07T14:15:00+00:00,417.4499999999997,417.9499999999997,414.9799999999997,417.1899999999997,4413
2026-05-07T14:30:00+00:00,417.1899999999997,421.4999999999997,416.92999999999967,421.3399999999997,4134
2026-05-07T14:45:00+00:00,421.3399999999997,421.9499999999997,417.2199999999997,417.4699999999997,4052
2026-05-07T15:00:00+00:00,417.4699999999997,417.7899999999997,415.2699999999997,416.0099999999997,3536
2026-05-07T15:15:00+00:00,416.0099999999997,416.4499999999997,414.0199999999997,414.9099999999997,3947
2026-05-07T15:30:00+00:00,414.9099999999997,417.42999999999967,414.8999999999997,416.8299999999997,3291
2026-05-07T15:45:00+00:00,416.8299999999997,417.0999999999997,413.17999999999967,413.5199999999997,3527
2026-05-07T16:00:00+00:00,413.5199999999997,413.9499999999997,411.1899999999997,411.3499999999997,4319
2026-05-07T16:15:00+00:00,411.3499999999997,413.4799999999997,409.67999999999967,413.2699999999997,4700
2026-05-07T16:30:00+00:00,413.2699999999997,414.8199999999997,412.4999999999997,414.6899999999997,3482
2026-05-07T16:45:00+00:00,414.6899999999997,415.7299999999997,413.1699999999997,414.6499999999997,3578
2026-05-07T17:00:00+00:00,414.6499999999997,415.7499999999997,412.1699999999997,412.3499999999997,3081
2026-05-07T17:15:00+00:00,412.3499999999997,413.1099999999997,410.55999999999966,411.8599999999997,4014
2026-05-07T17:30:00+00:00,411.8599999999997,413.4799999999997,410.9099999999997,412.3799999999997,3218
2026-05-07T17:45:00+00:00,412.3799999999997,413.55999999999966,411.6599999999997,413.3599999999997,2862
2026-05-07T18:00:00+00:00,413.3599999999997,414.0999999999997,412.86999999999966,413.5699999999997,3059
2026-05-07T18:15:00+00:00,413.5699999999997,413.7499999999997,411.8499999999997,412.0099999999997,2734
2026-05-07T18:30:00+00:00,412.0099999999997,412.8199999999997,409.3499999999997,409.7099999999997,3077
2026-05-07T18:45:00+00:00,409.7099999999997,410.6099999999997,408.29999999999967,410.5799999999997,3825
2026-05-07T19:00:00+00:00,410.5799999999997,411.6299999999997,409.80999999999966,411.4399999999997,3100
2026-05-07T19:15:00+00:00,411.4399999999997,411.73999999999967,410.4199999999997,411.4999999999997,3186
2026-05-07T19:30:00+00:00,411.4999999999997,413.1299999999997,411.3799999999997,412.2199999999997,3579
2026-05-07T19:45:00+00:00,412.2199999999997,418.0899999999997,411.6599999999997,417.9099999999997,4701
2026-05-08T13:30:00+00:00,417.9099999999997,428.9199999999997,417.9099999999997,428.17999999999967,6118
2026-05-08T13:45:00+00:00,428.17999999999967,434.54999999999967,428.1599999999997,434.1499999999997,5694
2026-05-08T14:00:00+00:00,434.1499999999997,435.9599999999997,431.8799999999997,432.0099999999997,5569
2026-05-08T14:15:00+00:00,432.0099999999997,435.5399999999997,430.9599999999997,431.1699999999997,4652
2026-05-08T14:30:00+00:00,431.1699999999997,431.9599999999997,429.0399999999997,431.7699999999997,4998
2026-05-08T14:45:00+00:00,431.7699999999997,435.04999999999967,431.3999999999997,433.6299999999997,4135.278997560435
2026-05-08T15:00:00+00:00,433.6299999999997,436.53999999999974,433.4899999999997,434.1999999999997,4777
2026-05-08T15:15:00+00:00,434.1999999999997,434.7799999999997,433.21999999999974,434.7799999999997,3622
2026-05-08T15:30:00+00:00,434.7799999999997,436.4499999999997,434.1299999999997,434.91999999999973,3809
2026-05-08T15:45:00+00:00,434.91999999999973,437.2599999999997,433.5099999999997,434.9499999999997,3857
2026-05-08T16:00:00+00:00,434.9499999999997,435.6199999999997,434.7699999999997,435.15999999999974,3144
2026-05-08T16:15:00+00:00,435.15999999999974,435.2699999999997,433.09999999999974,434.6399999999997,2870
2026-05-08T16:30:00+00:00,434.6399999999997,435.3099999999997,433.6299999999997,433.7099999999997,2626
2026-05-08T16:45:00+00:00,433.7099999999997,434.1199999999997,432.96999999999974,433.60999999999973,2913
2026-05-08T17:00:00+00:00,433.60999999999973,434.90999999999974,432.6299999999997,432.9399999999997,3197
2026-05-08T17:15:00+00:00,432.9399999999997,433.5899999999997,432.4399999999997,433.09999999999974,2987
2026-05-08T17:30:00+00:00,433.09999999999974,434.0599999999997,432.5799999999997,432.7599999999997,2463
2026-05-08T17:45:00+00:00,432.7599999999997,433.8899999999997,432.6399999999997,432.6899999999997,2305
2026-05-08T18:00:00+00:00,432.6899999999997,433.71999999999974,431.59999999999974,431.97999999999973,2740
2026-05-08T18:15:00+00:00,431.97999999999973,435.0499999999997,431.9299999999997,434.7399999999997,2509
2026-05-08T18:30:00+00:00,434.7399999999997,435.5599999999997,433.90999999999974,433.9599999999997,2639
2026-05-08T18:45:00+00:00,433.9599999999997,434.5099999999997,432.0899999999997,432.0899999999997,2837
2026-05-08T19:00:00+00:00,432.0899999999997,433.09999999999974,432.0199999999997,432.5299999999997,3254
2026-05-08T19:15:00+00:00,432.5299999999997,433.10999999999973,431.4399999999997,431.4599999999997,2992
2026-05-08T19:30:00+00:00,431.4599999999997,431.85999999999973,430.9299999999997,431.1399999999997,3872
2026-05-08T19:45:00+00:00,431.1399999999997,434.71999999999974,430.5099999999997,434.66999999999973,5858
2026-05-11T13:30:00+00:00,434.66999999999973,434.66999999999973,424.7699999999997,427.1499999999997,4881
2026-05-11T13:45:00+00:00,427.1499999999997,429.5299999999997,427.10999999999973,427.66999999999973,4439
2026-05-11T14:00:00+00:00,427.66999999999973,428.03999999999974,425.1299999999997,426.1899999999997,4381
2026-05-11T14:15:00+00:00,426.1899999999997,427.2599999999997,423.8299999999997,423.97999999999973,4230
2026-05-11T14:30:00+00:00,423.97999999999973,424.8799999999997,422.90999999999974,424.1399999999997,4755
2026-05-11T14:45:00+00:00,424.1399999999997,428.78999999999974,423.6999999999997,428.7499999999997,4789
2026-05-11T15:00:00+00:00,428.7499999999997,436.2099999999997,428.7099999999997,436.1499999999997,4657
2026-05-11T15:15:00+00:00,436.1499999999997,442.35999999999973,435.65999999999974,441.7099999999997,5474
2026-05-11T15:30:00+00:00,441.7099999999997,447.15999999999974,440.8999999999997,445.7799999999997,5659
2026-05-11T15:45:00+00:00,445.7799999999997,447.65999999999974,442.9999999999997,443.66999999999973,5252
2026-05-11T16:00:00+00:00,443.66999999999973,446.9299999999997,442.3799999999997,446.7699999999997,3882
2026-05-11T16:15:00+00:00,446.7699999999997,446.7699999999997,444.2999999999997,445.9899999999997,3636
2026-05-11T16:30:00+00:00,445.9899999999997,449.46999999999974,444.35999999999973,445.28999999999974,4413
2026-05-11T16:45:00+00:00,445.28999999999974,446.7499999999997,443.8799999999997,446.6199999999997,3852
2026-05-11T17:00:00+00:00,446.6199999999997,447.3699999999997,443.9399999999997,445.1199999999997,3336
2026-05-11T17:15:00+00:00,445.1199999999997,446.4299999999997,444.3299999999997,446.15999999999974,3190
2026-05-11T17:30:00+00:00,446.15999999999974,447.21999999999974,445.46999999999974,447.0599999999997,3142
2026-05-11T17:45:00+00:00,447.0599999999997,449.59999999999974,446.96999999999974,448.4299999999997,3293
2026-05-11T18:00:00+00:00,448.4299999999997,451.5299999999997,448.40999999999974,450.4499999999997,3780
2026-05-11T18:15:00+00:00,450.4499999999997,453.46999999999974,449.8899999999997,452.9899999999997,3718
2026-05-11T18:30:00+00:00,452.9899999999997,453.6399999999997,451.1299999999997,451.2499999999997,4038
2026-05-11T18:45:00+00:00,451.2499999999997,453.22999999999973,450.53999999999974,450.6299999999997,3911
2026-05-11T19:00:00+00:00,450.6299999999997,455.21999999999974,450.47999999999973,453.9899999999997,4095
2026-05-11T19:15:00+00:00,453.9899999999997,454.3999999999997,451.0099999999997,451.41999999999973,4341
2026-05-11T19:30:00+00:00,451.41999999999973,453.4999999999997,450.8899999999997,451.90999999999974,4351
2026-05-11T19:45:00+00:00,451.90999999999974,451.90999999999974,448.5499999999997,451.1799999999997,5133
2026-05-12T13:30:00+00:00,451.1799999999997,453.7699999999997,444.5299999999997,451.72999999999973,5547
2026-05-12T13:45:00+00:00,451.72999999999973,452.1399999999997,442.66999999999973,443.0199999999997,4983
2026-05-12T14:00:00+00:00,443.0199999999997,445.1399999999997,442.3999999999997,444.53999999999974,4892
2026-05-12T14:15:00+00:00,444.53999999999974,445.5499999999997,441.2099999999997,441.2999999999997,4476
2026-05-12T14:30:00+00:00,441.2999999999997,442.5599999999997,438.3999999999997,441.9599999999997,5436
2026-05-12T14:45:00+00:00,441.9599999999997,441.9599999999997,436.47999999999973,436.8299999999997,4784
2026-05-12T15:00:00+00:00,436.8299999999997,438.4599999999997,435.5299999999997,435.6899999999997,4550
2026-05-12T15:15:00+00:00,435.6899999999997,435.7099999999997,432.5299999999997,432.7499999999997,4911
2026-05-12T15:30:00+00:00,432.7499999999997,435.7599999999997,432.7399999999997,435.5699999999997,4420
2026-05-12T15:45:00+00:00,435.5699999999997,435.9899999999997,430.7099999999997,431.16999999999973,3800
2026-05-12T16:00:00+00:00,431.16999999999973,434.2699999999997,430.7399999999997,434.16999999999973,3740
2026-05-12T16:15:00+00:00,434.16999999999973,434.16999999999973,431.7599999999997,431.7999999999997,3237
2026-05-12T16:30:00+00:00,431.7999999999997,432.0599999999997,428.9299999999997,429.2399999999997,3672
2026-05-12T16:45:00+00:00,429.2399999999997,429.7999999999997,428.3999999999997,428.9999999999997,3620
2026-05-12T17:00:00+00:00,428.9999999999997,432.2499999999997,428.97999999999973,432.1999999999997,3507
2026-05-12T17:15:00+00:00,432.1999999999997,434.47999999999973,431.9999999999997,433.0099999999997,3712
2026-05-12T17:30:00+00:00,433.0099999999997,434.6399999999997,432.8299999999997,433.4399999999997,2961
2026-05-12T17:45:00+00:00,433.4399999999997,434.6899999999997,432.6899999999997,433.7499999999997,2862
2026-05-12T18:00:00+00:00,433.7499999999997,435.34999999999974,433.6899999999997,435.2599999999997,3001
2026-05-12T18:15:00+00:00,435.2599999999997,436.3899999999997,434.7599999999997,435.8199999999997,2731
2026-05-12T18:30:00+00:00,435.8199999999997,436.5499999999997,435.28999999999974,435.60999999999973,2510
2026-05-12T18:45:00+00:00,435.60999999999973,437.9999999999997,435.2799999999997,435.8299999999997,2959
2026-05-12T19:00:00+00:00,435.8299999999997,439.4999999999997,435.66999999999973,438.4599999999997,3336
2026-05-12T19:15:00+00:00,438.4599999999997,439.60999999999973,437.5299999999997,439.34999999999974,3327
2026-05-12T19:30:00+00:00,439.34999999999974,441.0799999999997,439.34999999999974,441.0299999999997,3891
2026-05-12T19:45:00+00:00,441.0299999999997,441.8199999999997,438.6299999999997,439.8999999999997,5144
2026-05-13T13:30:00+00:00,439.8999999999997,445.5899999999997,439.8999999999997,440.7399999999997,4785
2026-05-13T13:45:00+00:00,440.7399999999997,441.1299999999997,436.3299999999997,439.5899999999997,5448
2026-05-13T14:00:00+00:00,439.5899999999997,446.59999999999974,439.5899999999997,445.96999999999974,5011
2026-05-13T14:15:00+00:00,445.96999999999974,449.3299999999997,443.3099999999997,448.5899999999997,5034
2026-05-13T14:30:00+00:00,448.5899999999997,454.5499999999997,448.16999999999973,453.8199999999997,5610
2026-05-13T14:45:00+00:00,453.8199999999997,454.2199999999997,450.6399999999997,453.59999999999974,4823.417687222282
2026-05-13T15:00:00+00:00,453.59999999999974,455.85999999999973,452.47999999999973,454.3299999999997,4714
2026-05-13T15:15:00+00:00,454.3299999999997,457.47999999999973,453.4399999999997,456.6899999999997,4808
2026-05-13T15:30:00+00:00,456.6899999999997,459.47999999999973,456.15999999999974,458.6399999999997,4656
2026-05-13T15:45:00+00:00,458.6399999999997,458.6999999999997,453.0099999999997,453.2799999999997,4578
2026-05-13T16:00:00+00:00,453.2799999999997,455.21999999999974,452.71999999999974,455.16999999999973,3898
2026-05-13T16:15:00+00:00,455.16999999999973,457.7799999999997,454.8799999999997,457.28999999999974,3668
2026-05-13T16:30:00+00:00,457.28999999999974,458.3799999999997,455.6299999999997,455.9499999999997,3674
2026-05-13T16:45:00+00:00,455.9499999999997,457.2099999999997,454.46999999999974,454.60999999999973,3116
2026-05-13T17:00:00+00:00,454.60999999999973,456.4999999999997,454.60999999999973,454.84999999999974,2749
2026-05-13T17:15:00+00:00,454.84999999999974,455.66999999999973,454.16999999999973,454.41999999999973,2563
2026-05-13T17:30:00+00:00,454.41999999999973,455.1799999999997,453.1799999999997,454.0199999999997,3105
2026-05-13T17:45:00+00:00,454.0199999999997,454.5599999999997,453.03999999999974,453.1299999999997,2506
2026-05-13T18:00:00+00:00,453.1299999999997,456.90999999999974,453.0199999999997,456.90999999999974,3012
2026-05-13T18:15:00+00:00,456.90999999999974,457.47999999999973,453.2599999999997,453.2999999999997,3748
2026-05-13T18:30:00+00:00,453.2999999999997,454.2799999999997,451.84999999999974,451.8899999999997,2527
2026-05-13T18:45:00+00:00,451.8899999999997,453.8699999999997,451.72999999999973,451.84999999999974,2996
2026-05-13T19:00:00+00:00,451.84999999999974,454.4399999999997,451.8399999999997,454.21999999999974,3320
2026-05-13T19:15:00+00:00,454.21999999999974,454.35999999999973,450.1399999999997,450.6799999999997,4081
2026-05-13T19:30:00+00:00,450.6799999999997,451.7599999999997,449.6299999999997,450.7999999999997,3295
2026-05-13T19:45:00+00:00,450.7999999999997,451.5899999999997,450.3399999999997,451.1999999999997,3921
2026-05-14T13:30:00+00:00,451.1999999999997,452.5199999999997,448.85999999999973,449.6199999999997,4930
2026-05-14T13:45:00+00:00,449.6199999999997,451.8699999999997,448.1499999999997,448.6499999999997,4939
2026-05-14T14:00:00+00:00,448.6499999999997,452.4899999999997,447.6799999999997,449.5499999999997,5068
2026-05-14T14:15:00+00:00,449.5499999999997,451.3099999999997,447.2799999999997,448.22999999999973,4376
2026-05-14T14:30:00+00:00,448.22999999999973,451.4599999999997,447.8899999999997,451.2999999999997,3969
2026-05-14T14:45:00+00:00,451.2999999999997,452.6999999999997,450.3799999999997,450.47999999999973,4006
2026-05-14T15:00:00+00:00,450.47999999999973,453.1199999999997,450.1899999999997,452.91999999999973,3471
2026-05-14T15:15:00+00:00,452.91999999999973,453.78999999999974,452.4399999999997,452.7099999999997,3410
2026-05-14T15:30:00+00:00,452.7099999999997,456.22999999999973,452.2699999999997,455.4599999999997,3762
2026-05-14T15:45:00+00:00,455.4599999999997,455.7599999999997,454.2599999999997,454.8299999999997,3095
2026-05-14T16:00:00+00:00,454.8299999999997,457.0699999999997,454.78999999999974,455.7799999999997,2898
2026-05-14T16:15:00+00:00,455.7799999999997,458.0199999999997,454.7999999999997,455.0599999999997,3240
2026-05-14T16:30:00+00:00,455.0599999999997,455.6299999999997,453.40999999999974,453.8299999999997,3579
2026-05-14T16:45:00+00:00,453.8299999999997,454.2499999999997,452.2399999999997,453.7699999999997,3603
2026-05-14T17:00:00+00:00,453.7699999999997,454.09999999999974,451.1899999999997,451.66999999999973,3413
2026-05-14T17:15:00+00:00,451.66999999999973,452.15999999999974,449.7399999999997,450.9399999999997,6066
2026-05-14T17:30:00+00:00,450.9399999999997,452.1799999999997,450.7099999999997,452.03999999999974,3845
2026-05-14T17:45:00+00:00,452.03999999999974,453.2599999999997,451.9999999999997,452.84999999999974,2549
2026-05-14T18:00:00+00:00,452.84999999999974,452.84999999999974,450.41999999999973,451.66999999999973,4025
2026-05-14T18:15:00+00:00,451.66999999999973,451.7399999999997,449.53999999999974,449.7499999999997,2825
2026-05-14T18:30:00+00:00,449.7499999999997,451.0699999999997,449.6499999999997,450.9899999999997,2342
2026-05-14T18:45:00+00:00,450.9899999999997,451.97999999999973,450.5799999999997,451.1399999999997,2815
2026-05-14T19:00:00+00:00,451.1399999999997,452.03999999999974,450.3899999999997,450.8399999999997,3124
2026-05-14T19:15:00+00:00,450.8399999999997,451.21999999999974,449.2399999999997,449.3799999999997,3250
2026-05-14T19:30:00+00:00,449.3799999999997,450.4599999999997,449.2599999999997,449.84999999999974,3174
2026-05-14T19:45:00+00:00,449.84999999999974,450.0599999999997,448.6299999999997,449.4999999999997,3670
2026-05-15T13:30:00+00:00,449.4999999999997,449.4999999999997,432.2099999999997,432.65999999999974,5735
2026-05-15T13:45:00+00:00,432.65999999999974,436.3899999999997,431.16999999999973,432.0899999999997,6196
2026-05-15T14:00:00+00:00,432.0899999999997,435.4299999999997,431.7799999999997,435.1499999999997,5534
2026-05-15T14:15:00+00:00,435.1499999999997,435.7999999999997,431.8099999999997,432.65999999999974,5099
2026-05-15T14:30:00+00:00,432.65999999999974,434.3999999999997,432.2099999999997,433.96999999999974,4581
2026-05-15T14:45:00+00:00,433.96999999999974,434.1299999999997,431.4999999999997,431.5899999999997,4880.2256699576865
2026-05-15T15:00:00+00:00,431.5899999999997,432.6099999999997,430.4199999999997,431.7099999999997,5203
2026-05-15T15:15:00+00:00,431.7099999999997,433.0399999999997,431.1099999999997,431.9199999999997,4615
2026-05-15T15:30:00+00:00,431.9199999999997,433.7799999999997,431.2799999999997,431.54999999999967,4776
2026-05-15T15:45:00+00:00,431.54999999999967,432.0899999999997,429.98999999999967,431.04999999999967,4814
2026-05-15T16:00:00+00:00,431.04999999999967,431.9799999999997,430.0199999999997,430.8299999999997,4607
2026-05-15T16:15:00+00:00,430.8299999999997,430.8999999999997,429.79999999999967,430.6899999999997,4055
2026-05-15T16:30:00+00:00,430.6899999999997,431.0999999999997,429.6499999999997,430.5099999999997,3482
2026-05-15T16:45:00+00:00,430.5099999999997,430.8599999999997,429.5199999999997,430.8199999999997,3460
2026-05-15T17:00:00+00:00,430.8199999999997,433.7299999999997,430.6399999999997,433.4499999999997,3752
2026-05-15T17:15:00+00:00,433.4499999999997,434.80999999999966,432.49999999999966,434.4599999999997,3940
2026-05-15T17:30:00+00:00,434.4599999999997,435.4499999999997,433.8999999999997,433.9199999999997,3684
2026-05-15T17:45:00+00:00,433.9199999999997,434.8799999999997,433.6099999999997,434.3299999999997,2930
2026-05-15T18:00:00+00:00,434.3299999999997,435.2199999999997,433.9699999999997,434.1299999999997,3401
2026-05-15T18:15:00+00:00,434.1299999999997,434.1999999999997,431.6099999999997,431.7199999999997,4493
2026-05-15T18:30:00+00:00,431.7199999999997,431.92999999999967,430.3999999999997,431.3299999999997,4710
2026-05-15T18:45:00+00:00,431.3299999999997,432.6099999999997,430.80999999999966,431.8899999999997,3828
2026-05-15T19:00:00+00:00,431.8899999999997,432.0099999999997,429.79999999999967,430.4099999999997,5245
2026-05-15T19:15:00+00:00,430.4099999999997,430.99999999999966,428.79999999999967,429.11999999999966,5327
2026-05-15T19:30:00+00:00,429.11999999999966,430.9199999999997,428.6899999999997,430.3899999999997,5249
2026-05-15T19:45:00+00:00,430.3899999999997,430.67999999999967,428.0899999999997,428.30999999999966,6451
2026-05-18T13:30:00+00:00,428.30999999999966,428.30999999999966,417.8899999999997,417.9599999999997,4879
2026-05-18T13:45:00+00:00,417.9599999999997,422.7299999999997,417.11999999999966,422.1599999999997,5233
2026-05-18T14:00:00+00:00,422.1599999999997,423.8799999999997,419.1399999999997,422.7799999999997,4256
2026-05-18T14:15:00+00:00,422.7799999999997,424.8499999999997,419.86999999999966,419.8999999999997,3884
2026-05-18T14:30:00+00:00,419.8999999999997,420.5199999999997,416.42999999999967,418.3999999999997,6119
2026-05-18T14:45:00+00:00,418.3999999999997,418.7099999999997,415.4599999999997,416.9499999999997,5165
2026-05-18T15:00:00+00:00,416.9499999999997,418.3199999999997,414.9499999999997,416.67999999999967,5522
2026-05-18T15:15:00+00:00,416.67999999999967,416.7099999999997,414.3199999999997,414.36999999999966,4682
2026-05-18T15:30:00+00:00,414.36999999999966,417.49999999999966,413.9599999999997,416.3499999999997,4119
2026-05-18T15:45:00+00:00,416.3499999999997,419.24999999999966,416.3499999999997,418.1399999999997,3541
2026-05-18T16:00:00+00:00,418.1399999999997,419.7099999999997,417.3999999999997,419.67999999999967,2983
2026-05-18T16:15:00+00:00,419.67999999999967,420.5899999999997,415.0999999999997,415.3899999999997,3332
2026-05-18T16:30:00+00:00,415.3899999999997,417.49999999999966,414.7599999999997,416.1499999999997,3509
2026-05-18T16:45:00+00:00,416.1499999999997,418.4399999999997,415.8599999999997,417.6499999999997,3199
2026-05-18T17:00:00+00:00,417.6499999999997,417.7699999999997,415.8499999999997,415.92999999999967,3026
2026-05-18T17:15:00+00:00,415.92999999999967,416.5799999999997,415.3499999999997,415.99999999999966,2642
2026-05-18T17:30:00+00:00,415.99999999999966,416.0899999999997,413.7099999999997,414.6299999999997,3205
2026-05-18T17:45:00+00:00,414.6299999999997,415.6599999999997,413.79999999999967,415.4399999999997,2892
2026-05-18T18:00:00+00:00,415.4399999999997,415.6299999999997,413.1399999999997,413.4199999999997,3159
2026-05-18T18:15:00+00:00,413.4199999999997,413.42999999999967,411.80999999999966,413.1099999999997,3854
2026-05-18T18:30:00+00:00,413.1099999999997,414.1099999999997,412.11999999999966,412.6099999999997,3557
2026-05-18T18:45:00+00:00,412.6099999999997,412.7699999999997,411.4199999999997,412.1899999999997,3448
2026-05-18T19:00:00+00:00,412.1899999999997,417.3499999999997,412.1399999999997,415.2299999999997,3236
2026-05-18T19:15:00+00:00,415.2299999999997,415.67999999999967,413.5999999999997,414.5099999999997,3442
2026-05-18T19:30:00+00:00,414.5099999999997,416.6699999999997,414.3299999999997,416.0799999999997,3441
2026-05-18T19:45:00+00:00,416.0799999999997,417.0099999999997,414.6099999999997,416.0399999999997,4113
2026-05-19T13:30:00+00:00,416.0399999999997,416.0399999999997,406.99999999999966,406.99999999999966,4973
2026-05-19T13:45:00+00:00,406.99999999999966,408.7699999999997,404.7199999999997,405.0099999999997,4447
2026-05-19T14:00:00+00:00,405.0099999999997,405.0399999999997,401.73999999999967,403.30999999999966,4686
2026-05-19T14:15:00+00:00,403.30999999999966,404.11999999999966,401.49999999999966,401.8499999999997,4211
2026-05-19T14:30:00+00:00,401.8499999999997,403.8199999999997,401.29999999999967,402.1499999999997,4679
2026-05-19T14:45:00+00:00,402.1499999999997,403.17999999999967,399.74999999999966,402.9599999999997,3938
2026-05-19T15:00:00+00:00,402.9599999999997,403.7599999999997,401.5999999999997,403.5699999999997,3278
2026-05-19T15:15:00+00:00,403.5699999999997,404.17999999999967,402.0699999999997,403.6499999999997,3268
2026-05-19T15:30:00+00:00,403.6499999999997,404.7799999999997,402.8599999999997,403.4399999999997,3138
2026-05-19T15:45:00+00:00,403.4399999999997,404.1299999999997,402.30999999999966,403.4099999999997,2425
2026-05-19T16:00:00+00:00,403.4099999999997,404.6399999999997,402.8299999999997,403.04999999999967,2631
2026-05-19T16:15:00+00:00,403.04999999999967,403.5299999999997,402.0999999999997,402.8499999999997,2296
2026-05-19T16:30:00+00:00,402.8499999999997,405.0399999999997,402.1999999999997,404.98999999999967,2624
2026-05-19T16:45:00+00:00,404.98999999999967,407.8599999999997,404.4799999999997,407.6599999999997,2835
2026-05-19T17:00:00+00:00,407.6599999999997,409.4499999999997,407.1499999999997,409.2099999999997,2799
2026-05-19T17:15:00+00:00,409.2099999999997,409.79999999999967,408.1099999999997,409.1399999999997,2703
2026-05-19T17:30:00+00:00,409.1399999999997,409.99999999999966,408.80999999999966,409.05999999999966,2573
2026-05-19T17:45:00+00:00,409.05999999999966,410.23999999999967,408.42999999999967,410.0199999999997,2713
2026-05-19T18:00:00+00:00,410.0199999999997,411.17999999999967,409.9199999999997,410.61999999999966,2287
2026-05-19T18:15:00+00:00,410.61999999999966,411.5099999999997,410.3199999999997,410.79999999999967,2735
2026-05-19T18:30:00+00:00,410.79999999999967,411.6699999999997,410.0999999999997,411.6299999999997,2497
2026-05-19T18:45:00+00:00,411.6299999999997,411.6299999999997,408.3899999999997,409.2599999999997,2909
2026-05-19T19:00:00+00:00,409.2599999999997,411.2199999999997,408.8999999999997,410.3499999999997,2493
2026-05-19T19:15:00+00:00,410.3499999999997,410.5299999999997,409.3799999999997,410.0899999999997,2268
2026-05-19T19:30:00+00:00,410.0899999999997,410.73999999999967,409.3299999999997,409.48999999999967,2173
2026-05-19T19:45:00+00:00,409.48999999999967,410.9699999999997,409.1999999999997,410.3499999999997,3325
2026-05-20T13:30:00+00:00,410.3499999999997,419.9399999999997,410.3499999999997,417.0999999999997,5599
2026-05-20T13:45:00+00:00,417.0999999999997,419.2699999999997,414.49999999999966,415.8499999999997,5051
2026-05-20T14:00:00+00:00,415.8499999999997,416.2099999999997,412.6599999999997,414.1499999999997,4740
2026-05-20T14:15:00+00:00,414.1499999999997,417.0399999999997,412.49999999999966,413.9199999999997,4300
2026-05-20T14:30:00+00:00,413.9199999999997,416.4499999999997,413.8999999999997,416.3799999999997,5376
2026-05-20T14:45:00+00:00,416.3799999999997,418.9199999999997,416.04999999999967,418.28999999999974,4373.020183486238
2026-05-20T15:00:00+00:00,418.28999999999974,418.5099999999997,415.52999999999975,415.6799999999997,3980
2026-05-20T15:15:00+00:00,415.6799999999997,419.1499999999997,415.52999999999975,418.58999999999975,6083
2026-05-20T15:30:00+00:00,418.58999999999975,419.53999999999974,417.2599999999997,418.2999999999997,3354
2026-05-20T15:45:00+00:00,418.2999999999997,419.35999999999973,417.84999999999974,418.6399999999997,2845
2026-05-20T16:00:00+00:00,418.6399999999997,420.47999999999973,418.6399999999997,419.1199999999997,2974
2026-05-20T16:15:00+00:00,419.1199999999997,419.1299999999997,417.28999999999974,418.0699999999997,4006
2026-05-20T16:30:00+00:00,418.0699999999997,419.9999999999997,417.8199999999997,419.6899999999997,3204
2026-05-20T16:45:00+00:00,419.6899999999997,420.1999999999997,418.58999999999975,419.1199999999997,3298
2026-05-20T17:00:00+00:00,419.1199999999997,420.10999999999973,418.65999999999974,419.5599999999997,3251
2026-05-20T17:15:00+00:00,419.5599999999997,420.4299999999997,418.84999999999974,420.09999999999974,2759
2026-05-20T17:30:00+00:00,420.09999999999974,421.33999999999975,419.47999999999973,420.6299999999997,2858
2026-05-20T17:45:00+00:00,420.6299999999997,420.84999999999974,418.9999999999997,419.2699999999997,2160
2026-05-20T18:00:00+00:00,419.2699999999997,419.71999999999974,418.6499999999997,419.1899999999997,2467
2026-05-20T18:15:00+00:00,419.1899999999997,419.4299999999997,418.0499999999997,419.0499999999997,2328
2026-05-20T18:30:00+00:00,419.0499999999997,420.09999999999974,418.96999999999974,419.2999999999997,2455
2026-05-20T18:45:00+00:00,419.2999999999997,420.5499999999997,419.16999999999973,420.0099999999997,2597
2026-05-20T19:00:00+00:00,420.0099999999997,420.40999999999974,419.2599999999997,419.7099999999997,2314
2026-05-20T19:15:00+00:00,419.7099999999997,420.66999999999973,419.5499999999997,419.7999999999997,1954
2026-05-20T19:30:00+00:00,419.7999999999997,420.7399999999997,418.7599999999997,420.6999999999997,2518
2026-05-20T19:45:00+00:00,420.6999999999997,423.6899999999997,419.4299999999997,423.58999999999975,4419
2026-05-21T13:30:00+00:00,423.58999999999975,433.10999999999973,423.58999999999975,429.0699999999997,5612
2026-05-21T13:45:00+00:00,429.0699999999997,429.2099999999997,423.7599999999997,424.8799999999997,5378
2026-05-21T14:00:00+00:00,424.8799999999997,425.8099999999997,423.10999999999973,424.72999999999973,5034
2026-05-21T14:15:00+00:00,424.72999999999973,424.9299999999997,419.1399999999997,420.40999999999974,5443
2026-05-21T14:30:00+00:00,420.40999999999974,421.7399999999997,419.5599999999997,421.3299999999997,6883
2026-05-21T14:45:00+00:00,421.3299999999997,422.21999999999974,419.8099999999997,422.1799999999997,6372
2026-05-21T15:00:00+00:00,422.1799999999997,423.02999999999975,420.47999999999973,422.4999999999997,7188
2026-05-21T15:15:00+00:00,422.4999999999997,424.1799999999997,422.35999999999973,423.66999999999973,5894
2026-05-21T15:30:00+00:00,423.66999999999973,423.7499999999997,421.65999999999974,423.08999999999975,5326
2026-05-21T15:45:00+00:00,423.08999999999975,423.91999999999973,423.0499999999997,423.4899999999997,4126
2026-05-21T16:00:00+00:00,423.4899999999997,424.59999999999974,423.0499999999997,423.5099999999997,4558
2026-05-21T16:15:00+00:00,423.5099999999997,424.09999999999974,422.40999999999974,423.02999999999975,4261
2026-05-21T16:30:00+00:00,423.02999999999975,424.66999999999973,422.4999999999997,424.52999999999975,3633
2026-05-21T16:45:00+00:00,424.52999999999975,425.0199999999997,422.9599999999997,423.8299999999997,3511
2026-05-21T17:00:00+00:00,423.8299999999997,426.5099999999997,423.8099999999997,425.65999999999974,4727
2026-05-21T17:15:00+00:00,425.65999999999974,428.60999999999973,425.5099999999997,427.4499999999997,6742
2026-05-21T17:30:00+00:00,427.4499999999997,428.2699999999997,427.08999999999975,427.9299999999997,4765
2026-05-21T17:45:00+00:00,427.9299999999997,429.60999999999973,427.40999999999974,428.6199999999997,4706
2026-05-21T18:00:00+00:00,428.6199999999997,429.6399999999997,427.41999999999973,427.66999999999973,5149
2026-05-21T18:15:00+00:00,427.66999999999973,428.03999999999974,426.6299999999997,426.66999999999973,4088
2026-05-21T18:30:00+00:00,426.66999999999973,427.27999999999975,426.6199999999997,426.8199999999997,3432
2026-05-21T18:45:00+00:00,426.8199999999997,426.90999999999974,423.16999999999973,424.0799999999997,6239
2026-05-21T19:00:00+00:00,424.0799999999997,424.5799999999997,423.1299999999997,423.6299999999997,4236
2026-05-21T19:15:00+00:00,423.6299999999997,424.78999999999974,423.5699999999997,424.3899999999997,3700
2026-05-21T19:30:00+00:00,424.3899999999997,426.21999999999974,424.3799999999997,425.8299999999997,3743
2026-05-21T19:45:00+00:00,425.8299999999997,425.84999999999974,423.4599999999997,424.0699999999997,5038
2026-05-22T13:30:00+00:00,424.0699999999997,433.35999999999973,424.0699999999997,427.7599999999997,5092
2026-05-22T13:45:00+00:00,427.7599999999997,428.3899999999997,426.7499999999997,428.3899999999997,4121
2026-05-22T14:00:00+00:00,428.3899999999997,430.5499999999997,427.4499999999997,429.8699999999997,4328
2026-05-22T14:15:00+00:00,429.8699999999997,432.27999999999975,429.34999999999974,430.84999999999974,4790
2026-05-22T14:30:00+00:00,430.84999999999974,435.1199999999997,430.8199999999997,434.15999999999974,6150
2026-05-22T14:45:00+00:00,434.15999999999974,436.9399999999997,433.5099999999997,436.6299999999997,5776.418433931484
2026-05-22T15:00:00+00:00,436.6299999999997,437.1199999999997,434.8399999999997,434.9999999999997,5165
2026-05-22T15:15:00+00:00,434.9999999999997,435.0599999999997,433.8099999999997,434.9899999999997,4710
2026-05-22T15:30:00+00:00,434.9899999999997,435.1399999999997,432.4699999999997,432.6999999999997,3826
2026-05-22T15:45:00+00:00,432.6999999999997,435.66999999999973,432.4399999999997,435.3899999999997,3899
2026-05-22T16:00:00+00:00,435.3899999999997,437.4099999999997,435.2499999999997,435.8999999999997,4040
2026-05-22T16:15:00+00:00,435.8999999999997,436.5099999999997,433.3999999999997,433.8899999999997,3634
2026-05-22T16:30:00+00:00,433.8899999999997,434.2499999999997,432.7399999999997,433.0699999999997,3337
2026-05-22T16:45:00+00:00,433.0699999999997,434.1799999999997,432.9599999999997,433.8799999999997,2955
2026-05-22T17:00:00+00:00,433.8799999999997,434.4899999999997,433.1899999999997,434.0999999999997,2909
2026-05-22T17:15:00+00:00,434.0999999999997,436.1299999999997,432.8899999999997,436.1299999999997,4115
2026-05-22T17:30:00+00:00,436.1299999999997,437.8699999999997,435.1299999999997,437.2999999999997,4512
2026-05-22T17:45:00+00:00,437.2999999999997,437.3899999999997,434.4399999999997,434.4699999999997,4007
2026-05-22T18:00:00+00:00,434.4699999999997,434.7199999999997,433.2899999999997,434.0399999999997,3885
2026-05-22T18:15:00+00:00,434.0399999999997,434.5999999999997,433.41999999999973,434.2999999999997,2812
2026-05-22T18:30:00+00:00,434.2999999999997,435.9399999999997,434.10999999999973,435.5499999999997,3853
2026-05-22T18:45:00+00:00,435.5499999999997,436.1899999999997,434.7099999999997,435.66999999999973,3200
2026-05-22T19:00:00+00:00,435.66999999999973,435.7799999999997,433.5499999999997,433.9099999999997,4249
2026-05-22T19:15:00+00:00,433.9099999999997,434.10999999999973,431.8099999999997,432.1999999999997,3350
2026-05-22T19:30:00+00:00,432.1999999999997,432.8699999999997,431.5699999999997,431.9499999999997,3583
2026-05-22T19:45:00+00:00,431.9499999999997,432.5599999999997,430.2599999999997,432.5299999999997,4007
2026-05-26T13:30:00+00:00,432.5299999999997,439.8699999999997,432.5299999999997,434.9899999999997,4243
2026-05-26T13:45:00+00:00,434.9899999999997,438.5699999999997,434.6499999999997,436.8299999999997,3339
2026-05-26T14:00:00+00:00,436.8299999999997,437.8499999999997,434.4899999999997,434.8899999999997,2690
2026-05-26T14:15:00+00:00,434.8899999999997,435.9399999999997,432.5499999999997,433.1999999999997,2694
2026-05-26T14:30:00+00:00,433.1999999999997,437.9099999999997,432.5099999999997,437.5299999999997,3830
2026-05-26T14:45:00+00:00,437.5299999999997,439.2699999999997,436.7599999999997,436.9599999999997,3763
2026-05-26T15:00:00+00:00,436.9599999999997,439.7499999999997,436.6999999999997,439.6499999999997,3451
2026-05-26T15:15:00+00:00,439.6499999999997,440.8799999999997,438.6199999999997,439.7099999999997,3674
2026-05-26T15:30:00+00:00,439.7099999999997,440.0999999999997,437.10999999999973,437.6399999999997,3347
2026-05-26T15:45:00+00:00,437.6399999999997,438.6299999999997,434.8899999999997,434.9099999999997,3697
2026-05-26T16:00:00+00:00,434.9099999999997,435.7599999999997,434.0099999999997,434.2499999999997,2809
2026-05-26T16:15:00+00:00,434.2499999999997,436.2499999999997,433.9099999999997,436.2099999999997,2523
2026-05-26T16:30:00+00:00,436.2099999999997,438.9099999999997,436.1899999999997,438.5999999999997,2482
2026-05-26T16:45:00+00:00,438.5999999999997,438.9599999999997,437.7799999999997,438.4099999999997,2327
2026-05-26T17:00:00+00:00,438.4099999999997,439.6299999999997,438.0999999999997,438.5099999999997,2367
2026-05-26T17:15:00+00:00,438.5099999999997,440.0899999999997,437.9099999999997,438.6999999999997,2288
2026-05-26T17:30:00+00:00,438.6999999999997,438.8799999999997,436.9399999999997,437.5699999999997,2196
2026-05-26T17:45:00+00:00,437.5699999999997,439.3999999999997,437.3899999999997,438.3399999999997,2165
2026-05-26T18:00:00+00:00,438.3399999999997,439.5299999999997,438.2699999999997,438.3899999999997,2181
2026-05-26T18:15:00+00:00,438.3899999999997,439.5599999999997,437.7699999999997,439.1999999999997,2199
2026-05-26T18:30:00+00:00,439.1999999999997,441.5499999999997,439.1999999999997,440.3999999999997,2801
2026-05-26T18:45:00+00:00,440.3999999999997,440.5699999999997,438.0299999999997,438.3999999999997,2453
2026-05-26T19:00:00+00:00,438.3999999999997,438.60999999999973,437.4099999999997,437.41999999999973,2491
2026-05-26T19:15:00+00:00,437.41999999999973,437.5799999999997,436.1399999999997,437.4299999999997,2155
2026-05-26T19:30:00+00:00,437.4299999999997,439.6999999999997,437.2199999999997,439.5599999999997,2228
2026-05-26T19:45:00+00:00,439.5599999999997,440.7499999999997,438.8199999999997,440.0899999999997,3058
2026-05-27T13:30:00+00:00,440.0899999999997,451.7599999999997,440.0899999999997,445.7199999999997,4786
2026-05-27T13:45:00+00:00,445.7199999999997,447.4099999999997,443.60999999999973,446.9899999999997,3500
2026-05-27T14:00:00+00:00,446.9899999999997,448.97999999999973,444.0799999999997,445.2999999999997,3030
2026-05-27T14:15:00+00:00,445.2999999999997,446.4399999999997,441.8999999999997,443.7199999999997,2990
2026-05-27T14:30:00+00:00,443.7199999999997,450.2799999999997,442.9899999999997,450.0899999999997,3056
2026-05-27T14:45:00+00:00,450.0899999999997,451.97999999999973,447.9899999999997,448.2099999999997,3100.9866728473753
2026-05-27T15:00:00+00:00,448.2099999999997,449.4799999999997,446.9699999999997,448.1599999999997,2627
2026-05-27T15:15:00+00:00,448.1599999999997,448.1999999999997,446.1599999999997,447.06999999999965,2462
2026-05-27T15:30:00+00:00,447.06999999999965,448.3999999999997,445.3899999999997,445.6499999999997,2069
2026-05-27T15:45:00+00:00,445.6499999999997,447.6399999999997,445.55999999999966,447.0299999999997,1833
2026-05-27T16:00:00+00:00,447.0299999999997,448.50999999999965,446.0199999999997,448.3299999999997,1746
2026-05-27T16:15:00+00:00,448.3299999999997,448.67999999999967,447.24999999999966,448.2299999999997,1573
2026-05-27T16:30:00+00:00,448.2299999999997,448.30999999999966,446.9699999999997,447.1699999999997,1300
2026-05-27T16:45:00+00:00,447.1699999999997,448.61999999999966,447.1599999999997,448.4699999999997,1399
2026-05-27T17:00:00+00:00,448.4699999999997,448.55999999999966,445.1599999999997,445.9799999999997,1871
2026-05-27T17:15:00+00:00,445.9799999999997,447.31999999999965,445.9099999999997,446.81999999999965,1320
2026-05-27T17:30:00+00:00,446.81999999999965,448.48999999999967,446.67999999999967,448.00999999999965,1444
2026-05-27T17:45:00+00:00,448.00999999999965,449.2899999999997,447.8599999999997,448.00999999999965,1487
2026-05-27T18:00:00+00:00,448.00999999999965,448.25999999999965,447.1499999999997,448.12999999999965,1537
2026-05-27T18:15:00+00:00,448.12999999999965,448.30999999999966,446.23999999999967,446.43999999999966,1316
2026-05-27T18:30:00+00:00,446.43999999999966,446.6399999999997,445.56999999999965,445.8999999999997,1521
2026-05-27T18:45:00+00:00,445.8999999999997,446.48999999999967,445.25999999999965,446.0199999999997,1623
2026-05-27T19:00:00+00:00,446.0199999999997,446.9199999999997,445.6399999999997,446.24999999999966,1278
2026-05-27T19:15:00+00:00,446.24999999999966,446.7799999999997,444.55999999999966,445.7899999999997,1549
2026-05-27T19:30:00+00:00,445.7899999999997,446.8499999999997,445.55999999999966,446.06999999999965,1476
2026-05-27T19:45:00+00:00,446.06999999999965,447.43999999999966,445.17999999999967,446.8499999999997,2232
2026-05-28T13:30:00+00:00,446.8499999999997,447.0899999999997,442.6599999999997,443.04999999999967,3972
2026-05-28T13:45:00+00:00,443.04999999999967,447.18999999999966,442.7199999999997,446.8499999999997,3098
2026-05-28T14:00:00+00:00,446.8499999999997,448.4199999999997,443.42999999999967,447.67999999999967,3426
2026-05-28T14:15:00+00:00,447.67999999999967,448.25999999999965,445.3599999999997,447.30999999999966,2431
2026-05-28T14:30:00+00:00,447.30999999999966,447.75999999999965,446.11999999999966,447.36999999999966,3535
2026-05-28T14:45:00+00:00,447.36999999999966,449.3599999999997,446.25999999999965,449.2699999999997,3387
2026-05-28T15:00:00+00:00,449.2699999999997,449.4699999999997,447.50999999999965,447.55999999999966,2991
2026-05-28T15:15:00+00:00,447.55999999999966,448.2099999999997,446.8999999999997,447.4599999999997,2648
2026-05-28T15:30:00+00:00,447.4599999999997,448.87999999999965,447.1399999999997,447.8599999999997,2416
2026-05-28T15:45:00+00:00,447.8599999999997,448.25999999999965,447.1699999999997,447.80999999999966,2208
2026-05-28T16:00:00+00:00,447.80999999999966,448.7199999999997,447.25999999999965,448.3599999999997,2000
2026-05-28T16:15:00+00:00,448.3599999999997,449.30999999999966,447.8599999999997,447.87999999999965,1948
2026-05-28T16:30:00+00:00,447.87999999999965,447.99999999999966,447.05999999999966,447.9699999999997,1518
2026-05-28T16:45:00+00:00,447.9699999999997,449.0899999999997,447.93999999999966,448.43999999999966,1552
2026-05-28T17:00:00+00:00,448.43999999999966,448.80999999999966,447.56999999999965,448.0799999999997,1745
2026-05-28T17:15:00+00:00,448.0799999999997,448.1699999999997,447.3899999999997,448.0799999999997,1561
2026-05-28T17:30:00+00:00,448.0799999999997,448.62999999999965,447.9099999999997,448.4799999999997,1353
2026-05-28T17:45:00+00:00,448.4799999999997,449.06999999999965,448.1599999999997,448.68999999999966,1471
2026-05-28T18:00:00+00:00,448.68999999999966,448.6999999999997,447.2799999999997,447.5199999999997,1537
2026-05-28T18:15:00+00:00,447.5199999999997,448.23999999999967,447.3899999999997,448.1499999999997,1496
2026-05-28T18:30:00+00:00,448.1499999999997,448.4799999999997,447.75999999999965,448.4599999999997,1601
2026-05-28T18:45:00+00:00,448.4599999999997,449.1699999999997,448.1599999999997,448.7299999999997,1781
2026-05-28T19:00:00+00:00,448.7299999999997,448.80999999999966,447.6599999999997,448.00999999999965,1845
2026-05-28T19:15:00+00:00,448.00999999999965,450.1399999999997,447.9599999999997,449.9799999999997,1713
2026-05-28T19:30:00+00:00,449.9799999999997,450.31999999999965,448.1599999999997,448.7099999999997,2112
2026-05-28T19:45:00+00:00,448.7099999999997,449.7299999999997,447.4199999999997,448.4499999999997,2888
2026-05-29T13:30:00+00:00,448.4499999999997,448.4499999999997,442.99999999999966,445.6499999999997,2968
2026-05-29T13:45:00+00:00,445.6499999999997,446.56999999999965,442.87999999999965,442.9599999999997,2323
2026-05-29T14:00:00+00:00,442.9599999999997,444.0999999999997,438.04999999999967,438.61999999999966,2992
2026-05-29T14:15:00+00:00,438.61999999999966,438.7699999999997,435.31999999999965,436.93999999999966,3010
2026-05-29T14:30:00+00:00,436.93999999999966,438.1999999999997,434.5299999999997,435.1399999999997,2750
2026-05-29T14:45:00+00:00,435.1399999999997,438.29999999999967,434.9199999999997,438.0199999999997,2581.8489946116442
2026-05-29T15:00:00+00:00,438.0199999999997,440.2599999999997,437.8299999999997,439.8099999999997,1870
2026-05-29T15:15:00+00:00,439.8099999999997,440.3099999999997,438.1899999999997,439.8999999999997,1645
2026-05-29T15:30:00+00:00,439.8999999999997,441.1499999999997,439.6299999999997,440.3399999999997,1618
2026-05-29T15:45:00+00:00,440.3399999999997,441.0699999999997,439.4599999999997,441.0399999999997,1424
2026-05-29T16:00:00+00:00,441.0399999999997,444.6399999999997,441.0399999999997,444.5999999999997,2187
2026-05-29T16:15:00+00:00,444.5999999999997,447.3499999999997,444.0799999999997,444.41999999999973,2503
2026-05-29T16:30:00+00:00,444.41999999999973,445.9799999999997,443.8399999999997,444.10999999999973,1760
2026-05-29T16:45:00+00:00,444.10999999999973,444.3299999999997,442.1299999999997,443.85999999999973,1882
2026-05-29T17:00:00+00:00,443.85999999999973,444.6199999999997,443.2299999999997,444.2199999999997,1408
2026-05-29T17:15:00+00:00,444.2199999999997,445.2099999999997,444.0299999999997,444.41999999999973,1244
2026-05-29T17:30:00+00:00,444.41999999999973,445.1999999999997,443.60999999999973,444.5499999999997,1156
2026-05-29T17:45:00+00:00,444.5499999999997,444.7699999999997,443.3499999999997,443.3899999999997,1120
2026-05-29T18:00:00+00:00,443.3899999999997,443.9499999999997,442.5899999999997,443.7099999999997,1209
2026-05-29T18:15:00+00:00,443.7099999999997,444.2699999999997,443.1599999999997,443.9899999999997,1133
2026-05-29T18:30:00+00:00,443.9899999999997,444.4699999999997,442.9299999999997,443.4499999999997,1293
2026-05-29T18:45:00+00:00,443.4499999999997,443.5599999999997,441.3099999999997,441.3399999999997,1367
2026-05-29T19:00:00+00:00,441.3399999999997,441.7999999999997,440.4099999999997,441.0699999999997,1405
2026-05-29T19:15:00+00:00,441.0699999999997,441.41999999999973,440.3399999999997,440.7399999999997,1284
2026-05-29T19:30:00+00:00,440.7399999999997,442.5299999999997,440.4599999999997,442.3299999999997,1352
2026-05-29T19:45:00+00:00,442.3299999999997,443.3299999999997,441.3699999999997,441.7699999999997,1834
2026-06-01T13:30:00+00:00,441.7699999999997,441.7699999999997,428.9799999999997,431.9399999999997,4263
2026-06-01T13:45:00+00:00,431.9399999999997,433.0999999999997,429.2499999999997,429.2499999999997,2607
2026-06-01T14:00:00+00:00,429.2499999999997,431.1399999999997,428.3899999999997,428.4399999999997,2437
2026-06-01T14:15:00+00:00,428.4399999999997,429.8799999999997,427.4899999999997,427.9899999999997,3197
2026-06-01T14:30:00+00:00,427.9899999999997,428.3699999999997,426.4299999999997,428.2699999999997,3423
2026-06-01T14:45:00+00:00,428.2699999999997,428.4699999999997,424.9799999999997,425.7399999999997,4365
2026-06-01T15:00:00+00:00,425.7399999999997,427.9799999999997,425.6999999999997,427.3099999999997,3575
2026-06-01T15:15:00+00:00,427.3099999999997,428.5699999999997,426.5999999999997,428.1999999999997,2971
2026-06-01T15:30:00+00:00,428.1999999999997,430.3999999999997,428.1799999999997,429.1799999999997,4134
2026-06-01T15:45:00+00:00,429.1799999999997,429.4799999999997,427.1299999999997,427.3499999999997,2805
2026-06-01T16:00:00+00:00,427.3499999999997,428.2999999999997,425.6599999999997,425.7999999999997,3027
2026-06-01T16:15:00+00:00,425.7999999999997,426.6299999999997,424.6899999999997,425.0999999999997,3374
2026-06-01T16:30:00+00:00,425.0999999999997,427.0499999999997,425.0499999999997,426.3999999999997,2811
2026-06-01T16:45:00+00:00,426.3999999999997,427.5599999999997,425.6299999999997,427.1899999999997,2821
2026-06-01T17:00:00+00:00,427.1899999999997,427.2299999999997,425.8799999999997,426.5599999999997,2643
2026-06-01T17:15:00+00:00,426.5599999999997,427.2599999999997,425.8399999999997,427.1999999999997,2460
2026-06-01T17:30:00+00:00,427.1999999999997,427.85999999999973,425.8799999999997,427.2599999999997,3220
2026-06-01T17:45:00+00:00,427.2599999999997,427.8299999999997,426.5999999999997,426.6299999999997,2624
2026-06-01T18:00:00+00:00,426.6299999999997,427.2499999999997,426.3499999999997,426.3999999999997,2155
2026-06-01T18:15:00+00:00,426.3999999999997,426.8799999999997,426.0799999999997,426.4599999999997,1902
2026-06-01T18:30:00+00:00,426.4599999999997,426.4899999999997,425.5499999999997,425.8799999999997,1687
2026-06-01T18:45:00+00:00,425.8799999999997,426.0399999999997,425.3299999999997,425.4099999999997,1883
2026-06-01T19:00:00+00:00,425.4099999999997,425.5099999999997,424.4099999999997,424.4399999999997,2266
2026-06-01T19:15:00+00:00,424.4399999999997,425.5999999999997,424.41999999999973,424.5399999999997,2437
2026-06-01T19:30:00+00:00,424.5399999999997,424.7199999999997,422.0399999999997,423.0499999999997,2982
2026-06-01T19:45:00+00:00,423.0499999999997,423.7599999999997,421.7499999999997,421.91999999999973,4087
2026-06-02T13:30:00+00:00,421.91999999999973,425.6499999999997,419.9699999999997,423.1599999999997,2875
2026-06-02T13:45:00+00:00,423.1599999999997,423.60999999999973,420.2299999999997,423.41999999999973,2111
2026-06-02T14:00:00+00:00,423.41999999999973,424.3699999999997,422.1299999999997,423.6499999999997,2112
2026-06-02T14:15:00+00:00,423.6499999999997,427.1199999999997,423.5099999999997,425.9999999999997,2455
2026-06-02T14:30:00+00:00,425.9999999999997,429.0399999999997,425.4099999999997,428.85999999999973,2304
2026-06-02T14:45:00+00:00,428.85999999999973,429.60999999999973,427.0299999999997,429.0999999999997,1758
2026-06-02T15:00:00+00:00,429.0999999999997,429.7399999999997,427.8299999999997,427.9799999999997,1720
2026-06-02T15:15:00+00:00,427.9799999999997,428.9299999999997,426.8299999999997,428.2199999999997,1512
2026-06-02T15:30:00+00:00,428.2199999999997,428.7199999999997,427.1599999999997,428.3799999999997,1228
2026-06-02T15:45:00+00:00,428.3799999999997,429.0299999999997,427.6299999999997,428.0799999999997,1213
2026-06-02T16:00:00+00:00,428.0799999999997,428.9299999999997,427.5399999999997,427.6499999999997,1191
2026-06-02T16:15:00+00:00,427.6499999999997,428.0399999999997,426.8399999999997,427.5399999999997,1217
2026-06-02T16:30:00+00:00,427.5399999999997,428.2099999999997,426.3899999999997,427.6499999999997,1227
2026-06-02T16:45:00+00:00,427.6499999999997,429.1499999999997,427.4399999999997,428.8299999999997,1111
2026-06-02T17:00:00+00:00,428.8299999999997,429.60999999999973,428.0899999999997,428.8999999999997,1111
2026-06-02T17:15:00+00:00,428.8999999999997,429.4299999999997,427.7299999999997,427.8699999999997,1058
2026-06-02T17:30:00+00:00,427.8699999999997,428.6299999999997,427.0299999999997,428.4999999999997,1161
2026-06-02T17:45:00+00:00,428.4999999999997,429.1199999999997,427.9699999999997,428.6999999999997,1031
2026-06-02T18:00:00+00:00,428.6999999999997,429.3499999999997,427.4299999999997,427.7899999999997,1195
2026-06-02T18:15:00+00:00,427.7899999999997,428.7099999999997,427.4299999999997,427.7399999999997,964
2026-06-02T18:30:00+00:00,427.7399999999997,428.7399999999997,427.5599999999997,428.7099999999997,956
2026-06-02T18:45:00+00:00,428.7099999999997,428.9299999999997,427.8299999999997,428.2199999999997,975
2026-06-02T19:00:00+00:00,428.2199999999997,428.2799999999997,426.9499999999997,427.0999999999997,1056
2026-06-02T19:15:00+00:00,427.0999999999997,427.2299999999997,426.10999999999973,426.6399999999997,1024
2026-06-02T19:30:00+00:00,426.6399999999997,429.8799999999997,426.1299999999997,428.7499999999997,1446
2026-06-02T19:45:00+00:00,428.7499999999997,430.4599999999997,428.1199999999997,430.0899999999997,2387
2026-06-03T13:30:00+00:00,430.0899999999997,430.0899999999997,422.2799999999997,428.4099999999997,4662
2026-06-03T13:45:00+00:00,428.4099999999997,431.7499999999997,427.5299999999997,429.1799999999997,6127
2026-06-03T14:00:00+00:00,429.1799999999997,436.6599999999997,429.1599999999997,434.7699999999997,5972
2026-06-03T14:15:00+00:00,434.7699999999997,438.7799999999997,434.5399999999997,434.9299999999997,5550
2026-06-03T14:30:00+00:00,434.9299999999997,437.2399999999997,434.7499999999997,436.9799999999997,4174
2026-06-03T14:45:00+00:00,436.9799999999997,439.8499999999997,436.3799999999997,439.1399999999997,4761.460890302067
2026-06-03T15:00:00+00:00,439.1399999999997,439.8599999999997,437.3899999999997,437.5999999999997,4468
2026-06-03T15:15:00+00:00,437.5999999999997,437.67999999999967,435.3999999999997,436.1499999999997,4285
2026-06-03T15:30:00+00:00,436.1499999999997,436.7199999999997,431.8399999999997,432.1999999999997,4087
2026-06-03T15:45:00+00:00,432.1999999999997,432.2699999999997,429.8899999999997,429.8899999999997,3819
2026-06-03T16:00:00+00:00,429.8899999999997,430.93999999999966,429.42999999999967,430.2799999999997,3608
2026-06-03T16:15:00+00:00,430.2799999999997,430.5799999999997,428.3899999999997,429.86999999999966,4008
2026-06-03T16:30:00+00:00,429.86999999999966,430.05999999999966,427.3399999999997,427.67999999999967,3610
2026-06-03T16:45:00+00:00,427.67999999999967,428.4699999999997,426.93999999999966,428.2899999999997,3231
2026-06-03T17:00:00+00:00,428.2899999999997,428.6099999999997,426.4499999999997,426.5299999999997,3090
2026-06-03T17:15:00+00:00,426.5299999999997,426.6599999999997,424.9499999999997,425.7299999999997,3108
2026-06-03T17:30:00+00:00,425.7299999999997,428.1299999999997,424.8399999999997,427.8499999999997,1838
2026-06-03T17:45:00+00:00,427.8499999999997,428.9699999999997,427.2899999999997,428.9199999999997,1341
2026-06-03T18:00:00+00:00,428.9199999999997,429.86999999999966,428.7899999999997,429.29999999999967,1414
2026-06-03T18:15:00+00:00,429.29999999999967,430.4199999999997,428.8899999999997,430.04999999999967,1257
2026-06-03T18:30:00+00:00,430.04999999999967,431.1699999999997,429.3899999999997,429.73999999999967,1326
2026-06-03T18:45:00+00:00,429.73999999999967,430.2899999999997,428.4499999999997,429.3299999999997,1374
2026-06-03T19:00:00+00:00,429.3299999999997,429.3399999999997,427.5199999999997,428.9199999999997,1384
2026-06-03T19:15:00+00:00,428.9199999999997,430.18999999999966,428.30999999999966,429.1599999999997,1262
2026-06-03T19:30:00+00:00,429.1599999999997,429.9699999999997,428.05999999999966,429.67999999999967,1342
2026-06-03T19:45:00+00:00,429.67999999999967,430.1599999999997,428.05999999999966,429.8499999999997,2486
2026-06-04T13:30:00+00:00,429.8499999999997,432.55999999999966,424.29999999999967,429.4699999999997,5798
2026-06-04T13:45:00+00:00,429.4699999999997,430.7199999999997,427.92999999999967,428.1599999999997,5190
2026-06-04T14:00:00+00:00,428.1599999999997,431.36999999999966,426.0899999999997,431.30999999999966,5275
2026-06-04T14:15:00+00:00,431.30999999999966,432.1099999999997,427.04999999999967,427.6099999999997,5293
2026-06-04T14:30:00+00:00,427.6099999999997,427.8599999999997,425.5399999999997,425.54999999999967,3805
2026-06-04T14:45:00+00:00,425.54999999999967,425.68999999999966,424.1999999999997,424.74999999999966,4209
2026-06-04T15:00:00+00:00,424.74999999999966,427.3799999999997,424.3899999999997,427.0099999999997,3613
2026-06-04T15:15:00+00:00,427.0099999999997,427.7799999999997,425.3899999999997,426.11999999999966,3333
2026-06-04T15:30:00+00:00,426.11999999999966,426.11999999999966,423.7899999999997,424.0899999999997,2944
2026-06-04T15:45:00+00:00,424.0899999999997,425.4699999999997,423.43999999999966,425.05999999999966,3284
2026-06-04T16:00:00+00:00,425.05999999999966,426.3999999999997,423.8399999999997,425.6599999999997,2963
2026-06-04T16:15:00+00:00,425.6599999999997,426.7599999999997,425.0699999999997,425.4499999999997,2426
2026-06-04T16:30:00+00:00,425.4499999999997,426.4499999999997,424.8599999999997,425.8799999999997,2062
2026-06-04T16:45:00+00:00,425.8799999999997,425.99999999999966,424.3399999999997,425.05999999999966,2026
2026-06-04T17:00:00+00:00,425.05999999999966,425.9099999999997,424.61999999999966,425.43999999999966,1770
2026-06-04T17:15:00+00:00,425.43999999999966,426.9699999999997,424.8999999999997,426.9599999999997,2099
2026-06-04T17:30:00+00:00,426.9599999999997,427.5199999999997,424.3199999999997,425.3399999999997,2668
2026-06-04T17:45:00+00:00,425.3399999999997,426.3499999999997,424.30999999999966,426.1399999999997,1783
2026-06-04T18:00:00+00:00,426.1399999999997,426.2299999999997,425.4799999999997,425.9699999999997,1948
2026-06-04T18:15:00+00:00,425.9699999999997,426.5999999999997,425.7899999999997,426.3599999999997,1705
2026-06-04T18:30:00+00:00,426.3599999999997,426.5999999999997,425.67999999999967,425.9499999999997,2147
2026-06-04T18:45:00+00:00,425.9499999999997,426.3299999999997,424.68999999999966,425.4599999999997,2147
2026-06-04T19:00:00+00:00,425.4599999999997,426.3399999999997,424.5899999999997,425.92999999999967,2222
2026-06-04T19:15:00+00:00,425.92999999999967,426.8499999999997,425.55999999999966,426.43999999999966,2227
2026-06-04T19:30:00+00:00,426.43999999999966,426.4799999999997,425.3299999999997,426.0199999999997,2461
2026-06-04T19:45:00+00:00,426.0199999999997,426.0699999999997,423.8399999999997,424.9699999999997,3912
2026-06-05T13:30:00+00:00,424.9699999999997,430.7699999999997,419.68999999999966,420.1099999999997,6777
2026-06-05T13:45:00+00:00,420.1099999999997,420.61999999999966,415.9499999999997,415.9499999999997,7547
2026-06-05T14:00:00+00:00,415.9499999999997,418.00999999999965,415.5499999999997,416.7699999999997,4642.741779795082
2026-06-05T14:15:00+00:00,416.7699999999997,417.6499999999997,412.82999999999976,413.93999999999977,3983.853852734832
2026-06-05T14:30:00+00:00,413.93999999999977,416.0299999999998,411.64999999999986,412.16999999999985,3827.3093487676106
2026-06-05T14:45:00+00:00,412.16999999999985,412.58999999999986,410.1199999999998,410.32999999999976,4312.057022840936
2026-06-05T15:00:00+00:00,410.32999999999976,410.88999999999976,407.3699999999997,407.3699999999997,3841.7999894692616
2026-06-05T15:15:00+00:00,407.3699999999997,408.6799999999997,406.1599999999998,406.99999999999983,3862.530373001059
2026-06-05T15:30:00+00:00,406.99999999999983,407.4699999999998,404.7399999999998,405.4699999999998,4653
2026-06-05T15:45:00+00:00,405.4699999999998,406.55999999999983,404.8799999999998,405.6699999999998,4186
2026-06-05T16:00:00+00:00,405.6699999999998,405.7799999999998,403.4499999999998,403.4899999999998,4901
2026-06-05T16:15:00+00:00,403.4899999999998,404.6099999999998,402.8999999999998,403.3299999999998,4799
2026-06-05T16:30:00+00:00,403.3299999999998,403.4199999999998,401.0699999999998,401.30999999999983,4900
2026-06-05T16:45:00+00:00,401.30999999999983,402.0699999999998,400.4399999999998,402.0099999999998,5601
2026-06-05T17:00:00+00:00,402.0099999999998,402.0699999999998,399.4799999999998,400.1299999999998,5169
2026-06-05T17:15:00+00:00,400.1299999999998,400.8999999999998,399.2399999999998,399.7599999999998,4857
2026-06-05T17:30:00+00:00,399.7599999999998,401.5099999999998,399.2399999999998,399.6399999999998,4527
2026-06-05T17:45:00+00:00,399.6399999999998,400.5999999999998,399.3899999999998,400.42999999999984,3950
2026-06-05T18:00:00+00:00,400.42999999999984,400.5099999999998,397.4899999999998,398.0099999999998,4487
2026-06-05T18:15:00+00:00,398.0099999999998,398.1399999999998,395.7599999999998,395.9399999999998,5421
2026-06-05T18:30:00+00:00,395.9399999999998,396.7799999999998,395.2699999999998,396.0399999999998,4933
2026-06-05T18:45:00+00:00,396.0399999999998,396.74999999999983,395.0099999999998,395.99999999999983,5749
2026-06-05T19:00:00+00:00,395.99999999999983,396.3599999999998,393.5099999999998,393.7999999999998,5618
2026-06-05T19:15:00+00:00,393.7999999999998,395.92999999999984,392.9199999999998,395.92999999999984,6001
2026-06-05T19:30:00+00:00,395.92999999999984,396.2199999999998,393.9099999999998,396.1499999999998,6302
2026-06-05T19:45:00+00:00,396.1499999999998,397.7899999999998,394.5899999999998,395.42999999999984,5871
2026-06-08T13:30:00+00:00,395.42999999999984,404.2099999999998,395.42999999999984,403.3399999999998,4323
2026-06-08T13:45:00+00:00,403.3399999999998,406.6899999999998,401.4799999999998,405.2899999999998,3898
2026-06-08T14:00:00+00:00,405.2899999999998,407.7299999999998,404.5899999999998,405.8599999999998,3717
2026-06-08T14:15:00+00:00,405.8599999999998,407.5799999999998,404.74999999999983,407.2599999999998,3023
2026-06-08T14:30:00+00:00,407.2599999999998,407.8799999999998,406.5899999999998,406.92999999999984,2820
2026-06-08T14:45:00+00:00,406.92999999999984,408.6999999999998,406.8799999999998,408.1499999999998,2682
2026-06-08T15:00:00+00:00,408.1499999999998,408.5299999999998,407.1399999999998,407.3999999999998,2268
2026-06-08T15:15:00+00:00,407.3999999999998,407.8499999999998,405.1399999999998,405.1699999999998,2530
2026-06-08T15:30:00+00:00,405.1699999999998,406.0799999999998,403.7099999999998,406.0699999999998,2843
2026-06-08T15:45:00+00:00,406.0699999999998,407.4799999999998,405.6899999999998,406.3799999999998,2326
2026-06-08T16:00:00+00:00,406.3799999999998,408.2199999999998,406.05999999999983,407.5999999999998,2217
2026-06-08T16:15:00+00:00,407.5999999999998,410.6299999999998,407.5799999999998,409.2399999999998,2763
2026-06-08T16:30:00+00:00,409.2399999999998,411.2299999999998,408.8599999999998,410.5499999999998,2667
2026-06-08T16:45:00+00:00,410.5499999999998,411.7599999999998,410.1099999999998,411.2899999999998,2247
2026-06-08T17:00:00+00:00,411.2899999999998,412.3799999999998,410.3899999999998,412.3399999999998,2510
2026-06-08T17:15:00+00:00,412.3399999999998,415.0699999999998,411.8599999999998,415.0699999999998,2764
2026-06-08T17:30:00+00:00,415.0699999999998,416.1299999999998,413.3599999999998,413.7399999999998,3035
2026-06-08T17:45:00+00:00,413.7399999999998,415.0699999999998,413.7399999999998,414.2299999999998,2369
2026-06-08T18:00:00+00:00,414.2299999999998,415.6699999999998,414.2199999999998,415.1299999999998,2335
2026-06-08T18:15:00+00:00,415.1299999999998,416.4899999999998,415.1299999999998,416.1899999999998,2126
2026-06-08T18:30:00+00:00,416.1899999999998,417.2699999999998,415.7299999999998,416.4099999999998,2521
2026-06-08T18:45:00+00:00,416.4099999999998,416.8599999999998,415.7999999999998,416.1499999999998,2383
2026-06-08T19:00:00+00:00,416.1499999999998,416.3399999999998,413.61999999999983,413.6399999999998,2197
2026-06-08T19:15:00+00:00,413.6399999999998,414.2899999999998,413.0499999999998,413.8299999999998,2094
2026-06-08T19:30:00+00:00,413.8299999999998,414.92999999999984,413.4399999999998,413.74999999999983,2197
2026-06-08T19:45:00+00:00,413.74999999999983,414.0499999999998,411.9399999999998,413.4099999999998,3456
2026-06-09T13:30:00+00:00,413.4099999999998,422.7999999999998,413.4099999999998,416.42999999999984,5636
2026-06-09T13:45:00+00:00,416.42999999999984,419.7899999999998,415.4199999999998,415.74999999999983,5221
2026-06-09T14:00:00+00:00,415.74999999999983,418.1999999999998,412.74999999999983,413.1099999999998,5255
2026-06-09T14:15:00+00:00,413.1099999999998,413.7199999999998,409.9399999999998,411.7199999999998,6382
2026-06-09T14:30:00+00:00,411.7199999999998,413.0199999999998,409.7799999999998,410.3599999999998,5280
2026-06-09T14:45:00+00:00,410.3599999999998,410.9899999999998,405.9399999999998,407.1499999999998,5655
2026-06-09T15:00:00+00:00,407.1499999999998,407.2299999999998,404.74999999999983,405.2799999999998,2876
2026-06-09T15:15:00+00:00,405.2799999999998,405.30999999999983,398.2599999999998,398.4199999999998,3512
2026-06-09T15:30:00+00:00,398.4199999999998,399.7599999999998,397.3599999999998,398.9499999999998,4544
2026-06-09T15:45:00+00:00,398.9499999999998,400.5099999999998,396.0899999999998,396.4799999999998,5508
2026-06-09T16:00:00+00:00,396.4799999999998,398.1299999999998,394.3499999999998,395.3799999999998,5158
2026-06-09T16:15:00+00:00,395.3799999999998,395.5299999999998,391.4899999999998,393.2599999999998,3941
2026-06-09T16:30:00+00:00,393.2599999999998,394.4699999999998,388.5899999999998,390.7699999999998,6780
2026-06-09T16:45:00+00:00,390.7699999999998,392.6099999999998,389.2399999999998,392.4799999999998,6436
2026-06-09T17:00:00+00:00,392.4799999999998,395.4099999999998,391.9599999999998,395.2399999999998,6130
2026-06-09T17:15:00+00:00,395.2399999999998,397.4599999999998,394.1699999999998,396.9099999999998,5433
2026-06-09T17:30:00+00:00,396.9099999999998,399.9099999999998,396.55999999999983,398.99999999999983,4451
2026-06-09T17:45:00+00:00,398.99999999999983,400.3399999999998,396.4399999999998,399.7599999999998,5649
2026-06-09T18:00:00+00:00,399.7599999999998,400.36999999999983,399.2799999999998,399.6299999999998,4649
2026-06-09T18:15:00+00:00,399.6299999999998,401.0399999999998,399.1499999999998,400.5699999999998,4357
2026-06-09T18:30:00+00:00,400.5699999999998,401.8899999999998,399.0999999999998,399.1599999999998,3961
2026-06-09T18:45:00+00:00,399.1599999999998,401.9499999999998,399.1099999999998,401.3199999999998,4057
2026-06-09T19:00:00+00:00,401.3199999999998,401.8399999999998,399.9399999999998,400.1599999999998,4161
2026-06-09T19:15:00+00:00,400.1599999999998,400.6699999999998,398.7399999999998,400.1099999999998,6055
2026-06-09T19:30:00+00:00,400.1099999999998,400.42999999999984,398.4499999999998,399.6399999999998,5904
2026-06-09T19:45:00+00:00,399.6399999999998,401.4499999999998,398.36999999999983,400.6699999999998,5134
2026-06-10T13:30:00+00:00,400.6699999999998,401.2799999999998,395.4399999999998,400.3999999999998,5052
2026-06-10T13:45:00+00:00,400.3999999999998,400.4699999999998,396.0899999999998,396.36999999999983,4410
2026-06-10T14:00:00+00:00,396.36999999999983,397.6999999999998,393.7299999999998,393.7299999999998,4819
2026-06-10T14:15:00+00:00,393.7299999999998,396.2899999999998,393.24999999999983,395.2999999999998,4076
2026-06-10T14:30:00+00:00,395.2999999999998,395.5999999999998,391.3399999999998,391.3399999999998,4316
2026-06-10T14:45:00+00:00,391.3399999999998,392.5399999999998,389.0899999999998,389.6199999999998,5331.597070738548
2026-06-10T15:00:00+00:00,389.6199999999998,390.96999999999974,388.22999999999973,388.63999999999976,4786
2026-06-10T15:15:00+00:00,388.63999999999976,390.59999999999974,387.47999999999973,389.4299999999998,5047
2026-06-10T15:30:00+00:00,389.4299999999998,391.9299999999998,389.20999999999975,391.59999999999974,4842
2026-06-10T15:45:00+00:00,391.59999999999974,391.87999999999977,387.02999999999975,390.69999999999976,6173
2026-06-10T16:00:00+00:00,390.69999999999976,390.9899999999998,388.5499999999998,388.8099999999998,4277
2026-06-10T16:15:00+00:00,388.8099999999998,389.62999999999977,388.09999999999974,388.76999999999975,3679
2026-06-10T16:30:00+00:00,388.76999999999975,390.33999999999975,387.4999999999998,387.51999999999975,4038
2026-06-10T16:45:00+00:00,387.51999999999975,387.76999999999975,385.62999999999977,387.7499999999998,3840
2026-06-10T17:00:00+00:00,387.7499999999998,389.76999999999975,387.02999999999975,388.20999999999975,3644
2026-06-10T17:15:00+00:00,388.20999999999975,388.63999999999976,387.62999999999977,388.1799999999998,3238
2026-06-10T17:30:00+00:00,388.1799999999998,388.38999999999976,386.52999999999975,386.57999999999976,3294
2026-06-10T17:45:00+00:00,386.57999999999976,389.47999999999973,386.4299999999998,389.13999999999976,4284
2026-06-10T18:00:00+00:00,389.13999999999976,389.9299999999998,388.7499999999998,388.89999999999975,3122
2026-06-10T18:15:00+00:00,388.89999999999975,389.4899999999998,387.62999999999977,388.22999999999973,3503
2026-06-10T18:30:00+00:00,388.22999999999973,388.38999999999976,387.07999999999976,387.39999999999975,3212
2026-06-10T18:45:00+00:00,387.39999999999975,387.5599999999998,385.9299999999998,386.27999999999975,3585
2026-06-10T19:00:00+00:00,386.27999999999975,387.14999999999975,385.53999999999974,385.7399999999998,3358
2026-06-10T19:15:00+00:00,385.7399999999998,385.8099999999998,384.47999999999973,385.3699999999998,3554
2026-06-10T19:30:00+00:00,385.3699999999998,387.33999999999975,385.03999999999974,386.95999999999975,3813
2026-06-10T19:45:00+00:00,386.95999999999975,387.6199999999998,385.47999999999973,385.7999999999998,4178
2026-06-11T13:30:00+00:00,385.7999999999998,392.58999999999975,384.97999999999973,386.58999999999975,4479
2026-06-11T13:45:00+00:00,386.58999999999975,392.71999999999974,386.46999999999974,392.58999999999975,4241
2026-06-11T14:00:00+00:00,392.58999999999975,394.53999999999974,391.09999999999974,391.6099999999998,3953
2026-06-11T14:15:00+00:00,391.6099999999998,393.39999999999975,389.12999999999977,392.9899999999998,3868
2026-06-11T14:30:00+00:00,392.9899999999998,393.12999999999977,390.57999999999976,390.57999999999976,3330
2026-06-11T14:45:00+00:00,390.57999999999976,391.58999999999975,388.02999999999975,388.90999999999974,3091
2026-06-11T15:00:00+00:00,388.90999999999974,390.94999999999976,387.82999999999976,389.9299999999998,3425
2026-06-11T15:15:00+00:00,389.9299999999998,391.52999999999975,389.07999999999976,389.9999999999998,2952
2026-06-11T15:30:00+00:00,389.9999999999998,390.8699999999998,389.3099999999998,389.65999999999974,2884
2026-06-11T15:45:00+00:00,389.65999999999974,391.13999999999976,389.27999999999975,390.52999999999975,2531
2026-06-11T16:00:00+00:00,390.52999999999975,392.1099999999998,390.46999999999974,391.76999999999975,2783
2026-06-11T16:15:00+00:00,391.76999999999975,392.26999999999975,389.2499999999998,389.51999999999975,2452
2026-06-11T16:30:00+00:00,389.51999999999975,391.59999999999974,389.07999999999976,390.13999999999976,2518
2026-06-11T16:45:00+00:00,390.13999999999976,390.4199999999998,388.69999999999976,388.7499999999998,2167
2026-06-11T17:00:00+00:00,388.7499999999998,390.62999999999977,388.38999999999976,389.26999999999975,2516
2026-06-11T17:15:00+00:00,389.26999999999975,394.27999999999975,387.81999999999977,394.1799999999998,3000
2026-06-11T17:30:00+00:00,394.1799999999998,398.45999999999975,394.1699999999998,398.38999999999976,3663
2026-06-11T17:45:00+00:00,398.38999999999976,398.7399999999998,396.18999999999977,397.4999999999998,3092
2026-06-11T18:00:00+00:00,397.4999999999998,397.95999999999975,394.47999999999973,396.51999999999975,3165
2026-06-11T18:15:00+00:00,396.51999999999975,397.76999999999975,395.82999999999976,396.56999999999977,2637
2026-06-11T18:30:00+00:00,396.56999999999977,397.33999999999975,396.18999999999977,397.0599999999998,2143
2026-06-11T18:45:00+00:00,397.0599999999998,398.28999999999974,397.02999999999975,397.64999999999975,2106
2026-06-11T19:00:00+00:00,397.64999999999975,399.94999999999976,396.84999999999974,399.70999999999975,2624
2026-06-11T19:15:00+00:00,399.70999999999975,401.1199999999998,398.90999999999974,400.40999999999974,2813
2026-06-11T19:30:00+00:00,400.40999999999974,403.76999999999975,400.38999999999976,402.78999999999974,3861
2026-06-11T19:45:00+00:00,402.78999999999974,403.8099999999998,400.6799999999998,403.4299999999998,3927
2026-06-12T13:30:00+00:00,403.4299999999998,408.5599999999998,400.4299999999998,400.44999999999976,4969
2026-06-12T13:45:00+00:00,400.44999999999976,402.28999999999974,398.72999999999973,398.7399999999998,4014
2026-06-12T14:00:00+00:00,398.7399999999998,401.94999999999976,398.65999999999974,401.07999999999976,3613
2026-06-12T14:15:00+00:00,401.07999999999976,403.0599999999998,398.4899999999998,400.25999999999976,3630
2026-06-12T14:30:00+00:00,400.25999999999976,402.1799999999998,397.81999999999977,397.9999999999998,4171
2026-06-12T14:45:00+00:00,397.9999999999998,402.53999999999974,396.2399999999998,401.6199999999998,4851.530129720749
2026-06-12T15:00:00+00:00,401.6199999999998,402.8899999999998,400.3699999999998,402.0799999999998,3252
2026-06-12T15:15:00+00:00,402.0799999999998,404.6099999999998,401.00999999999976,404.1399999999998,2702
2026-06-12T15:30:00+00:00,404.1399999999998,404.1399999999998,398.6399999999998,398.7499999999998,3676
2026-06-12T15:45:00+00:00,398.7499999999998,399.3499999999998,392.93999999999977,393.5999999999998,3947
2026-06-12T16:00:00+00:00,393.5999999999998,394.8699999999998,391.1099999999998,393.4099999999998,4474
2026-06-12T16:15:00+00:00,393.4099999999998,400.6999999999998,393.3499999999998,399.2199999999998,3791
2026-06-12T16:30:00+00:00,399.2199999999998,401.6499999999998,398.8599999999998,400.4899999999998,3068
2026-06-12T16:45:00+00:00,400.4899999999998,403.62999999999977,400.0799999999998,403.4699999999998,2896
2026-06-12T17:00:00+00:00,403.4699999999998,409.5199999999998,403.2299999999998,404.3599999999998,3814
2026-06-12T17:15:00+00:00,404.3599999999998,406.5399999999998,403.1399999999998,406.25999999999976,2845
2026-06-12T17:30:00+00:00,406.25999999999976,406.6499999999998,404.4599999999998,406.1999999999998,3070
2026-06-12T17:45:00+00:00,406.1999999999998,407.7199999999998,405.5899999999998,407.56999999999977,2543
2026-06-12T18:00:00+00:00,407.56999999999977,408.5999999999998,405.8599999999998,408.0399999999998,2763
2026-06-12T18:15:00+00:00,408.0399999999998,408.4599999999998,404.87999999999977,405.5199999999998,2675
2026-06-12T18:30:00+00:00,405.5199999999998,406.8999999999998,404.9999999999998,406.2099999999998,2063
2026-06-12T18:45:00+00:00,406.2099999999998,406.3499999999998,404.2199999999998,405.5599999999998,2164
2026-06-12T19:00:00+00:00,405.5599999999998,407.5199999999998,405.5299999999998,406.9599999999998,2101
2026-06-12T19:15:00+00:00,406.9599999999998,408.00999999999976,405.7699999999998,407.31999999999977,2459
2026-06-12T19:30:00+00:00,407.31999999999977,408.6799999999998,406.00999999999976,408.2299999999998,3147
2026-06-12T19:45:00+00:00,408.2299999999998,411.0999999999998,406.56999999999977,410.9899999999998,3124
2026-06-15T13:30:00+00:00,410.9899999999998,419.31999999999977,410.9899999999998,416.3999999999998,5510
2026-06-15T13:45:00+00:00,416.3999999999998,418.5199999999998,415.1699999999998,415.43999999999977,4022
2026-06-15T14:00:00+00:00,415.43999999999977,417.3399999999998,414.06999999999977,415.5399999999998,3814
2026-06-15T14:15:00+00:00,415.5399999999998,416.2799999999998,414.7399999999998,415.6599999999998,3182
2026-06-15T14:30:00+00:00,415.6599999999998,416.3699999999998,412.43999999999977,413.0499999999998,3247
2026-06-15T14:45:00+00:00,413.0499999999998,415.5899999999998,412.8599999999998,414.75999999999976,2716
2026-06-15T15:00:00+00:00,414.75999999999976,414.9999999999998,411.4099999999998,412.4699999999998,2953
2026-06-15T15:15:00+00:00,412.4699999999998,415.2699999999998,411.8599999999998,414.1699999999998,2403
2026-06-15T15:30:00+00:00,414.1699999999998,415.5899999999998,413.8599999999998,414.2199999999998,2394
2026-06-15T15:45:00+00:00,414.2199999999998,414.6399999999998,412.6199999999998,413.1799999999998,2136
2026-06-15T16:00:00+00:00,413.1799999999998,414.50999999999976,412.7199999999998,414.3299999999998,2415
2026-06-15T16:15:00+00:00,414.3299999999998,415.9599999999998,413.6599999999998,415.7399999999998,2130
2026-06-15T16:30:00+00:00,415.7399999999998,416.5299999999998,414.0299999999998,414.37999999999977,2045
2026-06-15T16:45:00+00:00,414.37999999999977,414.37999999999977,412.4099999999998,413.12999999999977,2100
2026-06-15T17:00:00+00:00,413.12999999999977,414.5999999999998,413.06999999999977,414.2399999999998,1985
2026-06-15T17:15:00+00:00,414.2399999999998,414.9599999999998,413.3099999999998,413.7399999999998,1644
2026-06-15T17:30:00+00:00,413.7399999999998,416.0799999999998,413.7399999999998,415.6499999999998,2265
2026-06-15T17:45:00+00:00,415.6499999999998,416.2399999999998,415.1099999999998,415.4099999999998,1905
2026-06-15T18:00:00+00:00,415.4099999999998,415.6099999999998,414.3699999999998,415.37999999999977,1961
2026-06-15T18:15:00+00:00,415.37999999999977,415.68999999999977,414.1599999999998,414.37999999999977,1719
2026-06-15T18:30:00+00:00,414.37999999999977,415.4199999999998,413.9599999999998,414.0799999999998,1755
2026-06-15T18:45:00+00:00,414.0799999999998,414.4899999999998,413.7399999999998,413.8899999999998,1525
2026-06-15T19:00:00+00:00,413.8899999999998,414.7699999999998,413.68999999999977,414.4299999999998,1477
2026-06-15T19:15:00+00:00,414.4299999999998,415.00999999999976,413.4899999999998,414.00999999999976,1643
2026-06-15T19:30:00+00:00,414.00999999999976,414.7199999999998,412.9899999999998,413.3399999999998,1655
2026-06-15T19:45:00+00:00,413.3399999999998,415.5999999999998,412.2099999999998,415.5999999999998,2929
2026-06-16T13:30:00+00:00,415.5999999999998,415.5999999999998,404.8599999999998,412.6799999999998,4642
2026-06-16T13:45:00+00:00,412.6799999999998,416.7499999999998,411.5499999999998,413.9899999999998,4230
2026-06-16T14:00:00+00:00,413.9899999999998,414.6499999999998,409.6599999999998,410.6699999999998,3325
2026-06-16T14:15:00+00:00,410.6699999999998,410.9899999999998,406.4299999999998,407.3099999999998,3233
2026-06-16T14:30:00+00:00,407.3099999999998,409.9499999999998,405.56999999999977,409.18999999999977,3663
2026-06-16T14:45:00+00:00,409.18999999999977,412.5399999999998,409.0799999999998,411.06999999999977,3523
2026-06-16T15:00:00+00:00,411.06999999999977,416.00999999999976,411.0199999999998,411.3699999999998,3418
2026-06-16T15:15:00+00:00,411.3699999999998,411.6199999999998,408.8399999999998,409.4999999999998,2724
2026-06-16T15:30:00+00:00,409.4999999999998,411.5399999999998,409.4899999999998,410.4199999999998,2826
2026-06-16T15:45:00+00:00,410.4199999999998,411.6499999999998,409.1699999999998,410.2299999999998,2721
2026-06-16T16:00:00+00:00,410.2299999999998,411.7399999999998,410.1999999999998,410.9099999999998,2281
2026-06-16T16:15:00+00:00,410.9099999999998,411.8499999999998,409.1599999999998,409.50999999999976,2026
2026-06-16T16:30:00+00:00,409.50999999999976,409.5199999999998,407.9199999999998,408.8999999999998,2028
2026-06-16T16:45:00+00:00,408.8999999999998,409.5599999999998,408.1099999999998,409.43999999999977,2030
2026-06-16T17:00:00+00:00,409.43999999999977,409.7899999999998,408.3899999999998,409.6399999999998,1687
2026-06-16T17:15:00+00:00,409.6399999999998,409.6399999999998,408.25999999999976,408.9599999999998,1673
2026-06-16T17:30:00+00:00,408.9599999999998,409.3899999999998,407.4199999999998,409.06999999999977,1953
2026-06-16T17:45:00+00:00,409.06999999999977,409.8899999999998,408.8499999999998,409.2499999999998,1776
2026-06-16T18:00:00+00:00,409.2499999999998,409.75999999999976,409.0799999999998,409.4999999999998,1409
2026-06-16T18:15:00+00:00,409.4999999999998,410.2199999999998,409.1599999999998,409.8899999999998,1533
2026-06-16T18:30:00+00:00,409.8899999999998,410.2799999999998,409.2299999999998,409.3399999999998,1475
2026-06-16T18:45:00+00:00,409.3399999999998,409.7299999999998,408.6699999999998,409.4199999999998,1726
2026-06-16T19:00:00+00:00,409.4199999999998,410.25999999999976,408.9599999999998,409.6599999999998,1840
2026-06-16T19:15:00+00:00,409.6599999999998,411.3899999999998,408.6599999999998,411.3299999999998,2345
2026-06-16T19:30:00+00:00,411.3299999999998,411.5999999999998,409.87999999999977,410.7699999999998,2406
2026-06-16T19:45:00+00:00,410.7699999999998,411.0499999999998,407.8599999999998,408.8099999999998,3760
2026-06-17T13:30:00+00:00,408.8099999999998,408.8099999999998,403.7799999999998,406.2799999999998,5776
2026-06-17T13:45:00+00:00,406.2799999999998,407.0999999999998,402.6699999999998,402.8099999999998,5311
2026-06-17T14:00:00+00:00,402.8099999999998,405.4999999999998,402.1999999999998,405.2299999999998,5749
2026-06-17T14:15:00+00:00,405.2299999999998,407.2499999999998,404.2399999999998,406.0299999999998,5040
2026-06-17T14:30:00+00:00,406.0299999999998,406.1099999999998,403.2099999999998,403.7499999999998,4822
2026-06-17T14:45:00+00:00,403.7499999999998,404.3599999999998,401.9999999999998,403.9099999999998,5198.4236303800735
2026-06-17T15:00:00+00:00,403.9099999999998,404.3499999999998,402.0299999999998,402.57999999999976,4226
2026-06-17T15:15:00+00:00,402.57999999999976,403.2399999999998,402.13999999999976,403.0899999999998,3669
2026-06-17T15:30:00+00:00,403.0899999999998,405.00999999999976,402.8999999999998,404.8599999999998,3328
2026-06-17T15:45:00+00:00,404.8599999999998,405.69999999999976,403.57999999999976,405.3699999999998,3014
2026-06-17T16:00:00+00:00,405.3699999999998,407.69999999999976,405.25999999999976,407.50999999999976,3144
2026-06-17T16:15:00+00:00,407.50999999999976,409.50999999999976,406.7399999999998,409.00999999999976,3572
2026-06-17T16:30:00+00:00,409.00999999999976,409.37999999999977,407.7799999999998,407.93999999999977,3391
2026-06-17T16:45:00+00:00,407.93999999999977,408.75999999999976,406.9999999999998,408.2099999999998,2871
2026-06-17T17:00:00+00:00,408.2099999999998,408.63999999999976,407.2899999999998,407.7399999999998,2989
2026-06-17T17:15:00+00:00,407.7399999999998,409.9099999999998,407.31999999999977,408.6499999999998,2935
2026-06-17T17:30:00+00:00,408.6499999999998,409.1799999999998,407.9299999999998,408.6199999999998,2279
2026-06-17T17:45:00+00:00,408.6199999999998,409.5499999999998,408.1199999999998,408.93999999999977,2435
2026-06-17T18:00:00+00:00,408.93999999999977,409.1099999999998,402.7099999999998,406.6699999999998,7733
2026-06-17T18:15:00+00:00,406.6699999999998,407.6699999999998,404.4299999999998,405.63999999999976,5551
2026-06-17T18:30:00+00:00,405.63999999999976,408.63999999999976,404.5399999999998,408.2299999999998,6520
2026-06-17T18:45:00+00:00,408.2299999999998,408.2799999999998,404.3099999999998,404.9999999999998,6008
2026-06-17T19:00:00+00:00,404.9999999999998,405.94999999999976,403.43999999999977,405.31999999999977,6603
2026-06-17T19:15:00+00:00,405.31999999999977,405.5199999999998,401.82999999999976,402.1599999999998,5977
2026-06-17T19:30:00+00:00,402.1599999999998,402.8099999999998,398.1499999999998,398.6799999999998,7082
2026-06-17T19:45:00+00:00,398.6799999999998,401.0499999999998,398.5199999999998,400.94999999999976,6371
2026-06-18T13:30:00+00:00,400.94999999999976,403.2499999999998,392.5499999999998,392.5599999999998,7733
2026-06-18T13:45:00+00:00,392.5599999999998,394.9099999999998,391.2099999999998,392.93999999999977,7257
2026-06-18T14:00:00+00:00,392.93999999999977,395.9999999999998,392.2299999999998,393.7299999999998,6523
2026-06-18T14:15:00+00:00,393.7299999999998,395.87999999999977,389.82999999999976,390.5599999999998,6351
2026-06-18T14:30:00+00:00,390.5599999999998,392.56999999999977,389.12999999999977,391.2999999999998,6288
2026-06-18T14:45:00+00:00,391.2999999999998,394.00999999999976,391.13999999999976,392.8099999999998,4763.848369419941
2026-06-18T15:00:00+00:00,392.8099999999998,394.7299999999998,392.32999999999976,393.6699999999998,4850
2026-06-18T15:15:00+00:00,393.6699999999998,395.4199999999998,393.06999999999977,394.00999999999976,4561
2026-06-18T15:30:00+00:00,394.00999999999976,394.32999999999976,392.2499999999998,392.8099999999998,4691
2026-06-18T15:45:00+00:00,392.8099999999998,395.87999999999977,391.84999999999974,395.32999999999976,4328
2026-06-18T16:00:00+00:00,395.32999999999976,397.64999999999975,394.95999999999975,396.4299999999998,3882
2026-06-18T16:15:00+00:00,396.4299999999998,397.84999999999974,395.96999999999974,396.56999999999977,3367
2026-06-18T16:30:00+00:00,396.56999999999977,398.14999999999975,396.06999999999977,397.65999999999974,3025
2026-06-18T16:45:00+00:00,397.65999999999974,398.4199999999998,397.44999999999976,398.02999999999975,3019
2026-06-18T17:00:00+00:00,398.02999999999975,399.87999999999977,397.01999999999975,398.4299999999998,3756
2026-06-18T17:15:00+00:00,398.4299999999998,400.00999999999976,398.4299999999998,399.58999999999975,2645
2026-06-18T17:30:00+00:00,399.58999999999975,401.57999999999976,399.51999999999975,400.77999999999975,3066
2026-06-18T17:45:00+00:00,400.77999999999975,401.34999999999974,400.0499999999998,400.06999999999977,2363
2026-06-18T18:00:00+00:00,400.06999999999977,400.56999999999977,399.09999999999974,399.94999999999976,3170
2026-06-18T18:15:00+00:00,399.94999999999976,400.0499999999998,398.63999999999976,398.65999999999974,2668
2026-06-18T18:30:00+00:00,398.65999999999974,399.6099999999998,398.46999999999974,398.68999999999977,2419
2026-06-18T18:45:00+00:00,398.68999999999977,400.0499999999998,398.6799999999998,398.9199999999998,2447
2026-06-18T19:00:00+00:00,398.9199999999998,399.2499999999998,398.1099999999998,398.7899999999998,3104
2026-06-18T19:15:00+00:00,398.7899999999998,400.77999999999975,398.65999999999974,400.19999999999976,2887
2026-06-18T19:30:00+00:00,400.19999999999976,403.2299999999998,399.9299999999998,403.1099999999998,3312
2026-06-18T19:45:00+00:00,403.1099999999998,406.9199999999998,402.7399999999998,404.68999999999977,4977
2026-06-22T13:30:00+00:00,404.68999999999977,407.52999999999975,398.6099999999998,407.1799999999998,6346
2026-06-22T13:45:00+00:00,407.1799999999998,411.15999999999974,405.71999999999974,411.1099999999998,7075
2026-06-22T14:00:00+00:00,411.1099999999998,419.08999999999975,410.52999999999975,417.7399999999998,7906
2026-06-22T14:15:00+00:00,417.7399999999998,417.90999999999974,413.95999999999975,414.14999999999975,7152
2026-06-22T14:30:00+00:00,414.14999999999975,415.13999999999976,411.44999999999976,412.33999999999975,7265
2026-06-22T14:45:00+00:00,412.33999999999975,412.68999999999977,406.01999999999975,408.9899999999998,6992
2026-06-22T15:00:00+00:00,408.9899999999998,415.26999999999975,408.6799999999998,415.2399999999998,6082
2026-06-22T15:15:00+00:00,415.2399999999998,415.9999999999998,413.44999999999976,414.20999999999975,6108
2026-06-22T15:30:00+00:00,414.20999999999975,415.38999999999976,413.44999999999976,414.2999999999998,4736
2026-06-22T15:45:00+00:00,414.2999999999998,414.68999999999977,412.14999999999975,412.25999999999976,4701
2026-06-22T16:00:00+00:00,412.25999999999976,413.21999999999974,410.94999999999976,412.83999999999975,4496
2026-06-22T16:15:00+00:00,412.83999999999975,413.76999999999975,410.70999999999975,411.58999999999975,4051
2026-06-22T16:30:00+00:00,411.58999999999975,412.3099999999998,411.08999999999975,411.33999999999975,3388
2026-06-22T16:45:00+00:00,411.33999999999975,412.8599999999998,410.9999999999998,412.59999999999974,3487
2026-06-22T17:00:00+00:00,412.59999999999974,412.88999999999976,410.57999999999976,411.0599999999998,2896
2026-06-22T17:15:00+00:00,411.0599999999998,413.9899999999998,410.89999999999975,411.46999999999974,3053
2026-06-22T17:30:00+00:00,411.46999999999974,411.75999999999976,410.00999999999976,410.76999999999975,2757
2026-06-22T17:45:00+00:00,410.76999999999975,413.8099999999998,410.6699999999998,412.06999999999977,2827
2026-06-22T18:00:00+00:00,412.06999999999977,412.59999999999974,411.46999999999974,412.46999999999974,2460
2026-06-22T18:15:00+00:00,412.46999999999974,412.84999999999974,411.2499999999998,411.4999999999998,2169
2026-06-22T18:30:00+00:00,411.4999999999998,412.6199999999998,411.00999999999976,411.15999999999974,2465
2026-06-22T18:45:00+00:00,411.15999999999974,411.43999999999977,410.18999999999977,410.26999999999975,2645
2026-06-22T19:00:00+00:00,410.26999999999975,411.09999999999974,407.45999999999975,410.6199999999998,3559
2026-06-22T19:15:00+00:00,410.6199999999998,411.8599999999998,410.37999999999977,410.56999999999977,3467
2026-06-22T19:30:00+00:00,410.56999999999977,411.5599999999998,409.26999999999975,409.77999999999975,2933
2026-06-22T19:45:00+00:00,409.77999999999975,411.02999999999975,408.89999999999975,409.5599999999998,3872
2026-06-23T13:30:00+00:00,409.5599999999998,409.5599999999998,392.44999999999976,392.44999999999976,7221
2026-06-23T13:45:00+00:00,392.44999999999976,394.5599999999998,391.3599999999998,393.64999999999975,7215
2026-06-23T14:00:00+00:00,393.64999999999975,394.56999999999977,390.8099999999998,393.2899999999998,6705
2026-06-23T14:15:00+00:00,393.2899999999998,393.4799999999998,390.5499999999998,392.44999999999976,6378
2026-06-23T14:30:00+00:00,392.44999999999976,394.01999999999975,391.7499999999998,392.06999999999977,5923
2026-06-23T14:45:00+00:00,392.06999999999977,392.21999999999974,389.40999999999974,390.5599999999998,6070
2026-06-23T15:00:00+00:00,390.5599999999998,390.8699999999998,388.7299999999998,390.12999999999977,5319
2026-06-23T15:15:00+00:00,390.12999999999977,390.31999999999977,387.6799999999998,387.95999999999975,5167
2026-06-23T15:30:00+00:00,387.95999999999975,388.96999999999974,386.4999999999998,387.12999999999977,5293
2026-06-23T15:45:00+00:00,387.12999999999977,388.18999999999977,386.84999999999974,387.7999999999998,4595
2026-06-23T16:00:00+00:00,387.7999999999998,390.02999999999975,387.71999999999974,389.2999999999998,3965
2026-06-23T16:15:00+00:00,389.2999999999998,389.56999999999977,387.84999999999974,387.8599999999998,3995
2026-06-23T16:30:00+00:00,387.8599999999998,389.62999999999977,386.81999999999977,389.59999999999974,3877
2026-06-23T16:45:00+00:00,389.59999999999974,390.01999999999975,388.7499999999998,389.58999999999975,3561
2026-06-23T17:00:00+00:00,389.58999999999975,390.09999999999974,388.3099999999998,389.01999999999975,3573
2026-06-23T17:15:00+00:00,389.01999999999975,389.9899999999998,388.8699999999998,389.58999999999975,3346
2026-06-23T17:30:00+00:00,389.58999999999975,390.2299999999998,388.90999999999974,388.95999999999975,3134
2026-06-23T17:45:00+00:00,388.95999999999975,389.07999999999976,385.62999999999977,385.64999999999975,3607
2026-06-23T18:00:00+00:00,385.64999999999975,386.82999999999976,385.2999999999998,385.95999999999975,3561
2026-06-23T18:15:00+00:00,385.95999999999975,386.20999999999975,384.9799999999998,385.90999999999974,3133
2026-06-23T18:30:00+00:00,385.90999999999974,386.20999999999975,384.3099999999998,384.31999999999977,3271
2026-06-23T18:45:00+00:00,384.31999999999977,384.69999999999976,383.4899999999998,384.1799999999998,4297
2026-06-23T19:00:00+00:00,384.1799999999998,386.4999999999998,383.9999999999998,385.46999999999974,4749
2026-06-23T19:15:00+00:00,385.46999999999974,386.5499999999998,384.34999999999974,386.0399999999998,4784
2026-06-23T19:30:00+00:00,386.0399999999998,386.7999999999998,385.75999999999976,386.12999999999977,4453
2026-06-23T19:45:00+00:00,386.12999999999977,387.01999999999975,384.96999999999974,385.76999999999975,5248
2026-06-24T13:30:00+00:00,385.76999999999975,388.8699999999998,383.0599999999998,387.82999999999976,4196
2026-06-24T13:45:00+00:00,387.82999999999976,388.9199999999998,385.18999999999977,385.7299999999998,3690
2026-06-24T14:00:00+00:00,385.7299999999998,387.08999999999975,383.94999999999976,385.7899999999998,4165
2026-06-24T14:15:00+00:00,385.7899999999998,387.2899999999998,384.18999999999977,386.4299999999998,3969
2026-06-24T14:30:00+00:00,386.4299999999998,387.59999999999974,384.0499999999998,385.70999999999975,3841
2026-06-24T14:45:00+00:00,385.70999999999975,387.9699999999998,385.4799999999998,387.87999999999977,3607.267456167333
2026-06-24T15:00:00+00:00,387.87999999999977,388.0399999999998,386.44999999999976,387.2399999999998,3375
2026-06-24T15:15:00+00:00,387.2399999999998,388.8599999999998,387.13999999999976,388.2699999999998,3297
2026-06-24T15:30:00+00:00,388.2699999999998,388.3999999999998,385.88999999999976,386.2799999999998,3212
2026-06-24T15:45:00+00:00,386.2799999999998,386.9099999999998,384.8299999999998,384.93999999999977,2884
2026-06-24T16:00:00+00:00,384.93999999999977,386.0799999999998,384.6199999999998,385.81999999999977,2611
2026-06-24T16:15:00+00:00,385.81999999999977,386.38999999999976,385.4899999999998,385.7999999999998,2243
2026-06-24T16:30:00+00:00,385.7999999999998,385.8099999999998,382.2999999999998,382.9799999999998,3133
2026-06-24T16:45:00+00:00,382.9799999999998,384.0899999999998,382.7199999999998,382.8999999999998,2479
2026-06-24T17:00:00+00:00,382.8999999999998,383.69999999999976,381.50999999999976,382.0199999999998,2636
2026-06-24T17:15:00+00:00,382.0199999999998,382.2399999999998,379.7199999999998,379.9299999999998,3605
2026-06-24T17:30:00+00:00,379.9299999999998,380.3099999999998,378.8699999999998,379.19999999999976,3928
2026-06-24T17:45:00+00:00,379.19999999999976,379.8999999999998,378.7099999999998,379.0199999999998,3583
2026-06-24T18:00:00+00:00,379.0199999999998,379.9899999999998,378.1499999999998,379.4599999999998,4133
2026-06-24T18:15:00+00:00,379.4599999999998,382.0199999999998,379.44999999999976,381.3999999999998,3166
2026-06-24T18:30:00+00:00,381.3999999999998,381.6799999999998,379.9899999999998,380.3399999999998,3183
2026-06-24T18:45:00+00:00,380.3399999999998,380.43999999999977,378.3999999999998,378.5199999999998,3578
2026-06-24T19:00:00+00:00,378.5199999999998,379.2299999999998,377.5399999999998,378.06999999999977,3859
2026-06-24T19:15:00+00:00,378.06999999999977,380.7799999999998,377.7899999999998,380.62999999999977,3279
2026-06-24T19:30:00+00:00,380.62999999999977,380.9299999999998,379.7199999999998,380.4699999999998,3101
2026-06-24T19:45:00+00:00,380.4699999999998,381.8499999999998,379.5499999999998,379.88999999999976,4179
2026-06-25T13:30:00+00:00,379.88999999999976,383.4799999999998,376.9999999999998,379.7399999999998,4837
2026-06-25T13:45:00+00:00,379.7399999999998,380.56999999999977,375.7399999999998,376.2299999999998,5301
2026-06-25T14:00:00+00:00,376.2299999999998,382.1799999999998,376.0499999999998,380.2299999999998,5134
2026-06-25T14:15:00+00:00,380.2299999999998,382.31999999999977,379.3999999999998,380.7699999999998,4928
2026-06-25T14:30:00+00:00,380.7699999999998,382.5999999999998,380.0899999999998,380.7099999999998,4767
2026-06-25T14:45:00+00:00,380.7099999999998,382.6199999999998,378.94999999999976,379.13999999999976,2420
2026-06-25T15:00:00+00:00,379.13999999999976,380.8699999999998,377.1799999999998,377.44999999999976,2476
2026-06-25T15:15:00+00:00,377.44999999999976,380.94999999999976,376.8399999999998,379.37999999999977,2375
2026-06-25T15:30:00+00:00,379.37999999999977,381.7999999999998,379.3399999999998,380.2799999999998,2058
2026-06-25T15:45:00+00:00,380.2799999999998,381.1799999999998,379.50999999999976,380.0499999999998,1556
2026-06-25T16:00:00+00:00,380.0499999999998,381.0599999999998,379.2199999999998,380.1799999999998,1685
2026-06-25T16:15:00+00:00,380.1799999999998,380.31999999999977,378.4999999999998,378.8399999999998,3103
2026-06-25T16:30:00+00:00,378.8399999999998,379.0799999999998,377.2999999999998,377.31999999999977,3756
2026-06-25T16:45:00+00:00,377.31999999999977,378.4299999999998,376.50999999999976,377.6599999999998,3526
2026-06-25T17:00:00+00:00,377.6599999999998,379.0899999999998,377.31999999999977,378.4599999999998,3062
2026-06-25T17:15:00+00:00,378.4599999999998,379.6799999999998,378.0399999999998,378.7999999999998,3160
2026-06-25T17:30:00+00:00,378.7999999999998,379.63999999999976,378.3499999999998,378.5299999999998,3015
2026-06-25T17:45:00+00:00,378.5299999999998,378.9099999999998,377.6499999999998,378.88999999999976,3350
2026-06-25T18:00:00+00:00,378.88999999999976,378.9999999999998,376.9899999999998,378.0399999999998,4067
2026-06-25T18:15:00+00:00,378.0399999999998,380.43999999999977,377.93999999999977,380.2799999999998,3280
2026-06-25T18:30:00+00:00,380.2799999999998,380.3999999999998,377.9899999999998,378.25999999999976,3406
2026-06-25T18:45:00+00:00,378.25999999999976,379.1199999999998,377.0399999999998,378.3499999999998,3156
2026-06-25T19:00:00+00:00,378.3499999999998,378.43999999999977,377.4699999999998,378.0399999999998,3112
2026-06-25T19:15:00+00:00,378.0399999999998,378.4699999999998,377.2499999999998,378.0299999999998,3413
2026-06-25T19:30:00+00:00,378.0299999999998,378.8299999999998,377.5399999999998,378.3399999999998,3250
2026-06-25T19:45:00+00:00,378.3399999999998,379.87999999999977,377.6099999999998,379.5199999999998,3910
2026-06-26T13:30:00+00:00,379.5199999999998,379.5199999999998,373.06999999999977,377.6099999999998,4958
2026-06-26T13:45:00+00:00,377.6099999999998,379.1699999999998,375.4899999999998,379.1699999999998,4379
2026-06-26T14:00:00+00:00,379.1699999999998,382.12999999999977,378.31999999999977,381.5399999999998,4119
2026-06-26T14:15:00+00:00,381.5399999999998,382.3599999999998,379.7699999999998,381.88999999999976,4023
2026-06-26T14:30:00+00:00,381.88999999999976,383.5999999999998,380.8299999999998,382.1699999999998,4033
2026-06-26T14:45:00+00:00,382.1699999999998,383.87999999999977,381.4899999999998,382.63999999999976,4496.929608540925
2026-06-26T15:00:00+00:00,382.63999999999976,384.8499999999998,382.62999999999977,384.19999999999976,4287
2026-06-26T15:15:00+00:00,384.19999999999976,389.5899999999998,383.9699999999998,389.3499999999998,4588
2026-06-26T15:30:00+00:00,389.3499999999998,392.25999999999976,389.2999999999998,391.1099999999998,4810
2026-06-26T15:45:00+00:00,391.1099999999998,391.6699999999998,388.69999999999976,389.38999999999976,4886
2026-06-26T16:00:00+00:00,389.38999999999976,390.0999999999998,386.7099999999998,387.3999999999998,4282
2026-06-26T16:15:00+00:00,387.3999999999998,388.0799999999998,386.8399999999998,387.4899999999998,3973
2026-06-26T16:30:00+00:00,387.4899999999998,390.0199999999998,387.4099999999998,389.13999999999976,3384
2026-06-26T16:45:00+00:00,389.13999999999976,390.5399999999998,388.8099999999998,389.8099999999998,3172
2026-06-26T17:00:00+00:00,389.8099999999998,391.8299999999998,389.50999999999976,390.50999999999976,3284
2026-06-26T17:15:00+00:00,390.50999999999976,390.7099999999998,389.3399999999998,390.13999999999976,2552
2026-06-26T17:30:00+00:00,390.13999999999976,390.9799999999998,389.9099999999998,390.3599999999998,2896
2026-06-26T17:45:00+00:00,390.3599999999998,390.6499999999998,388.8599999999998,389.0199999999998,2788
2026-06-26T18:00:00+00:00,389.0199999999998,389.4099999999998,387.4999999999998,387.9999999999998,3275
2026-06-26T18:15:00+00:00,387.9999999999998,388.8599999999998,387.0399999999998,387.0599999999998,3015
2026-06-26T18:30:00+00:00,387.0599999999998,387.93999999999977,384.9899999999998,385.19999999999976,3520
2026-06-26T18:45:00+00:00,385.19999999999976,385.3499999999998,383.4999999999998,384.2699999999998,3512
2026-06-26T19:00:00+00:00,384.2699999999998,385.31999999999977,383.9099999999998,385.31999999999977,3254
2026-06-26T19:15:00+00:00,385.31999999999977,385.3399999999998,384.0199999999998,384.2099999999998,3150
2026-06-26T19:30:00+00:00,384.2099999999998,384.56999999999977,383.00999999999976,383.56999999999977,3249
2026-06-26T19:45:00+00:00,383.56999999999977,387.3499999999998,383.4899999999998,383.8699999999998,4780
2026-06-29T13:30:00+00:00,383.8699999999998,396.3499999999998,383.7799999999998,396.2699999999998,5070
2026-06-29T13:45:00+00:00,396.2699999999998,398.3099999999998,394.7999999999998,396.18999999999977,4483
2026-06-29T14:00:00+00:00,396.18999999999977,398.7099999999998,394.00999999999976,394.5199999999998,4834
2026-06-29T14:15:00+00:00,394.5199999999998,401.0399999999998,393.6499999999998,400.0999999999998,4318
2026-06-29T14:30:00+00:00,400.0999999999998,402.81999999999977,398.93999999999977,400.3999999999998,3801
2026-06-29T14:45:00+00:00,400.3999999999998,402.5599999999998,398.9899999999998,402.0399999999998,3230
2026-06-29T15:00:00+00:00,402.0399999999998,402.25999999999976,400.4999999999998,401.2099999999998,2520
2026-06-29T15:15:00+00:00,401.2099999999998,402.7799999999998,399.69999999999976,402.2099999999998,2440
2026-06-29T15:30:00+00:00,402.2099999999998,404.68999999999977,402.06999999999977,404.25999999999976,2809
2026-06-29T15:45:00+00:00,404.25999999999976,405.25999999999976,403.69999999999976,405.0299999999998,2276
2026-06-29T16:00:00+00:00,405.0299999999998,406.6499999999998,405.00999999999976,406.19999999999976,2267
2026-06-29T16:15:00+00:00,406.19999999999976,408.7199999999998,405.9999999999998,408.4599999999998,2288
2026-06-29T16:30:00+00:00,408.4599999999998,409.3499999999998,406.7299999999998,406.8299999999998,2478
2026-06-29T16:45:00+00:00,406.8299999999998,408.7099999999998,406.4899999999998,408.06999999999977,2053
2026-06-29T17:00:00+00:00,408.06999999999977,411.12999999999977,407.7099999999998,410.9199999999998,2214
2026-06-29T17:15:00+00:00,410.9199999999998,413.4599999999998,410.8099999999998,413.2099999999998,2394
2026-06-29T17:30:00+00:00,413.2099999999998,415.13999999999976,412.75999999999976,413.56999999999977,2585
2026-06-29T17:45:00+00:00,413.56999999999977,414.5799999999998,412.9199999999998,413.44999999999976,2050
2026-06-29T18:00:00+00:00,413.44999999999976,413.7399999999998,412.68999999999977,413.0299999999998,1929
2026-06-29T18:15:00+00:00,413.0299999999998,414.06999999999977,412.69999999999976,413.4199999999998,1790
2026-06-29T18:30:00+00:00,413.4199999999998,414.81999999999977,412.9999999999998,414.18999999999977,1921
2026-06-29T18:45:00+00:00,414.18999999999977,415.3099999999998,414.18999999999977,414.75999999999976,1819
2026-06-29T19:00:00+00:00,414.75999999999976,416.3699999999998,413.12999999999977,416.1199999999998,1964
2026-06-29T19:15:00+00:00,416.1199999999998,417.5299999999998,415.81999999999977,416.37999999999977,2076
2026-06-29T19:30:00+00:00,416.37999999999977,417.69999999999976,416.2699999999998,416.5799999999998,2114
2026-06-29T19:45:00+00:00,416.5799999999998,417.4199999999998,415.4899999999998,416.4199999999998,3709
2026-06-30T13:30:00+00:00,416.4199999999998,416.7499999999998,410.3599999999998,413.6099999999998,5009
2026-06-30T13:45:00+00:00,413.6099999999998,416.9799999999998,413.56999999999977,416.3499999999998,3325
2026-06-30T14:00:00+00:00,416.3499999999998,420.6199999999998,415.38999999999976,420.1799999999998,3746
2026-06-30T14:15:00+00:00,420.1799999999998,420.6699999999998,418.0999999999998,419.4199999999998,3026
2026-06-30T14:30:00+00:00,419.4199999999998,420.3299999999998,418.3399999999998,419.2999999999998,2394
2026-06-30T14:45:00+00:00,419.2999999999998,419.6699999999998,417.7399999999998,418.5599999999998,2341
2026-06-30T15:00:00+00:00,418.5599999999998,420.75999999999976,417.0299999999998,417.7499999999998,2424
2026-06-30T15:15:00+00:00,417.7499999999998,420.3699999999998,417.5499999999998,419.8999999999998,2035
2026-06-30T15:30:00+00:00,419.8999999999998,421.9099999999998,419.7399999999998,420.7399999999998,2227
2026-06-30T15:45:00+00:00,420.7399999999998,422.0399999999998,420.13999999999976,420.13999999999976,1812
2026-06-30T16:00:00+00:00,420.13999999999976,421.8499999999998,419.5999999999998,420.56999999999977,1556
2026-06-30T16:15:00+00:00,420.56999999999977,421.2799999999998,420.18999999999977,420.93999999999977,1231
2026-06-30T16:30:00+00:00,420.93999999999977,422.3599999999998,420.8699999999998,422.0899999999998,1432
2026-06-30T16:45:00+00:00,422.0899999999998,423.1199999999998,421.88999999999976,422.3399999999998,1488
2026-06-30T17:00:00+00:00,422.3399999999998,423.9699999999998,422.1499999999998,423.1099999999998,1480
2026-06-30T17:15:00+00:00,423.1099999999998,423.4699999999998,422.5799999999998,422.62999999999977,1379
2026-06-30T17:30:00+00:00,422.62999999999977,422.7499999999998,420.5999999999998,420.9999999999998,1439
2026-06-30T17:45:00+00:00,420.9999999999998,422.31999999999977,420.7399999999998,421.9699999999998,1284
2026-06-30T18:00:00+00:00,421.9699999999998,423.6199999999998,421.8999999999998,423.5199999999998,1540
2026-06-30T18:15:00+00:00,423.5199999999998,424.0999999999998,423.12999999999977,423.37999999999977,1403
2026-06-30T18:30:00+00:00,423.37999999999977,424.3299999999998,422.7999999999998,423.8099999999998,1522
2026-06-30T18:45:00+00:00,423.8099999999998,426.5199999999998,423.7899999999998,426.4899999999998,1998
2026-06-30T19:00:00+00:00,426.4899999999998,428.8699999999998,426.0899999999998,428.4999999999998,2482
2026-06-30T19:15:00+00:00,428.4999999999998,428.9999999999998,425.7399999999998,427.93999999999977,2066
2026-06-30T19:30:00+00:00,427.93999999999977,428.2199999999998,426.9599999999998,427.3099999999998,2050
2026-06-30T19:45:00+00:00,427.3099999999998,427.4099999999998,424.7399999999998,425.0499999999998,3618
2026-07-01T13:30:00+00:00,425.0499999999998,429.5899999999998,422.62999999999977,424.69999999999976,5658
2026-07-01T13:45:00+00:00,424.69999999999976,428.94999999999976,424.3999999999998,427.13999999999976,4096
2026-07-01T14:00:00+00:00,427.13999999999976,431.9099999999998,427.13999999999976,430.7799999999998,4045
2026-07-01T14:15:00+00:00,430.7799999999998,432.1799999999998,430.44999999999976,431.50999999999976,3213
2026-07-01T14:30:00+00:00,431.50999999999976,432.3399999999998,428.5899999999998,431.5599999999998,3597
2026-07-01T14:45:00+00:00,431.5599999999998,433.44999999999976,429.2499999999998,430.3299999999998,3417.493508388038
2026-07-01T15:00:00+00:00,430.3299999999998,435.0099999999998,430.27999999999986,434.78999999999985,3338
2026-07-01T15:15:00+00:00,434.78999999999985,437.33999999999986,433.0799999999998,436.3199999999998,3316
2026-07-01T15:30:00+00:00,436.3199999999998,436.5799999999998,434.2599999999998,435.0099999999998,2908
2026-07-01T15:45:00+00:00,435.0099999999998,435.40999999999985,432.49999999999983,432.92999999999984,2433
2026-07-01T16:00:00+00:00,432.92999999999984,433.16999999999985,431.73999999999984,432.6399999999998,2210
2026-07-01T16:15:00+00:00,432.6399999999998,433.2599999999998,431.77999999999986,432.46999999999986,1888
2026-07-01T16:30:00+00:00,432.46999999999986,432.86999999999983,431.5699999999998,431.98999999999984,1739
2026-07-01T16:45:00+00:00,431.98999999999984,432.2099999999998,430.2099999999998,431.1299999999998,2027
2026-07-01T17:00:00+00:00,431.1299999999998,432.09999999999985,429.96999999999986,431.84999999999985,2126
2026-07-01T17:15:00+00:00,431.84999999999985,432.15999999999985,430.66999999999985,430.91999999999985,1742
2026-07-01T17:30:00+00:00,430.91999999999985,431.27999999999986,429.5699999999998,430.3299999999998,1821
2026-07-01T17:45:00+00:00,430.3299999999998,430.8299999999998,429.4599999999998,429.47999999999985,1737
2026-07-01T18:00:00+00:00,429.47999999999985,429.99999999999983,429.0699999999998,429.17999999999984,1689
2026-07-01T18:15:00+00:00,429.17999999999984,429.99999999999983,428.8199999999998,429.14999999999986,1486
2026-07-01T18:30:00+00:00,429.14999999999986,429.7699999999998,428.24999999999983,429.0199999999998,1604
2026-07-01T18:45:00+00:00,429.0199999999998,430.27999999999986,428.80999999999983,430.2699999999998,1724
2026-07-01T19:00:00+00:00,430.2699999999998,430.96999999999986,429.35999999999984,430.92999999999984,1987
2026-07-01T19:15:00+00:00,430.92999999999984,431.05999999999983,429.6399999999998,430.5099999999998,1881
2026-07-01T19:30:00+00:00,430.5099999999998,431.8299999999998,430.0199999999998,431.58999999999986,2140
2026-07-01T19:45:00+00:00,431.58999999999986,431.61999999999983,429.17999999999984,429.9399999999998,3095
2026-07-02T13:30:00+00:00,429.9399999999998,436.65999999999985,418.29999999999984,418.29999999999984,6451
2026-07-02T13:45:00+00:00,418.29999999999984,419.34999999999985,415.35999999999984,417.5099999999998,5406
2026-07-02T14:00:00+00:00,417.5099999999998,418.8299999999998,415.1299999999998,416.61999999999983,4678
2026-07-02T14:15:00+00:00,416.61999999999983,417.1899999999998,405.5799999999998,406.09999999999985,6098
2026-07-02T14:30:00+00:00,406.09999999999985,407.11999999999983,400.90999999999985,402.17999999999984,5959
2026-07-02T14:45:00+00:00,402.17999999999984,402.85999999999984,399.9499999999998,402.2799999999998,5276.47533890972
2026-07-02T15:00:00+00:00,402.2799999999998,402.7199999999998,399.5099999999998,400.8899999999998,5804
2026-07-02T15:15:00+00:00,400.8899999999998,401.67999999999984,398.73999999999984,401.3999999999998,4237
2026-07-02T15:30:00+00:00,401.3999999999998,405.2599999999998,401.2699999999998,404.16999999999985,4189
2026-07-02T15:45:00+00:00,404.16999999999985,405.1499999999998,402.22999999999985,402.7699999999998,3622
2026-07-02T16:00:00+00:00,402.7699999999998,403.0699999999998,398.4099999999998,399.5299999999998,3919
2026-07-02T16:15:00+00:00,399.5299999999998,399.60999999999984,397.2799999999998,397.35999999999984,3147
2026-07-02T16:30:00+00:00,397.35999999999984,397.53999999999985,394.7699999999998,396.6499999999998,3471
2026-07-02T16:45:00+00:00,396.6499999999998,397.7799999999998,395.10999999999984,395.24999999999983,3191
2026-07-02T17:00:00+00:00,395.24999999999983,396.6599999999998,394.7199999999998,395.41999999999985,3193
2026-07-02T17:15:00+00:00,395.41999999999985,395.66999999999985,394.5699999999998,395.3399999999998,2918
2026-07-02T17:30:00+00:00,395.3399999999998,396.5799999999998,394.5299999999998,395.1899999999998,2974
2026-07-02T17:45:00+00:00,395.1899999999998,396.59999999999985,394.3999999999998,395.85999999999984,2943
2026-07-02T18:00:00+00:00,395.85999999999984,398.8999999999998,395.80999999999983,397.61999999999983,3156
2026-07-02T18:15:00+00:00,397.61999999999983,398.72999999999985,397.0199999999998,398.23999999999984,2781
2026-07-02T18:30:00+00:00,398.23999999999984,398.7799999999998,396.3199999999998,396.3199999999998,3026
2026-07-02T18:45:00+00:00,396.3199999999998,396.66999999999985,395.48999999999984,396.66999999999985,2711
2026-07-02T19:00:00+00:00,396.66999999999985,396.84999999999985,395.4099999999998,395.55999999999983,2614
2026-07-02T19:15:00+00:00,395.55999999999983,395.78999999999985,393.8199999999998,395.6599999999998,2467
2026-07-02T19:30:00+00:00,395.6599999999998,396.9499999999998,395.4399999999998,396.47999999999985,2686
2026-07-02T19:45:00+00:00,396.47999999999985,398.6899999999998,395.4099999999998,397.4099999999998,3236
2026-07-06T13:30:00+00:00,397.4099999999998,404.86999999999983,395.0299999999998,402.3199999999998,5343
2026-07-06T13:45:00+00:00,402.3199999999998,407.4699999999998,402.30999999999983,406.0799999999998,4651
2026-07-06T14:00:00+00:00,406.0799999999998,408.5099999999998,405.3899999999998,408.0699999999998,4040
2026-07-06T14:15:00+00:00,408.0699999999998,411.1899999999998,407.9499999999998,409.6599999999998,3660
2026-07-06T14:30:00+00:00,409.6599999999998,410.9399999999998,407.9399999999998,408.67999999999984,3077
2026-07-06T14:45:00+00:00,408.67999999999984,412.66999999999985,407.8799999999998,412.0299999999998,3117
2026-07-06T15:00:00+00:00,412.0299999999998,415.5899999999998,412.0299999999998,414.09999999999985,3918
2026-07-06T15:15:00+00:00,414.09999999999985,416.1499999999998,413.5899999999998,415.8199999999998,2871
2026-07-06T15:30:00+00:00,415.8199999999998,417.6399999999998,415.5099999999998,416.91999999999985,2984
2026-07-06T15:45:00+00:00,416.91999999999985,419.03999999999985,416.53999999999985,418.5899999999998,2663
2026-07-06T16:00:00+00:00,418.5899999999998,421.72999999999985,418.3899999999998,421.3299999999998,3238
2026-07-06T16:15:00+00:00,421.3299999999998,422.80999999999983,420.9099999999998,421.10999999999984,3299
2026-07-06T16:30:00+00:00,421.10999999999984,422.9699999999998,420.11999999999983,421.42999999999984,3134
2026-07-06T16:45:00+00:00,421.42999999999984,423.34999999999985,420.5199999999998,422.5699999999998,2874
2026-07-06T17:00:00+00:00,422.5699999999998,424.0199999999998,421.7599999999998,422.49999999999983,2802
2026-07-06T17:15:00+00:00,422.49999999999983,422.7199999999998,421.10999999999984,421.11999999999983,2232
2026-07-06T17:30:00+00:00,421.11999999999983,421.2199999999998,419.11999999999983,419.22999999999985,2900
2026-07-06T17:45:00+00:00,419.22999999999985,419.54999999999984,418.5699999999998,418.98999999999984,2434
2026-07-06T18:00:00+00:00,418.98999999999984,420.28999999999985,418.6299999999998,419.04999999999984,2146
2026-07-06T18:15:00+00:00,419.04999999999984,422.0799999999998,418.86999999999983,422.0799999999998,2223
2026-07-06T18:30:00+00:00,422.0799999999998,422.23999999999984,421.0199999999998,421.3999999999998,1919
2026-07-06T18:45:00+00:00,421.3999999999998,421.8299999999998,420.6399999999998,420.80999999999983,1874
2026-07-06T19:00:00+00:00,420.80999999999983,422.09999999999985,420.4099999999998,421.24999999999983,2165
2026-07-06T19:15:00+00:00,421.24999999999983,422.7599999999998,421.0099999999998,421.67999999999984,2082
2026-07-06T19:30:00+00:00,421.67999999999984,422.24999999999983,421.2199999999998,421.79999999999984,2058
2026-07-06T19:45:00+00:00,421.79999999999984,424.49999999999983,420.8199999999998,424.28999999999985,3666
2026-07-07T13:30:00+00:00,424.28999999999985,424.28999999999985,417.99999999999983,418.7699999999998,5496
2026-07-07T13:45:00+00:00,418.7699999999998,420.7799999999998,415.53999999999985,417.4599999999998,4636
2026-07-07T14:00:00+00:00,417.4599999999998,420.35999999999984,412.7099999999998,412.8399999999998,4785
2026-07-07T14:15:00+00:00,412.8399999999998,414.3199999999998,411.3999999999998,413.66999999999985,4427
2026-07-07T14:30:00+00:00,413.66999999999985,414.6499999999998,412.0199999999998,413.3399999999998,3853
2026-07-07T14:45:00+00:00,413.3399999999998,414.60999999999984,412.7199999999998,413.1999999999998,3438
2026-07-07T15:00:00+00:00,413.1999999999998,413.80999999999983,412.3199999999998,412.7599999999998,2657
2026-07-07T15:15:00+00:00,412.7599999999998,412.7799999999998,409.91999999999985,410.7699999999998,3224
2026-07-07T15:30:00+00:00,410.7699999999998,411.2599999999998,408.9499999999998,411.09999999999985,2883
2026-07-07T15:45:00+00:00,411.09999999999985,411.84999999999985,409.67999999999984,411.5899999999998,2423
2026-07-07T16:00:00+00:00,411.5899999999998,412.2199999999998,411.04999999999984,411.9099999999998,2257
2026-07-07T16:15:00+00:00,411.9099999999998,412.4499999999998,411.2199999999998,411.78999999999985,1943
2026-07-07T16:30:00+00:00,411.78999999999985,413.11999999999983,411.2699999999998,412.7699999999998,1991
2026-07-07T16:45:00+00:00,412.7699999999998,414.5899999999998,412.5299999999998,413.5099999999998,2181
2026-07-07T17:00:00+00:00,413.5099999999998,413.73999999999984,411.1299999999998,411.1999999999998,1841
2026-07-07T17:15:00+00:00,411.1999999999998,412.09999999999985,410.30999999999983,411.42999999999984,2176
2026-07-07T17:30:00+00:00,411.42999999999984,411.6899999999998,410.67999999999984,411.1599999999998,1645
2026-07-07T17:45:00+00:00,411.1599999999998,412.67999999999984,410.92999999999984,412.6499999999998,1465
2026-07-07T18:00:00+00:00,412.6499999999998,412.8199999999998,410.61999999999983,411.41999999999985,1835
2026-07-07T18:15:00+00:00,411.41999999999985,411.8899999999998,410.5299999999998,410.9399999999998,1582
2026-07-07T18:30:00+00:00,410.9399999999998,411.05999999999983,409.2699999999998,409.6499999999998,2051
2026-07-07T18:45:00+00:00,409.6499999999998,409.7799999999998,407.7599999999998,408.1999999999998,2425
2026-07-07T19:00:00+00:00,408.1999999999998,408.85999999999984,406.5199999999998,407.11999999999983,2483
2026-07-07T19:15:00+00:00,407.11999999999983,407.61999999999983,406.3999999999998,407.49999999999983,2449
2026-07-07T19:30:00+00:00,407.49999999999983,408.24999999999983,407.03999999999985,407.6499999999998,2480
2026-07-07T19:45:00+00:00,407.6499999999998,409.60999999999984,406.5799999999998,407.5899999999998,3331
2026-07-08T13:30:00+00:00,407.5899999999998,407.5899999999998,399.41999999999985,403.0899999999998,6865
2026-07-08T13:45:00+00:00,403.0899999999998,403.22999999999985,398.2699999999998,400.24999999999983,7657
2026-07-08T14:00:00+00:00,400.24999999999983,400.29999999999984,398.4499999999998,398.86999999999983,6592
2026-07-08T14:15:00+00:00,398.86999999999983,402.03999999999985,397.91999999999985,399.8299999999998,7232
2026-07-08T14:30:00+00:00,399.8299999999998,400.0299999999998,397.6599999999998,398.3799999999998,5830
2026-07-08T14:45:00+00:00,398.3799999999998,398.4499999999998,396.41999999999985,397.09999999999985,5535.766397778365
2026-07-08T15:00:00+00:00,397.09999999999985,397.35999999999984,395.41999999999985,395.71999999999986,4824
2026-07-08T15:15:00+00:00,395.71999999999986,397.0599999999999,395.52999999999986,396.42999999999984,4798
2026-07-08T15:30:00+00:00,396.42999999999984,397.52999999999986,396.10999999999984,397.07999999999987,4757
2026-07-08T15:45:00+00:00,397.07999999999987,397.79999999999984,396.5599999999999,397.33999999999986,3816
2026-07-08T16:00:00+00:00,397.33999999999986,398.78999999999985,397.26999999999987,398.54999999999984,4112
2026-07-08T16:15:00+00:00,398.54999999999984,399.07999999999987,397.76999999999987,398.2499999999999,3523
2026-07-08T16:30:00+00:00,398.2499999999999,399.2499999999999,397.2599999999999,398.60999999999984,3962
2026-07-08T16:45:00+00:00,398.60999999999984,399.48999999999984,398.15999999999985,399.0699999999999,3089
2026-07-08T17:00:00+00:00,399.0699999999999,399.07999999999987,397.78999999999985,398.07999999999987,2681
2026-07-08T17:15:00+00:00,398.07999999999987,399.34999999999985,398.0599999999999,399.34999999999985,2477
2026-07-08T17:30:00+00:00,399.34999999999985,399.9399999999999,397.82999999999987,397.85999999999984,2774
2026-07-08T17:45:00+00:00,397.85999999999984,397.92999999999984,396.6299999999999,396.72999999999985,2926
2026-07-08T18:00:00+00:00,396.72999999999985,397.70999999999987,396.5099999999999,397.15999999999985,2896
2026-07-08T18:15:00+00:00,397.15999999999985,397.45999999999987,395.71999999999986,395.85999999999984,2904
2026-07-08T18:30:00+00:00,395.85999999999984,397.02999999999986,395.03999999999985,395.39999999999986,3277
2026-07-08T18:45:00+00:00,395.39999999999986,395.9499999999999,394.97999999999985,395.7499999999999,2426
2026-07-08T19:00:00+00:00,395.7499999999999,396.7599999999999,395.6399999999999,396.72999999999985,2650
2026-07-08T19:15:00+00:00,396.72999999999985,397.66999999999985,396.26999999999987,397.20999999999987,2469
2026-07-08T19:30:00+00:00,397.20999999999987,398.32999999999987,397.1399999999999,398.10999999999984,2519
2026-07-08T19:45:00+00:00,398.10999999999984,400.4999999999999,397.47999999999985,398.1399999999999,3787
2026-07-09T13:30:00+00:00,398.1399999999999,400.16999999999985,395.33999999999986,399.65999999999985,3915
2026-07-09T13:45:00+00:00,399.65999999999985,400.64999999999986,397.33999999999986,399.73999999999984,3381
2026-07-09T14:00:00+00:00,399.73999999999984,402.85999999999984,397.5699999999999,398.3199999999999,3499
2026-07-09T14:15:00+00:00,398.3199999999999,399.10999999999984,396.3799999999999,398.9499999999999,2983
2026-07-09T14:30:00+00:00,398.9499999999999,399.65999999999985,397.4999999999999,398.4999999999999,2754
2026-07-09T14:45:00+00:00,398.4999999999999,400.4499999999999,398.47999999999985,400.09999999999985,2395
2026-07-09T15:00:00+00:00,400.09999999999985,401.42999999999984,399.53999999999985,399.77999999999986,2089
2026-07-09T15:15:00+00:00,399.77999999999986,400.5099999999999,398.89999999999986,400.16999999999985,1524
2026-07-09T15:30:00+00:00,400.16999999999985,401.84999999999985,400.0599999999999,401.42999999999984,1812
2026-07-09T15:45:00+00:00,401.42999999999984,404.8899999999999,401.35999999999984,403.86999999999983,2515
2026-07-09T16:00:00+00:00,403.86999999999983,405.5099999999999,403.73999999999984,405.39999999999986,1951
2026-07-09T16:15:00+00:00,405.39999999999986,406.4399999999999,402.7499999999999,402.97999999999985,2126
2026-07-09T16:30:00+00:00,402.97999999999985,405.71999999999986,402.46999999999986,405.4399999999999,1626
2026-07-09T16:45:00+00:00,405.4399999999999,406.4999999999999,405.41999999999985,406.14999999999986,1480
2026-07-09T17:00:00+00:00,406.14999999999986,408.54999999999984,406.0699999999999,408.03999999999985,1997
2026-07-09T17:15:00+00:00,408.03999999999985,409.8799999999999,407.95999999999987,408.8799999999999,1854
2026-07-09T17:30:00+00:00,408.8799999999999,409.4999999999999,407.28999999999985,408.46999999999986,1867
2026-07-09T17:45:00+00:00,408.46999999999986,409.65999999999985,408.4399999999999,409.39999999999986,1944
2026-07-09T18:00:00+00:00,409.39999999999986,410.4499999999999,408.76999999999987,410.34999999999985,1673
2026-07-09T18:15:00+00:00,410.34999999999985,412.2599999999999,409.79999999999984,411.8199999999999,1898
2026-07-09T18:30:00+00:00,411.8199999999999,412.28999999999985,410.79999999999984,411.34999999999985,1538
2026-07-09T18:45:00+00:00,411.34999999999985,412.10999999999984,411.17999999999984,411.66999999999985,1330
2026-07-09T19:00:00+00:00,411.66999999999985,412.16999999999985,410.3799999999999,411.08999999999986,1632
2026-07-09T19:15:00+00:00,411.08999999999986,411.73999999999984,410.02999999999986,410.23999999999984,1470
2026-07-09T19:30:00+00:00,410.23999999999984,410.72999999999985,408.92999999999984,409.16999999999985,1783
2026-07-09T19:45:00+00:00,409.16999999999985,411.07999999999987,408.32999999999987,410.83999999999986,2582
2026-07-10T13:30:00+00:00,410.83999999999986,416.95999999999987,409.36999999999983,412.17999999999984,5576
2026-07-10T13:45:00+00:00,412.17999999999984,415.36999999999983,411.9499999999999,414.1899999999999,3821
2026-07-10T14:00:00+00:00,414.1899999999999,415.83999999999986,412.47999999999985,414.9399999999999,3509
2026-07-10T14:15:00+00:00,414.9399999999999,415.21999999999986,410.20999999999987,411.98999999999984,3511
2026-07-10T14:30:00+00:00,411.98999999999984,413.15999999999985,407.26999999999987,412.3099999999999,4262
2026-07-10T14:45:00+00:00,412.3099999999999,413.95999999999987,410.6899999999999,411.1999999999999,3318.7708959711363
2026-07-10T15:00:00+00:00,411.1999999999999,411.97999999999985,410.28999999999985,410.6899999999999,2822
2026-07-10T15:15:00+00:00,410.6899999999999,414.2499999999999,410.64999999999986,414.01999999999987,2901
2026-07-10T15:30:00+00:00,414.01999999999987,415.0599999999999,411.57999999999987,412.04999999999984,3085
2026-07-10T15:45:00+00:00,412.04999999999984,414.7499999999999,411.22999999999985,413.8899999999999,2411
2026-07-10T16:00:00+00:00,413.8899999999999,415.83999999999986,413.8899999999999,414.15999999999985,2473
2026-07-10T16:15:00+00:00,414.15999999999985,416.5099999999999,414.1299999999999,415.0599999999999,2347
2026-07-10T16:30:00+00:00,415.0599999999999,416.59999999999985,415.0599999999999,416.09999999999985,1828
2026-07-10T16:45:00+00:00,416.09999999999985,417.64999999999986,416.0699999999999,416.70999999999987,2008
2026-07-10T17:00:00+00:00,416.70999999999987,416.90999999999985,412.77999999999986,413.46999999999986,2245
2026-07-10T17:15:00+00:00,413.46999999999986,415.57999999999987,413.3699999999999,414.64999999999986,2028
2026-07-10T17:30:00+00:00,414.64999999999986,414.79999999999984,413.1299999999999,413.1899999999999,1743
2026-07-10T17:45:00+00:00,413.1899999999999,413.53999999999985,412.76999999999987,413.15999999999985,1305
2026-07-10T18:00:00+00:00,413.15999999999985,415.64999999999986,413.04999999999984,415.09999999999985,1804
2026-07-10T18:15:00+00:00,415.09999999999985,415.2499999999999,413.32999999999987,413.4499999999999,1760
2026-07-10T18:30:00+00:00,413.4499999999999,414.16999999999985,412.32999999999987,413.7499999999999,1688
2026-07-10T18:45:00+00:00,413.7499999999999,413.8199999999999,412.64999999999986,412.96999999999986,1432
2026-07-10T19:00:00+00:00,412.96999999999986,413.8199999999999,412.8799999999999,413.59999999999985,1458
2026-07-10T19:15:00+00:00,413.59999999999985,414.3699999999999,413.33999999999986,413.40999999999985,1507
2026-07-10T19:30:00+00:00,413.40999999999985,414.8099999999999,413.1899999999999,414.5099999999999,1509
2026-07-10T19:45:00+00:00,414.5099999999999,414.95999999999987,411.67999999999984,412.3199999999999,2143
2026-07-13T13:30:00+00:00,412.3199999999999,412.3199999999999,399.32999999999987,401.52999999999986,6460
2026-07-13T13:45:00+00:00,401.52999999999986,401.6999999999999,398.60999999999984,399.96999999999986,5994
2026-07-13T14:00:00+00:00,399.96999999999986,400.54999999999984,398.41999999999985,399.4399999999999,5330
2026-07-13T14:15:00+00:00,399.4399999999999,402.27999999999986,397.2499999999999,402.2599999999999,5862
2026-07-13T14:30:00+00:00,402.2599999999999,403.76999999999987,401.85999999999984,402.65999999999985,4306
2026-07-13T14:45:00+00:00,402.65999999999985,403.77999999999986,401.8199999999999,402.1999999999999,3486
2026-07-13T15:00:00+00:00,402.1999999999999,403.10999999999984,401.54999999999984,401.6899999999999,3564
2026-07-13T15:15:00+00:00,401.6899999999999,403.64999999999986,400.77999999999986,401.72999999999985,3375
2026-07-13T15:30:00+00:00,401.72999999999985,402.65999999999985,401.22999999999985,402.17999999999984,2769
2026-07-13T15:45:00+00:00,402.17999999999984,402.20999999999987,399.3899999999999,399.9999999999999,2787
2026-07-13T16:00:00+00:00,399.9999999999999,400.5099999999999,398.66999999999985,399.6199999999999,2862
2026-07-13T16:15:00+00:00,399.6199999999999,399.7599999999999,398.09999999999985,398.6399999999999,2967
2026-07-13T16:30:00+00:00,398.6399999999999,398.85999999999984,397.3799999999999,398.4399999999999,3074
2026-07-13T16:45:00+00:00,398.4399999999999,398.8099999999999,397.3099999999999,398.17999999999984,3119
2026-07-13T17:00:00+00:00,398.17999999999984,399.5699999999999,397.53999999999985,399.17999999999984,2689
2026-07-13T17:15:00+00:00,399.17999999999984,399.1899999999999,397.73999999999984,397.8799999999999,2019
2026-07-13T17:30:00+00:00,397.8799999999999,398.65999999999985,397.02999999999986,398.32999999999987,2174
2026-07-13T17:45:00+00:00,398.32999999999987,398.4999999999999,397.07999999999987,397.58999999999986,2228
2026-07-13T18:00:00+00:00,397.58999999999986,398.20999999999987,397.07999999999987,397.60999999999984,2585
2026-07-13T18:15:00+00:00,397.60999999999984,398.1199999999999,397.08999999999986,397.10999999999984,2133
2026-07-13T18:30:00+00:00,397.10999999999984,397.95999999999987,396.67999999999984,397.3099999999999,2281
2026-07-13T18:45:00+00:00,397.3099999999999,397.7599999999999,396.79999999999984,397.03999999999985,1980
2026-07-13T19:00:00+00:00,397.03999999999985,397.46999999999986,396.04999999999984,396.66999999999985,1969
2026-07-13T19:15:00+00:00,396.66999999999985,396.8899999999999,395.8899999999999,396.3699999999999,1922
2026-07-13T19:30:00+00:00,396.3699999999999,397.4499999999999,396.34999999999985,397.1299999999999,2112
2026-07-13T19:45:00+00:00,397.1299999999999,399.42999999999984,396.9499999999999,399.20999999999987,2991
2026-07-14T13:30:00+00:00,399.20999999999987,404.76999999999987,399.20999999999987,401.67999999999984,6144
2026-07-14T13:45:00+00:00,401.67999999999984,403.66999999999985,399.72999999999985,402.73999999999984,5477
2026-07-14T14:00:00+00:00,402.73999999999984,403.65999999999985,402.1899999999999,403.54999999999984,4854
2026-07-14T14:15:00+00:00,403.54999999999984,403.70999999999987,401.70999999999987,402.04999999999984,5283
2026-07-14T14:30:00+00:00,402.04999999999984,403.9399999999999,401.20999999999987,402.17999999999984,4089
2026-07-14T14:45:00+00:00,402.17999999999984,403.72999999999985,401.2599999999999,403.42999999999984,3374
2026-07-14T15:00:00+00:00,403.42999999999984,406.64999999999986,402.6199999999999,405.0099999999999,4013
2026-07-14T15:15:00+00:00,405.0099999999999,405.3099999999999,403.22999999999985,404.1199999999999,3301
2026-07-14T15:30:00+00:00,404.1199999999999,404.33999999999986,401.45999999999987,401.70999999999987,3554
2026-07-14T15:45:00+00:00,401.70999999999987,402.40999999999985,400.28999999999985,400.98999999999984,2945
2026-07-14T16:00:00+00:00,400.98999999999984,401.22999999999985,400.2499999999999,400.64999999999986,2837
2026-07-14T16:15:00+00:00,400.64999999999986,401.32999999999987,400.1399999999999,401.0099999999999,2472
2026-07-14T16:30:00+00:00,401.0099999999999,402.66999999999985,400.97999999999985,401.98999999999984,2303
2026-07-14T16:45:00+00:00,401.98999999999984,402.1999999999999,399.92999999999984,399.9399999999999,2084
2026-07-14T17:00:00+00:00,399.9399999999999,400.6199999999999,399.73999999999984,399.84999999999985,1865
2026-07-14T17:15:00+00:00,399.84999999999985,400.4499999999999,399.28999999999985,399.9399999999999,1607
2026-07-14T17:30:00+00:00,399.9399999999999,400.1199999999999,399.4399999999999,399.72999999999985,1190
2026-07-14T17:45:00+00:00,399.72999999999985,400.64999999999986,399.4499999999999,400.27999999999986,1656
2026-07-14T18:00:00+00:00,400.27999999999986,401.34999999999985,399.92999999999984,400.64999999999986,1776
2026-07-14T18:15:00+00:00,400.64999999999986,401.39999999999986,400.4999999999999,400.91999999999985,1351
2026-07-14T18:30:00+00:00,400.91999999999985,401.20999999999987,399.92999999999984,400.29999999999984,1823
2026-07-14T18:45:00+00:00,400.29999999999984,401.53999999999985,400.26999999999987,401.22999999999985,1543
2026-07-14T19:00:00+00:00,401.22999999999985,401.83999999999986,401.02999999999986,401.35999999999984,1660
2026-07-14T19:15:00+00:00,401.35999999999984,401.79999999999984,400.73999999999984,401.1299999999999,1708
2026-07-14T19:30:00+00:00,401.1299999999999,401.15999999999985,399.7499999999999,400.42999999999984,2091
2026-07-14T19:45:00+00:00,400.42999999999984,401.54999999999984,400.21999999999986,400.66999999999985,2760
2026-07-15T13:30:00+00:00,400.66999999999985,411.07999999999987,400.66999999999985,407.1299999999999,5108
2026-07-15T13:45:00+00:00,407.1299999999999,407.41999999999985,401.95999999999987,402.91999999999985,4348
2026-07-15T14:00:00+00:00,402.91999999999985,404.89999999999986,402.27999999999986,402.6299999999999,3196
2026-07-15T14:15:00+00:00,402.6299999999999,402.6299999999999,397.72999999999985,402.15999999999985,3629
2026-07-15T14:30:00+00:00,402.15999999999985,403.2599999999999,399.33999999999986,399.9399999999999,3388
2026-07-15T14:45:00+00:00,399.9399999999999,400.70999999999987,399.34999999999985,400.5099999999999,2350.060737191871
2026-07-15T15:00:00+00:00,400.5099999999999,402.3499999999999,399.8499999999999,400.8699999999999,2345
2026-07-15T15:15:00+00:00,400.8699999999999,402.13999999999993,400.0699999999999,401.9499999999999,2476
2026-07-15T15:30:00+00:00,401.9499999999999,402.2699999999999,400.6799999999999,401.0499999999999,2062
2026-07-15T15:45:00+00:00,401.0499999999999,401.0499999999999,399.6499999999999,399.7299999999999,1889
2026-07-15T16:00:00+00:00,399.7299999999999,400.2999999999999,397.2499999999999,397.4799999999999,2649
2026-07-15T16:15:00+00:00,397.4799999999999,397.9399999999999,396.2399999999999,397.2099999999999,2485
2026-07-15T16:30:00+00:00,397.2099999999999,397.5399999999999,395.1999999999999,396.2699999999999,2107
2026-07-15T16:45:00+00:00,396.2699999999999,397.9999999999999,395.8199999999999,397.9699999999999,2050
2026-07-15T17:00:00+00:00,397.9699999999999,399.5099999999999,397.8799999999999,398.5499999999999,1396
2026-07-15T17:15:00+00:00,398.5499999999999,400.7899999999999,398.4599999999999,400.4399999999999,1549
2026-07-15T17:30:00+00:00,400.4399999999999,403.3999999999999,400.3499999999999,402.2299999999999,1996
2026-07-15T17:45:00+00:00,402.2299999999999,403.7799999999999,402.0899999999999,403.5099999999999,1783
2026-07-15T18:00:00+00:00,403.5099999999999,403.8999999999999,402.3599999999999,402.4699999999999,1684
2026-07-15T18:15:00+00:00,402.4699999999999,402.4999999999999,400.8799999999999,401.0799999999999,1372
2026-07-15T18:30:00+00:00,401.0799999999999,402.2999999999999,401.0399999999999,401.3699999999999,1363
2026-07-15T18:45:00+00:00,401.3699999999999,401.4999999999999,399.0999999999999,399.4299999999999,1709
2026-07-15T19:00:00+00:00,399.4299999999999,400.63999999999993,399.2999999999999,399.5999999999999,1324
2026-07-15T19:15:00+00:00,399.5999999999999,399.9299999999999,399.0999999999999,399.1699999999999,1117
2026-07-15T19:30:00+00:00,399.1699999999999,399.88999999999993,398.7499999999999,399.2199999999999,1440
2026-07-15T19:45:00+00:00,399.2199999999999,399.8299999999999,398.5499999999999,398.8099999999999,2071
2026-07-16T13:30:00+00:00,398.8099999999999,398.8099999999999,391.1299999999999,391.13999999999993,4583
2026-07-16T13:45:00+00:00,391.13999999999993,392.0899999999999,389.8499999999999,391.5399999999999,3549
2026-07-16T14:00:00+00:00,391.5399999999999,397.6699999999999,391.4199999999999,396.7599999999999,3531
2026-07-16T14:15:00+00:00,396.7599999999999,399.4199999999999,395.5699999999999,399.0799999999999,3040
2026-07-16T14:30:00+00:00,399.0799999999999,399.2799999999999,397.3199999999999,398.5799999999999,2584
2026-07-16T14:45:00+00:00,398.5799999999999,399.8199999999999,397.1099999999999,398.8099999999999,3064
2026-07-16T15:00:00+00:00,398.8099999999999,399.0299999999999,396.7499999999999,397.2299999999999,2419
2026-07-16T15:15:00+00:00,397.2299999999999,398.7799999999999,396.5599999999999,398.0599999999999,2129
2026-07-16T15:30:00+00:00,398.0599999999999,399.0999999999999,397.38999999999993,397.7799999999999,1955
2026-07-16T15:45:00+00:00,397.7799999999999,397.7999999999999,396.5499999999999,397.1799999999999,1440
2026-07-16T16:00:00+00:00,397.1799999999999,397.1899999999999,392.9499999999999,393.3399999999999,2358
2026-07-16T16:15:00+00:00,393.3399999999999,393.7899999999999,392.3499999999999,393.7499999999999,2073
2026-07-16T16:30:00+00:00,393.7499999999999,394.0699999999999,392.7899999999999,392.9099999999999,1413
2026-07-16T16:45:00+00:00,392.9099999999999,393.5399999999999,392.4499999999999,393.4899999999999,1356
2026-07-16T17:00:00+00:00,393.4899999999999,393.5599999999999,391.9899999999999,392.0399999999999,1311
2026-07-16T17:15:00+00:00,392.0399999999999,393.6699999999999,391.7599999999999,393.5199999999999,1337
2026-07-16T17:30:00+00:00,393.5199999999999,393.7599999999999,391.3799999999999,391.7099999999999,1525
2026-07-16T17:45:00+00:00,391.7099999999999,393.8999999999999,391.5999999999999,393.4199999999999,1501
2026-07-16T18:00:00+00:00,393.4199999999999,394.8699999999999,393.1499999999999,393.8599999999999,1503
2026-07-16T18:15:00+00:00,393.8599999999999,395.6999999999999,393.0999999999999,395.0499999999999,1418
2026-07-16T18:30:00+00:00,395.0499999999999,395.5099999999999,393.6799999999999,394.5999999999999,1391
2026-07-16T18:45:00+00:00,394.5999999999999,395.5699999999999,394.4499999999999,394.9499999999999,1283
2026-07-16T19:00:00+00:00,394.9499999999999,395.8199999999999,394.2899999999999,395.3199999999999,1203
2026-07-16T19:15:00+00:00,395.3199999999999,395.6999999999999,394.2799999999999,394.7999999999999,1425
2026-07-16T19:30:00+00:00,394.7999999999999,395.4199999999999,394.2999999999999,394.4399999999999,1564
2026-07-16T19:45:00+00:00,394.4399999999999,396.2199999999999,393.8799999999999,395.6299999999999,2620
2026-07-17T13:30:00+00:00,395.6299999999999,395.6299999999999,381.7699999999999,382.1499999999999,6860
2026-07-17T13:45:00+00:00,382.1499999999999,385.9999999999999,382.0499999999999,385.8099999999999,5064
2026-07-17T14:00:00+00:00,385.8099999999999,387.5699999999999,385.2999999999999,386.5899999999999,4641
2026-07-17T14:15:00+00:00,386.5899999999999,387.6899999999999,385.4299999999999,385.4799999999999,3905
2026-07-17T14:30:00+00:00,385.4799999999999,386.4199999999999,383.0499999999999,384.5699999999999,4236
2026-07-17T14:45:00+00:00,384.5699999999999,385.3599999999999,383.2299999999999,384.6899999999999,3371
2026-07-17T15:00:00+00:00,384.6899999999999,385.13999999999993,383.7599999999999,384.3599999999999,3185
2026-07-17T15:15:00+00:00,384.3599999999999,385.3799999999999,383.5899999999999,385.1299999999999,3490
2026-07-17T15:30:00+00:00,385.1299999999999,385.88999999999993,383.3499999999999,384.4599999999999,4174
2026-07-17T15:45:00+00:00,384.4599999999999,387.3599999999999,384.0499999999999,386.9599999999999,3385
2026-07-17T16:00:00+00:00,386.9599999999999,388.5499999999999,386.13999999999993,388.4499999999999,3392
2026-07-17T16:15:00+00:00,388.4499999999999,388.7399999999999,386.5199999999999,387.0499999999999,2984
2026-07-17T16:30:00+00:00,387.0499999999999,388.6099999999999,386.5599999999999,388.5399999999999,2792
2026-07-17T16:45:00+00:00,388.5399999999999,389.6599999999999,388.3999999999999,388.5899999999999,2873
2026-07-17T17:00:00+00:00,388.5899999999999,390.1699999999999,388.5699999999999,389.5499999999999,2258
2026-07-17T17:15:00+00:00,389.5499999999999,389.6499999999999,388.6299999999999,389.0199999999999,2055
2026-07-17T17:30:00+00:00,389.0199999999999,389.2499999999999,387.1199999999999,387.5199999999999,2168
2026-07-17T17:45:00+00:00,387.5199999999999,387.7899999999999,386.3299999999999,386.8199999999999,2323
2026-07-17T18:00:00+00:00,386.8199999999999,387.2599999999999,386.2099999999999,386.2599999999999,2178
2026-07-17T18:15:00+00:00,386.2599999999999,386.4699999999999,385.7699999999999,386.1799999999999,1971
2026-07-17T18:30:00+00:00,386.1799999999999,386.7299999999999,385.13999999999993,385.1999999999999,1866
2026-07-17T18:45:00+00:00,385.1999999999999,386.5999999999999,385.1199999999999,386.2699999999999,1947
2026-07-17T19:00:00+00:00,386.2699999999999,386.3499999999999,385.4499999999999,385.5799999999999,1946
2026-07-17T19:15:00+00:00,385.5799999999999,386.9799999999999,385.4899999999999,386.9199999999999,2064
2026-07-17T19:30:00+00:00,386.9199999999999,387.7099999999999,385.8999999999999,385.9199999999999,3183
2026-07-17T19:45:00+00:00,385.9199999999999,386.5799999999999,385.0499999999999,385.3099999999999,3259
2026-07-20T13:30:00+00:00,385.3099999999999,385.41999999999985,379.90999999999985,380.7599999999999,6107
2026-07-20T13:45:00+00:00,380.7599999999999,382.01999999999987,374.7599999999999,374.9999999999999,5236
2026-07-20T14:00:00+00:00,374.9999999999999,376.27999999999986,374.1299999999999,374.3899999999999,4844
2026-07-20T14:15:00+00:00,374.3899999999999,374.82999999999987,373.09999999999985,374.22999999999985,3556
2026-07-20T14:30:00+00:00,374.22999999999985,374.79999999999984,373.60999999999984,373.6799999999999,2722
2026-07-20T14:45:00+00:00,373.6799999999999,373.91999999999985,372.29999999999984,372.6999999999999,2782
2026-07-20T15:00:00+00:00,372.6999999999999,374.02999999999986,372.32999999999987,372.9499999999999,2237
2026-07-20T15:15:00+00:00,372.9499999999999,373.6299999999999,372.6799999999999,373.29999999999984,2036
2026-07-20T15:30:00+00:00,373.29999999999984,373.41999999999985,371.34999999999985,371.66999999999985,1995
2026-07-20T15:45:00+00:00,371.66999999999985,373.4399999999999,371.03999999999985,373.3199999999999,2300
2026-07-20T16:00:00+00:00,373.3199999999999,376.10999999999984,372.91999999999985,375.6199999999999,2446
2026-07-20T16:15:00+00:00,375.6199999999999,375.82999999999987,374.01999999999987,374.6399999999999,1677
2026-07-20T16:30:00+00:00,374.6399999999999,374.89999999999986,372.79999999999984,372.8199999999999,2213
2026-07-20T16:45:00+00:00,372.8199999999999,373.57999999999987,371.8099999999999,372.1999999999999,2322
2026-07-20T17:00:00+00:00,372.1999999999999,372.52999999999986,371.59999999999985,371.78999999999985,1733
2026-07-20T17:15:00+00:00,371.78999999999985,372.16999999999985,371.40999999999985,371.51999999999987,1916
2026-07-20T17:30:00+00:00,371.51999999999987,371.6299999999999,370.14999999999986,370.65999999999985,2301
2026-07-20T17:45:00+00:00,370.65999999999985,372.89999999999986,370.40999999999985,372.4499999999999,1977
2026-07-20T18:00:00+00:00,372.4499999999999,373.9399999999999,372.39999999999986,373.3899999999999,1645
2026-07-20T18:15:00+00:00,373.3899999999999,373.76999999999987,371.90999999999985,371.90999999999985,1671
2026-07-20T18:30:00+00:00,371.90999999999985,372.08999999999986,370.40999999999985,370.54999999999984,1943
2026-07-20T18:45:00+00:00,370.54999999999984,370.8799999999999,369.9499999999999,370.6299999999999,1902
2026-07-20T19:00:00+00:00,370.6299999999999,370.6799999999999,369.1999999999999,369.1999999999999,1586
2026-07-20T19:15:00+00:00,369.1999999999999,370.5099999999999,368.9499999999999,370.29999999999984,1796
2026-07-20T19:30:00+00:00,370.29999999999984,371.09999999999985,369.7499999999999,370.83999999999986,1799
2026-07-20T19:45:00+00:00,370.83999999999986,371.21999999999986,368.76999999999987,368.9899999999999,2953
2026-07-21T13:30:00+00:00,368.9899999999999,376.26999999999987,368.9899999999999,375.64999999999986,3877
2026-07-21T13:45:00+00:00,375.64999999999986,376.9899999999999,374.4499999999999,376.90999999999985,2730
2026-07-21T14:00:00+00:00,376.90999999999985,379.54999999999984,376.6899999999999,379.40999999999985,2907
2026-07-21T14:15:00+00:00,379.40999999999985,382.66999999999985,378.65999999999985,381.9399999999999,2414
2026-07-21T14:30:00+00:00,381.9399999999999,382.66999999999985,380.59999999999985,382.57999999999987,2361
2026-07-21T14:45:00+00:00,382.57999999999987,383.39999999999986,381.5699999999999,382.1199999999999,1939
2026-07-21T15:00:00+00:00,382.1199999999999,382.3099999999999,381.0599999999999,381.41999999999985,1708
2026-07-21T15:15:00+00:00,381.41999999999985,381.78999999999985,380.3199999999999,381.2599999999999,1723
2026-07-21T15:30:00+00:00,381.2599999999999,381.27999999999986,379.82999999999987,380.32999999999987,1464
2026-07-21T15:45:00+00:00,380.32999999999987,381.72999999999985,380.0599999999999,380.33999999999986,1268
2026-07-21T16:00:00+00:00,380.33999999999986,380.9899999999999,380.2499999999999,380.41999999999985,988
2026-07-21T16:15:00+00:00,380.41999999999985,381.39999999999986,380.09999999999985,380.6899999999999,1035
2026-07-21T16:30:00+00:00,380.6899999999999,381.02999999999986,380.04999999999984,380.08999999999986,963
2026-07-21T16:45:00+00:00,380.08999999999986,380.8099999999999,379.71999999999986,380.0599999999999,912
2026-07-21T17:00:00+00:00,380.0599999999999,380.5599999999999,378.9299999999999,379.10999999999984,980
2026-07-21T17:15:00+00:00,379.10999999999984,379.3799999999999,378.51999999999987,378.8099999999999,1125
2026-07-21T17:30:00+00:00,378.8099999999999,379.79999999999984,378.7599999999999,379.0099999999999,995
2026-07-21T17:45:00+00:00,379.0099999999999,379.6799999999999,378.5099999999999,378.84999999999985,941
2026-07-21T18:00:00+00:00,378.84999999999985,379.8799999999999,378.83999999999986,379.4299999999999,1106
2026-07-21T18:15:00+00:00,379.4299999999999,380.0599999999999,379.1999999999999,379.41999999999985,858
2026-07-21T18:30:00+00:00,379.41999999999985,379.57999999999987,378.79999999999984,379.3699999999999,797
2026-07-21T18:45:00+00:00,379.3699999999999,379.4899999999999,377.6199999999999,377.6799999999999,999
2026-07-21T19:00:00+00:00,377.6799999999999,377.7499999999999,377.20999999999987,377.40999999999985,914
2026-07-21T19:15:00+00:00,377.40999999999985,377.71999999999986,376.27999999999986,376.27999999999986,1051
2026-07-21T19:30:00+00:00,376.27999999999986,377.35999999999984,376.0699999999999,377.1299999999999,1046
2026-07-21T19:45:00+00:00,377.1299999999999,378.84999999999985,376.6899999999999,378.4299999999999,2077
2026-07-22T13:30:00+00:00,378.4299999999999,378.4299999999999,373.96999999999986,377.9299999999999,4486
2026-07-22T13:45:00+00:00,377.9299999999999,379.4999999999999,377.7599999999999,378.8799999999999,3572
2026-07-22T14:00:00+00:00,378.8799999999999,379.4399999999999,376.16999999999985,376.65999999999985,3277
2026-07-22T14:15:00+00:00,376.65999999999985,377.4399999999999,375.5099999999999,376.79999999999984,3118
2026-07-22T14:30:00+00:00,376.79999999999984,377.2599999999999,376.1799999999999,376.27999999999986,2345
2026-07-22T14:45:00+00:00,376.27999999999986,377.0699999999999,375.65999999999985,376.45999999999987,2223
2026-07-22T15:00:00+00:00,376.45999999999987,377.0699999999999,375.89999999999986,376.5699999999999,1507
2026-07-22T15:15:00+00:00,376.5699999999999,378.01999999999987,376.4999999999999,377.29999999999984,1614
2026-07-22T15:30:00+00:00,377.29999999999984,377.90999999999985,376.3099999999999,377.60999999999984,1515
2026-07-22T15:45:00+00:00,377.60999999999984,378.2499999999999,377.1999999999999,377.57999999999987,1240
2026-07-22T16:00:00+00:00,377.57999999999987,377.97999999999985,377.26999999999987,377.71999999999986,1095
2026-07-22T16:15:00+00:00,377.71999999999986,377.8199999999999,375.6199999999999,376.6899999999999,1562
2026-07-22T16:30:00+00:00,376.6899999999999,377.20999999999987,376.28999999999985,376.41999999999985,1257
2026-07-22T16:45:00+00:00,376.41999999999985,377.3199999999999,376.14999999999986,377.27999999999986,1193
2026-07-22T17:00:00+00:00,377.27999999999986,377.65999999999985,376.7499999999999,376.77999999999986,1014
2026-07-22T17:15:00+00:00,376.77999999999986,377.32999999999987,376.5099999999999,376.52999999999986,1130
2026-07-22T17:30:00+00:00,376.52999999999986,376.70999999999987,375.4899999999999,375.4899999999999,1218
2026-07-22T17:45:00+00:00,375.4899999999999,375.8199999999999,375.0099999999999,375.27999999999986,1271
2026-07-22T18:00:00+00:00,375.27999999999986,375.72999999999985,374.5699999999999,374.70999999999987,1303
2026-07-22T18:15:00+00:00,374.70999999999987,375.27999999999986,374.54999999999984,375.14999999999986,1054
2026-07-22T18:30:00+00:00,375.14999999999986,375.1799999999999,374.52999999999986,375.1799999999999,1279
2026-07-22T18:45:00+00:00,375.1799999999999,375.3799999999999,374.3799999999999,374.6799999999999,1238
2026-07-22T19:00:00+00:00,374.6799999999999,375.04999999999984,373.1299999999999,373.6199999999999,1372
2026-07-22T19:15:00+00:00,373.6199999999999,374.53999999999985,373.40999999999985,374.1399999999999,1144
2026-07-22T19:30:00+00:00,374.1399999999999,374.5599999999999,373.4999999999999,373.89999999999986,1456
2026-07-22T19:45:00+00:00,373.89999999999986,374.4899999999999,372.2599999999999,373.53999999999985,2310
2026-07-23T13:30:00+00:00,373.53999999999985,373.53999999999985,332.1999999999999,333.5599999999999,6662
2026-07-23T13:45:00+00:00,333.5599999999999,333.6999999999999,325.60999999999984,326.09999999999985,6143
2026-07-23T14:00:00+00:00,326.09999999999985,328.34999999999985,325.0099999999999,326.52999999999986,5871
2026-07-23T14:15:00+00:00,326.52999999999986,326.97999999999985,322.2499999999999,323.15999999999985,5311
2026-07-23T14:30:00+00:00,323.15999999999985,324.97999999999985,322.10999999999984,323.89999999999986,4770
2026-07-23T14:45:00+00:00,323.89999999999986,323.89999999999986,320.96999999999986,322.72999999999985,4028
2026-07-23T15:00:00+00:00,322.72999999999985,322.7499999999999,320.78999999999985,321.2399999999999,3490
2026-07-23T15:15:00+00:00,321.2399999999999,321.53999999999985,317.9499999999999,318.83999999999986,3874
2026-07-23T15:30:00+00:00,318.83999999999986,320.78999999999985,318.82999999999987,319.9999999999999,3463
2026-07-23T15:45:00+00:00,319.9999999999999,324.15999999999985,319.89999999999986,323.9299999999999,3679
2026-07-23T16:00:00+00:00,323.9299999999999,325.6799999999999,323.46999999999986,324.8199999999999,3288
2026-07-23T16:15:00+00:00,324.8199999999999,325.6999999999999,323.9899999999999,324.40999999999985,2835
2026-07-23T16:30:00+00:00,324.40999999999985,324.91999999999985,321.78999999999985,322.10999999999984,2907
2026-07-23T16:45:00+00:00,322.10999999999984,322.1199999999999,320.22999999999985,321.4999999999999,2557
2026-07-23T17:00:00+00:00,321.4999999999999,322.79999999999984,321.3199999999999,322.15999999999985,2313
2026-07-23T17:15:00+00:00,322.15999999999985,322.5599999999999,320.9499999999999,321.04999999999984,2264
2026-07-23T17:30:00+00:00,321.04999999999984,321.9899999999999,319.8099999999999,320.53999999999985,2557
2026-07-23T17:45:00+00:00,320.53999999999985,321.07999999999987,320.14999999999986,320.60999999999984,2159
2026-07-23T18:00:00+00:00,320.60999999999984,320.7599999999999,319.79999999999984,320.04999999999984,2174
2026-07-23T18:15:00+00:00,320.04999999999984,320.6899999999999,319.89999999999986,320.57999999999987,2189
2026-07-23T18:30:00+00:00,320.57999999999987,321.47999999999985,319.6999999999999,319.96999999999986,2743
2026-07-23T18:45:00+00:00,319.96999999999986,320.8799999999999,319.4999999999999,320.66999999999985,2738
2026-07-23T19:00:00+00:00,320.66999999999985,321.1899999999999,319.4399999999999,319.8099999999999,2519
2026-07-23T19:15:00+00:00,319.8099999999999,320.57999999999987,318.97999999999985,319.16999999999985,2653
2026-07-23T19:30:00+00:00,319.16999999999985,319.52999999999986,315.2499999999999,315.32999999999987,4003
2026-07-23T19:45:00+00:00,315.32999999999987,322.7499999999999,315.1399999999999,318.82999999999987,5642
2026-07-24T13:30:00+00:00,318.82999999999987,322.1799999999999,316.1999999999999,316.53999999999985,5460
2026-07-24T13:45:00+00:00,316.53999999999985,318.0699999999999,313.66999999999985,314.70999999999987,5029
2026-07-24T14:00:00+00:00,314.70999999999987,316.32999999999987,313.52999999999986,314.6899999999999,4704
2026-07-24T14:15:00+00:00,314.6899999999999,315.20999999999987,311.4499999999999,311.83999999999986,4520
2026-07-24T14:30:00+00:00,311.83999999999986,312.3699999999999,307.8799999999999,309.07999999999987,4806
2026-07-24T14:45:00+00:00,309.07999999999987,311.79999999999984,308.39999999999986,311.76999999999987,4138
2026-07-24T15:00:00+00:00,311.76999999999987,311.9399999999999,308.2499999999999,310.8699999999999,4620
2026-07-24T15:15:00+00:00,310.8699999999999,311.6299999999999,307.6999999999999,309.6799999999999,4407
2026-07-24T15:30:00+00:00,309.6799999999999,310.83999999999986,309.09999999999985,309.51999999999987,3180
2026-07-24T15:45:00+00:00,309.51999999999987,310.33999999999986,309.27999999999986,310.29999999999984,2736
2026-07-24T16:00:00+00:00,310.29999999999984,311.33999999999986,309.02999999999986,309.85999999999984,2961
2026-07-24T16:15:00+00:00,309.85999999999984,310.6999999999999,309.59999999999985,309.85999999999984,2357
2026-07-24T16:30:00+00:00,309.85999999999984,310.6299999999999,309.3899999999999,309.9499999999999,2151
2026-07-24T16:45:00+00:00,309.9499999999999,310.1999999999999,308.57999999999987,308.58999999999986,2544
2026-07-24T17:00:00+00:00,308.58999999999986,308.64999999999986,307.39999999999986,308.08999999999986,2719
2026-07-24T17:15:00+00:00,308.08999999999986,309.08999999999986,307.70999999999987,308.7599999999999,1920
2026-07-24T17:30:00+00:00,308.7599999999999,309.34999999999985,307.39999999999986,307.53999999999985,2085
2026-07-24T17:45:00+00:00,307.53999999999985,309.20999999999987,307.39999999999986,308.89999999999986,1887
2026-07-24T18:00:00+00:00,308.89999999999986,309.14999999999986,307.1999999999999,307.77999999999986,2477
2026-07-24T18:15:00+00:00,307.77999999999986,308.20999999999987,306.6999999999999,306.71999999999986,2362
2026-07-24T18:30:00+00:00,306.71999999999986,307.8899999999999,305.90999999999985,307.8699999999999,3036
2026-07-24T18:45:00+00:00,307.8699999999999,309.29999999999984,307.6399999999999,308.72999999999985,2854
2026-07-24T19:00:00+00:00,308.72999999999985,309.22999999999985,307.51999999999987,307.84999999999985,2859
2026-07-24T19:15:00+00:00,307.84999999999985,308.97999999999985,307.4499999999999,308.6899999999999,2649
2026-07-24T19:30:00+00:00,308.6899999999999,310.28999999999985,308.60999999999984,310.03999999999985,3352
2026-07-24T19:45:00+00:00,310.03999999999985,312.5699999999999,309.3199999999999,312.10999999999984,4338
2026-07-27T13:30:00+00:00,312.10999999999984,316.3099999999999,310.16999999999985,313.47999999999985,5583
2026-07-27T13:45:00+00:00,313.47999999999985,313.9499999999999,308.1799999999999,308.41999999999985,5573
2026-07-27T14:00:00+00:00,308.41999999999985,309.4299999999999,307.09999999999985,308.65999999999985,5534
2026-07-27T14:15:00+00:00,308.65999999999985,309.54999999999984,306.27999999999986,306.29999999999984,4389
2026-07-27T14:30:00+00:00,306.29999999999984,307.14999999999986,303.6899999999999,304.0099999999999,4241
2026-07-27T14:45:00+00:00,304.0099999999999,308.51999999999987,303.95999999999987,308.10999999999984,4108
2026-07-27T15:00:00+00:00,308.10999999999984,310.03999999999985,307.65999999999985,308.9299999999999,3496
2026-07-27T15:15:00+00:00,308.9299999999999,309.0699999999999,306.97999999999985,307.90999999999985,3603
2026-07-27T15:30:00+00:00,307.90999999999985,308.3099999999999,306.39999999999986,307.4499999999999,2971
2026-07-27T15:45:00+00:00,307.4499999999999,308.5099999999999,306.8199999999999,308.04999999999984,2625
2026-07-27T16:00:00+00:00,308.04999999999984,309.28999999999985,307.9499999999999,308.08999999999986,2556
2026-07-27T16:15:00+00:00,308.08999999999986,309.72999999999985,306.71999999999986,308.64999999999986,3533
2026-07-27T16:30:00+00:00,308.64999999999986,309.65999999999985,307.41999999999985,307.64999999999986,2640
2026-07-27T16:45:00+00:00,307.64999999999986,307.9499999999999,306.64999999999986,307.16999999999985,2250
2026-07-27T17:00:00+00:00,307.16999999999985,307.2499999999999,306.08999999999986,306.60999999999984,2174
2026-07-27T17:15:00+00:00,306.60999999999984,307.15999999999985,306.29999999999984,306.78999999999985,2211
2026-07-27T17:30:00+00:00,306.78999999999985,307.76999999999987,306.59999999999985,307.76999999999987,2021
2026-07-27T17:45:00+00:00,307.76999999999987,308.01999999999987,306.77999999999986,307.72999999999985,1589.7179833066352
2026-07-27T18:00:00+00:00,307.72999999999985,308.3099999999999,306.20999999999987,306.46999999999986,799.7548550010072
2026-07-27T18:15:00+00:00,306.46999999999986,306.46999999999986,304.5399999999999,305.4899999999999,1969
2026-07-27T18:30:00+00:00,305.4899999999999,305.6799999999999,304.4199999999999,305.3799999999999,2203
2026-07-27T18:45:00+00:00,305.3799999999999,306.70999999999987,304.9199999999999,306.57999999999987,1984
2026-07-27T19:00:00+00:00,306.57999999999987,307.4299999999999,306.1199999999999,307.0399999999999,1976
2026-07-27T19:15:00+00:00,307.0399999999999,307.6899999999999,306.7599999999999,307.2999999999999,1471
2026-07-27T19:30:00+00:00,307.2999999999999,308.1399999999999,306.5599999999999,307.58999999999986,1573
2026-07-27T19:45:00+00:00,307.58999999999986,308.3199999999999,306.33999999999986,307.9899999999999,2836
2026-07-28T13:30:00+00:00,307.9899999999999,307.9899999999999,301.57999999999987,304.0999999999999,6890
2026-07-28T13:45:00+00:00,304.0999999999999,305.8699999999999,301.3899999999999,302.5099999999999,7030
2026-07-28T14:00:00+00:00,302.5099999999999,304.1199999999999,299.70999999999987,300.3599999999999,6774
2026-07-28T14:15:00+00:00,300.3599999999999,301.64999999999986,299.8099999999999,301.4799999999999,7054
2026-07-28T14:30:00+00:00,301.4799999999999,302.15999999999985,300.20999999999987,301.52999999999986,5087
2026-07-28T14:45:00+00:00,301.52999999999986,304.5699999999999,301.1399999999999,302.9999999999999,3589
2026-07-28T15:00:00+00:00,302.9999999999999,304.2599999999999,302.8499999999999,303.52999999999986,3569
2026-07-28T15:15:00+00:00,303.52999999999986,305.6099999999999,303.3599999999999,305.20999999999987,2827
2026-07-28T15:30:00+00:00,305.20999999999987,306.4199999999999,305.0099999999999,306.1799999999999,1822
2026-07-28T15:45:00+00:00,306.1799999999999,308.65999999999985,305.90999999999985,308.6399999999999,1939
2026-07-28T16:00:00+00:00,308.6399999999999,310.08999999999986,305.8099999999999,306.2399999999999,2426
2026-07-28T16:15:00+00:00,306.2399999999999,306.2599999999999,304.90999999999985,305.5099999999999,1750
2026-07-28T16:30:00+00:00,305.5099999999999,306.7299999999999,305.1199999999999,306.20999999999987,1501
2026-07-28T16:45:00+00:00,306.20999999999987,307.0099999999999,305.8099999999999,306.5499999999999,1283
2026-07-28T17:00:00+00:00,306.5499999999999,306.76999999999987,305.32999999999987,305.71999999999986,1457
2026-07-28T17:15:00+00:00,305.71999999999986,306.7599999999999,305.3099999999999,306.1699999999999,1426
2026-07-28T17:30:00+00:00,306.1699999999999,306.6199999999999,305.32999999999987,305.5699999999999,1297
2026-07-28T17:45:00+00:00,305.5699999999999,306.3699999999999,305.1199999999999,306.0999999999999,1396
2026-07-28T18:00:00+00:00,306.0999999999999,306.40999999999985,304.77999999999986,304.95999999999987,1398
2026-07-28T18:15:00+00:00,304.95999999999987,306.0699999999999,304.9299999999999,305.76999999999987,1127
2026-07-28T18:30:00+00:00,305.76999999999987,306.51999999999987,305.1399999999999,305.33999999999986,1472
2026-07-28T18:45:00+00:00,305.33999999999986,305.9899999999999,304.8499999999999,305.5099999999999,1238
2026-07-28T19:00:00+00:00,305.5099999999999,305.7299999999999,304.5699999999999,305.0999999999999,1139
2026-07-28T19:15:00+00:00,305.0999999999999,305.9799999999999,304.82999999999987,305.6699999999999,993
2026-07-28T19:30:00+00:00,305.6699999999999,305.71999999999986,304.2999999999999,304.5999999999999,1190
2026-07-28T19:45:00+00:00,304.5999999999999,306.4399999999999,304.02999999999986,306.27999999999986,2086
2026-07-29T13:30:00+00:00,306.27999999999986,307.6699999999999,303.5099999999999,304.5099999999999,6179
2026-07-29T13:45:00+00:00,304.5099999999999,305.2399999999999,302.8099999999999,304.45999999999987,5703
2026-07-29T14:00:00+00:00,304.45999999999987,305.3899999999999,303.2899999999999,303.5399999999999,5924
2026-07-29T14:15:00+00:00,303.5399999999999,304.7399999999999,301.5699999999999,302.27999999999986,6151
2026-07-29T14:30:00+00:00,302.27999999999986,303.4199999999999,301.2399999999999,301.6999999999999,3690
2026-07-29T14:45:00+00:00,301.6999999999999,302.4199999999999,300.96999999999986,301.8099999999999,3848
2026-07-29T15:00:00+00:00,301.8099999999999,302.2599999999999,300.71999999999986,301.1399999999999,3773
2026-07-29T15:15:00+00:00,301.1399999999999,302.08999999999986,300.95999999999987,301.57999999999987,3373
2026-07-29T15:30:00+00:00,301.57999999999987,302.5999999999999,301.39999999999986,301.4799999999999,2930
2026-07-29T15:45:00+00:00,301.4799999999999,301.64999999999986,299.5699999999999,300.46999999999986,3053
2026-07-29T16:00:00+00:00,300.46999999999986,300.8599999999999,298.9399999999999,299.14999999999986,2832
2026-07-29T16:15:00+00:00,299.14999999999986,300.1099999999999,298.70999999999987,299.8699999999999,2744
2026-07-29T16:30:00+00:00,299.8699999999999,300.76999999999987,299.7299999999999,300.3199999999999,2432
2026-07-29T16:45:00+00:00,300.3199999999999,301.26999999999987,300.0599999999999,301.14999999999986,2453
2026-07-29T17:00:00+00:00,301.14999999999986,302.8599999999999,301.01999999999987,302.7899999999999,2622
2026-07-29T17:15:00+00:00,302.7899999999999,303.1399999999999,301.40999999999985,301.40999999999985,2329
2026-07-29T17:30:00+00:00,301.40999999999985,302.0399999999999,300.8599999999999,301.3499999999999,1969
2026-07-29T17:45:00+00:00,301.3499999999999,302.27999999999986,301.0099999999999,302.0099999999999,1947
2026-07-29T18:00:00+00:00,302.0099999999999,304.4799999999999,302.0099999999999,302.9399999999999,4893
2026-07-29T18:15:00+00:00,302.9399999999999,303.5499999999999,301.20999999999987,301.6099999999999,3636
2026-07-29T18:30:00+00:00,301.6099999999999,303.7599999999999,300.6899999999999,303.40999999999985,5194
2026-07-29T18:45:00+00:00,303.40999999999985,306.3899999999999,303.1899999999999,306.1199999999999,4505
2026-07-29T19:00:00+00:00,306.1199999999999,306.8899999999999,302.8099999999999,303.6399999999999,5135
2026-07-29T19:15:00+00:00,303.6399999999999,304.1299999999999,300.32999999999987,300.95999999999987,5039
2026-07-29T19:30:00+00:00,300.95999999999987,301.5499999999999,296.6699999999999,296.9199999999999,5489
2026-07-29T19:45:00+00:00,296.9199999999999,297.7599999999999,296.3599999999999,297.2999999999999,5437
2026-07-30T13:30:00+00:00,297.2999999999999,306.40999999999985,297.2999999999999,305.0999999999999,6941
2026-07-30T13:45:00+00:00,305.0999999999999,306.7599999999999,303.83999999999986,306.0599999999999,7187
2026-07-30T14:00:00+00:00,306.0599999999999,307.58999999999986,304.21999999999986,304.6399999999999,6557
2026-07-30T14:15:00+00:00,304.6399999999999,307.9899999999999,304.3599999999999,307.8599999999999,4667
2026-07-30T14:30:00+00:00,307.8599999999999,307.9799999999999,305.08999999999986,305.40999999999985,3390
2026-07-30T14:45:00+00:00,305.40999999999985,305.9199999999999,302.8099999999999,303.7299999999999,3675
2026-07-30T15:00:00+00:00,303.7299999999999,305.4499999999999,302.52999999999986,303.7599999999999,3914
2026-07-30T15:15:00+00:00,303.7599999999999,304.5999999999999,303.1199999999999,303.4499999999999,3466
2026-07-30T15:30:00+00:00,303.4499999999999,305.08999999999986,303.3699999999999,304.6199999999999,2627
2026-07-30T15:45:00+00:00,304.6199999999999,305.4799999999999,304.1099999999999,304.20999999999987,2386
2026-07-30T16:00:00+00:00,304.20999999999987,306.0599999999999,303.90999999999985,305.6899999999999,2327
2026-07-30T16:15:00+00:00,305.6899999999999,306.4299999999999,305.4999999999999,305.89999999999986,2260
2026-07-30T16:30:00+00:00,305.89999999999986,306.0699999999999,303.5099999999999,303.8499999999999,2429
2026-07-30T16:45:00+00:00,303.8499999999999,305.15999999999985,303.6299999999999,305.15999999999985,2221
2026-07-30T17:00:00+00:00,305.15999999999985,305.52999999999986,304.40999999999985,304.70999999999987,2157
2026-07-30T17:15:00+00:00,304.70999999999987,306.3799999999999,304.70999999999987,305.8199999999999,1991
2026-07-30T17:30:00+00:00,305.8199999999999,306.9499999999999,305.6999999999999,306.3899999999999,1910
2026-07-30T17:45:00+00:00,306.3899999999999,306.9999999999999,306.3199999999999,306.6199999999999,1766
2026-07-30T18:00:00+00:00,306.6199999999999,306.83999999999986,305.7499999999999,306.5399999999999,1526
2026-07-30T18:15:00+00:00,306.5399999999999,306.96999999999986,306.40999999999985,306.5399999999999,1391
2026-07-30T18:30:00+00:00,306.5399999999999,306.83999999999986,306.01999999999987,306.8099999999999,1720
2026-07-30T18:45:00+00:00,306.8099999999999,307.1699999999999,306.5099999999999,307.0399999999999,1442
2026-07-30T19:00:00+00:00,307.0399999999999,309.02999999999986,307.0099999999999,308.27999999999986,1883
2026-07-30T19:15:00+00:00,308.27999999999986,309.39999999999986,308.0399999999999,308.8099999999999,1761
2026-07-30T19:30:00+00:00,308.8099999999999,309.83999999999986,308.5999999999999,308.5999999999999,1876
2026-07-30T19:45:00+00:00,308.5999999999999,309.01999999999987,307.15999999999985,307.8699999999999,2952
2026-07-31T13:30:00+00:00,307.8699999999999,314.3899999999999,307.51999999999987,308.1299999999999,5103
2026-07-31T13:45:00+00:00,308.1299999999999,308.5999999999999,304.77999999999986,305.39999999999986,5656
2026-07-31T14:00:00+00:00,305.39999999999986,305.5699999999999,300.96999999999986,301.95999999999987,5130
2026-07-31T14:15:00+00:00,301.95999999999987,304.21999999999986,301.5699999999999,303.3499999999999,4863
2026-07-31T14:30:00+00:00,303.3499999999999,305.0999999999999,303.1699999999999,304.90999999999985,3226
2026-07-31T14:45:00+00:00,304.90999999999985,309.1299999999999,304.8699999999999,307.4399999999999,4005
2026-07-31T15:00:00+00:00,307.4399999999999,307.8899999999999,305.8099999999999,306.6399999999999,2906
2026-07-31T15:15:00+00:00,306.6399999999999,307.9799999999999,304.4799999999999,304.6999999999999,3098
2026-07-31T15:30:00+00:00,304.6999999999999,306.9199999999999,304.3699999999999,305.4199999999999,3024
2026-07-31T15:45:00+00:00,305.4199999999999,306.8699999999999,304.89999999999986,306.52999999999986,2636
2026-07-31T16:00:00+00:00,306.52999999999986,307.26999999999987,306.33999999999986,306.9999999999999,2285
2026-07-31T16:15:00+00:00,306.9999999999999,308.3099999999999,306.15999999999985,308.2499999999999,2047
2026-07-31T16:30:00+00:00,308.2499999999999,308.8099999999999,307.6899999999999,307.95999999999987,1989
2026-07-31T16:45:00+00:00,307.95999999999987,309.1799999999999,307.6899999999999,308.70999999999987,1829
2026-07-31T17:00:00+00:00,308.70999999999987,310.0099999999999,308.5099999999999,309.4399999999999,1973
2026-07-31T17:15:00+00:00,309.4399999999999,309.9199999999999,308.7299999999999,309.52999999999986,1714
2026-07-31T17:30:00+00:00,309.52999999999986,309.6999999999999,308.8099999999999,309.1899999999999,1504
2026-07-31T17:45:00+00:00,309.1899999999999,310.4899999999999,309.07999999999987,310.0599999999999,1593
2026-07-31T18:00:00+00:00,310.0599999999999,310.4999999999999,309.8899999999999,310.1699999999999,1587
2026-07-31T18:15:00+00:00,310.1699999999999,311.1199999999999,309.6899999999999,309.7399999999999,1637
2026-07-31T18:30:00+00:00,309.7399999999999,310.1299999999999,309.0599999999999,309.5999999999999,1417
2026-07-31T18:45:00+00:00,309.5999999999999,310.4999999999999,309.5099999999999,309.8699999999999,1307
2026-07-31T19:00:00+00:00,309.8699999999999,310.0499999999999,308.8899999999999,309.14999999999986,1204
2026-07-31T19:15:00+00:00,309.14999999999986,310.08999999999986,308.6799999999999,309.4299999999999,1305
2026-07-31T19:30:00+00:00,309.4299999999999,310.8499999999999,308.8099999999999,310.5699999999999,1445
2026-07-31T19:45:00+00:00,310.5699999999999,312.1699999999999,309.1699999999999,310.32999999999987,2569
2026-08-03T13:30:00+00:00,310.32999999999987,317.3699999999999,308.3499999999999,316.2299999999999,6457
2026-08-03T13:45:00+00:00,316.2299999999999,318.27999999999986,314.21999999999986,317.6899999999999,5887
2026-08-03T14:00:00+00:00,317.6899999999999,318.2999999999999,315.83999999999986,316.1699999999999,4435
2026-08-03T14:15:00+00:00,316.1699999999999,317.7499999999999,316.1199999999999,317.70999999999987,2786
2026-08-03T14:30:00+00:00,317.70999999999987,319.01999999999987,316.45999999999987,318.4999999999999,2506
2026-08-03T14:45:00+00:00,318.4999999999999,321.26999999999987,318.4999999999999,321.2299999999999,2894
2026-08-03T15:00:00+00:00,321.2299999999999,321.5499999999999,320.5099999999999,320.9999999999999,2497
2026-08-03T15:15:00+00:00,320.9999999999999,323.1699999999999,320.95999999999987,322.0599999999999,2941
2026-08-03T15:30:00+00:00,322.0599999999999,323.08999999999986,321.5599999999999,321.6399999999999,2319
2026-08-03T15:45:00+00:00,321.6399999999999,322.6899999999999,321.51999999999987,322.3499999999999,1958
2026-08-03T16:00:00+00:00,322.3499999999999,323.0599999999999,321.95999999999987,322.6899999999999,1885
2026-08-03T16:15:00+00:00,322.6899999999999,322.9399999999999,320.83999999999986,321.0699999999999,1907
2026-08-03T16:30:00+00:00,321.0699999999999,321.3699999999999,319.5599999999999,319.95999999999987,2049
2026-08-03T16:45:00+00:00,319.95999999999987,319.9899999999999,318.83999999999986,318.95999999999987,1735
2026-08-03T17:00:00+00:00,318.95999999999987,320.4299999999999,318.3599999999999,320.2899999999999,1890
2026-08-03T17:15:00+00:00,320.2899999999999,321.1899999999999,320.1699999999999,321.1399999999999,1724
2026-08-03T17:30:00+00:00,321.1399999999999,321.65999999999985,320.89999999999986,321.5499999999999,1332
2026-08-03T17:45:00+00:00,321.5499999999999,321.9799999999999,321.1199999999999,321.2399999999999,1664
2026-08-03T18:00:00+00:00,321.2399999999999,322.02999999999986,320.83999999999986,321.3199999999999,1799
2026-08-03T18:15:00+00:00,321.3199999999999,321.70999999999987,320.32999999999987,320.4199999999999,1455
2026-08-03T18:30:00+00:00,320.4199999999999,321.64999999999986,320.02999999999986,321.5599999999999,1676
2026-08-03T18:45:00+00:00,321.5599999999999,322.8199999999999,321.2899999999999,322.45999999999987,1703
2026-08-03T19:00:00+00:00,322.45999999999987,323.58999999999986,321.3799999999999,321.4999999999999,1689
2026-08-03T19:15:00+00:00,321.4999999999999,322.20999999999987,321.3799999999999,321.71999999999986,1388
2026-08-03T19:30:00+00:00,321.71999999999986,322.1899999999999,321.2599999999999,321.52999999999986,1461
2026-08-03T19:45:00+00:00,321.52999999999986,321.5399999999999,320.1999999999999,321.1299999999999,2293
2026-08-04T13:30:00+00:00,321.1299999999999,325.76999999999987,320.02999999999986,320.51999999999987,5036
2026-08-04T13:45:00+00:00,320.51999999999987,322.2999999999999,320.15999999999985,320.76999999999987,2929
2026-08-04T14:00:00+00:00,320.76999999999987,324.39999999999986,319.7899999999999,323.8199999999999,2801
2026-08-04T14:15:00+00:00,323.8199999999999,324.1699999999999,321.7599999999999,322.6199999999999,2272
2026-08-04T14:30:00+00:00,322.6199999999999,323.0399999999999,321.6099999999999,322.71999999999986,2216
2026-08-04T14:45:00+00:00,322.71999999999986,323.3799999999999,322.2299999999999,322.9799999999999,1586
2026-08-04T15:00:00+00:00,322.9799999999999,323.9199999999999,322.7999999999999,323.3099999999999,1820
2026-08-04T15:15:00+00:00,323.3099999999999,324.01999999999987,322.7599999999999,322.9199999999999,1760
2026-08-04T15:30:00+00:00,322.9199999999999,323.5099999999999,321.8699999999999,322.95999999999987,2115
2026-08-04T15:45:00+00:00,322.95999999999987,323.8899999999999,322.6299999999999,323.1899999999999,1863
2026-08-04T16:00:00+00:00,323.1899999999999,324.7499999999999,323.15999999999985,323.5499999999999,2364
2026-08-04T16:15:00+00:00,323.5499999999999,324.58999999999986,323.5399999999999,323.5499999999999,1810
2026-08-04T16:30:00+00:00,323.5499999999999,324.1099999999999,323.3099999999999,323.71999999999986,1667
2026-08-04T16:45:00+00:00,323.71999999999986,324.2299999999999,323.65999999999985,324.1699999999999,1430
2026-08-04T17:00:00+00:00,324.1699999999999,325.3599999999999,324.15999999999985,325.3499999999999,1747
2026-08-04T17:15:00+00:00,325.3499999999999,326.4199999999999,324.8099999999999,326.01999999999987,1952
2026-08-04T17:30:00+00:00,326.01999999999987,326.1899999999999,325.6299999999999,325.7399999999999,1516
2026-08-04T17:45:00+00:00,325.7399999999999,326.0099999999999,324.33999999999986,324.52999999999986,1796
2026-08-04T18:00:00+00:00,324.52999999999986,325.3699999999999,324.0399999999999,325.3199999999999,1817
2026-08-04T18:15:00+00:00,325.3199999999999,325.6999999999999,325.0699999999999,325.45999999999987,1585
2026-08-04T18:30:00+00:00,325.45999999999987,326.6699999999999,325.4399999999999,326.5999999999999,1642
2026-08-04T18:45:00+00:00,326.5999999999999,327.7899999999999,326.5399999999999,327.0599999999999,2031
2026-08-04T19:00:00+00:00,327.0599999999999,328.4399999999999,327.0099999999999,328.2499999999999,1728
2026-08-04T19:15:00+00:00,328.2499999999999,328.5499999999999,326.5099999999999,326.7299999999999,1956
2026-08-04T19:30:00+00:00,326.7299999999999,327.4999999999999,326.64999999999986,327.0499999999999,1724
2026-08-04T19:45:00+00:00,327.0499999999999,327.45999999999987,325.6099999999999,326.6299999999999,3297
2026-08-05T13:30:00+00:00,326.6299999999999,326.6299999999999,319.4299999999999,323.6799999999999,5418
2026-08-05T13:45:00+00:00,323.6799999999999,325.7399999999999,322.8699999999999,324.6999999999999,4713
2026-08-05T14:00:00+00:00,324.6999999999999,326.0699999999999,323.5399999999999,324.1099999999999,5006
2026-08-05T14:15:00+00:00,324.1099999999999,324.7899999999999,322.8799999999999,323.0399999999999,3019
2026-08-05T14:30:00+00:00,323.0399999999999,323.7899999999999,322.3899999999999,323.2999999999999,3223
2026-08-05T14:45:00+00:00,323.2999999999999,323.52999999999986,321.3099999999999,321.9199999999999,4283
2026-08-05T15:00:00+00:00,321.9199999999999,322.96999999999986,321.3699999999999,321.3799999999999,3269
2026-08-05T15:15:00+00:00,321.3799999999999,322.0599999999999,320.01999999999987,321.2299999999999,3502
2026-08-05T15:30:00+00:00,321.2299999999999,322.5499999999999,321.1099999999999,322.0499999999999,3155
2026-08-05T15:45:00+00:00,322.0499999999999,322.1799999999999,320.6299999999999,320.8099999999999,2758
2026-08-05T16:00:00+00:00,320.8099999999999,321.9499999999999,320.65999999999985,321.4799999999999,2864
2026-08-05T16:15:00+00:00,321.4799999999999,322.76999999999987,321.2499999999999,322.58999999999986,2576
2026-08-05T16:30:00+00:00,322.58999999999986,322.6699999999999,321.6299999999999,322.0099999999999,2290
2026-08-05T16:45:00+00:00,322.0099999999999,323.3799999999999,322.0099999999999,322.5699999999999,2238
2026-08-05T17:00:00+00:00,322.5699999999999,322.9799999999999,322.21999999999986,322.5399999999999,2139
2026-08-05T17:15:00+00:00,322.5399999999999,322.96999999999986,321.9299999999999,322.0099999999999,1892
2026-08-05T17:30:00+00:00,322.0099999999999,322.5599999999999,321.65999999999985,322.1199999999999,1859
2026-08-05T17:45:00+00:00,322.1199999999999,322.15999999999985,320.95999999999987,321.1899999999999,1977
2026-08-05T18:00:00+00:00,321.1899999999999,321.83999999999986,321.0099999999999,321.70999999999987,1815
2026-08-05T18:15:00+00:00,321.70999999999987,321.8599999999999,320.8099999999999,320.9799999999999,1477
2026-08-05T18:30:00+00:00,320.9799999999999,320.9899999999999,319.5499999999999,319.64999999999986,2136
2026-08-05T18:45:00+00:00,319.64999999999986,319.9899999999999,319.2999999999999,319.52999999999986,1701
2026-08-05T19:00:00+00:00,319.52999999999986,321.0499999999999,319.3099999999999,320.9999999999999,1725
2026-08-05T19:15:00+00:00,320.9999999999999,322.0099999999999,320.7999999999999,321.71999999999986,1752
2026-08-05T19:30:00+00:00,321.71999999999986,321.8099999999999,320.90999999999985,321.07999999999987,2080
2026-08-05T19:45:00+00:00,321.07999999999987,321.77999999999986,320.0099999999999,320.6199999999999,3724
2026-08-06T13:30:00+00:00,320.6199999999999,320.6199999999999,314.7199999999999,317.5999999999999,5063
2026-08-06T13:45:00+00:00,317.5999999999999,319.9999999999999,317.1999999999999,319.4099999999999,4327
2026-08-06T14:00:00+00:00,319.4099999999999,320.4399999999999,318.4099999999999,320.2899999999999,4219
2026-08-06T14:15:00+00:00,320.2899999999999,321.0399999999999,319.4399999999999,319.9199999999999,4368
2026-08-06T14:30:00+00:00,319.9199999999999,321.20999999999987,319.45999999999987,319.4699999999999,3815
2026-08-06T14:45:00+00:00,319.4699999999999,321.3199999999999,318.1999999999999,321.1199999999999,3864
2026-08-06T15:00:00+00:00,321.1199999999999,322.0699999999999,319.8799999999999,321.4699999999999,3525
2026-08-06T15:15:00+00:00,321.4699999999999,322.07999999999987,319.9099999999999,320.83999999999986,3472
2026-08-06T15:30:00+00:00,320.83999999999986,321.39999999999986,319.3899999999999,319.5399999999999,3060
2026-08-06T15:45:00+00:00,319.5399999999999,320.70999999999987,318.6099999999999,318.83999999999986,3100
2026-08-06T16:00:00+00:00,318.83999999999986,319.0499999999999,317.7499999999999,317.9099999999999,3340
2026-08-06T16:15:00+00:00,317.9099999999999,318.20999999999987,317.4699999999999,317.6899999999999,3052
2026-08-06T16:30:00+00:00,317.6899999999999,318.3499999999999,317.6899999999999,317.7499999999999,2612
2026-08-06T16:45:00+00:00,317.7499999999999,318.4799999999999,317.2899999999999,318.1199999999999,2458
2026-08-06T17:00:00+00:00,318.1199999999999,318.5699999999999,317.4899999999999,317.57999999999987,2511
2026-08-06T17:15:00+00:00,317.57999999999987,317.70999999999987,316.8899999999999,316.9999999999999,2218
2026-08-06T17:30:00+00:00,316.9999999999999,317.3199999999999,316.4499999999999,316.6299999999999,2211
2026-08-06T17:45:00+00:00,316.6299999999999,317.6599999999999,316.6299999999999,317.4799999999999,2052
2026-08-06T18:00:00+00:00,317.4799999999999,317.70999999999987,316.9699999999999,317.6199999999999,2004
2026-08-06T18:15:00+00:00,317.6199999999999,318.33999999999986,317.1999999999999,317.6899999999999,2158
2026-08-06T18:30:00+00:00,317.6899999999999,317.95999999999987,317.3699999999999,317.7499999999999,1850
2026-08-06T18:45:00+00:00,317.7499999999999,318.0999999999999,317.6999999999999,317.8899999999999,1739
2026-08-06T19:00:00+00:00,317.8899999999999,318.9699999999999,317.8699999999999,318.2399999999999,1968
2026-08-06T19:15:00+00:00,318.2399999999999,318.64999999999986,317.7599999999999,317.9399999999999,2076
2026-08-06T19:30:00+00:00,317.9399999999999,319.08999999999986,317.6399999999999,317.8699999999999,2377
2026-08-06T19:45:00+00:00,317.8699999999999,319.2399999999999,317.4899999999999,318.8099999999999,3295
2026-08-07T13:30:00+00:00,318.8099999999999,325.64999999999986,318.8099999999999,325.4299999999999,4036
2026-08-07T13:45:00+00:00,325.4299999999999,328.0399999999999,325.08999999999986,325.7499999999999,4172
2026-08-07T14:00:00+00:00,325.7499999999999,325.95999999999987,322.3199999999999,322.3199999999999,3227
2026-08-07T14:15:00+00:00,322.3199999999999,327.5699999999999,321.9899999999999,326.33999999999986,3335
2026-08-07T14:30:00+00:00,326.33999999999986,328.57999999999987,325.9299999999999,327.6899999999999,4103
2026-08-07T14:45:00+00:00,327.6899999999999,329.8499999999999,327.6399999999999,329.1599999999999,4078
2026-08-07T15:00:00+00:00,329.1599999999999,330.4999999999999,328.5399999999999,328.8899999999999,3350
2026-08-07T15:15:00+00:00,328.8899999999999,332.4899999999999,328.7499999999999,332.39999999999986,3044
2026-08-07T15:30:00+00:00,332.39999999999986,332.8799999999999,330.4199999999999,330.8199999999999,3109
2026-08-07T15:45:00+00:00,330.8199999999999,331.6899999999999,330.57999999999987,330.64999999999986,2305
2026-08-07T16:00:00+00:00,330.64999999999986,331.4099999999999,330.0299999999999,330.7899999999999,2257
2026-08-07T16:15:00+00:00,330.7899999999999,330.8799999999999,327.4999999999999,328.01999999999987,2586
2026-08-07T16:30:00+00:00,328.01999999999987,328.8099999999999,327.3899999999999,327.7299999999999,2458
2026-08-07T16:45:00+00:00,327.7299999999999,328.0399999999999,326.8899999999999,327.07999999999987,1960
2026-08-07T17:00:00+00:00,327.07999999999987,327.20999999999987,325.9999999999999,326.14999999999986,1786
2026-08-07T17:15:00+00:00,326.14999999999986,326.4199999999999,325.6999999999999,326.1699999999999,1820
2026-08-07T17:30:00+00:00,326.1699999999999,326.6599999999999,325.8799999999999,326.5499999999999,1692
2026-08-07T17:45:00+00:00,326.5499999999999,326.9899999999999,325.9499999999999,326.2999999999999,1391
2026-08-07T18:00:00+00:00,326.2999999999999,327.2299999999999,326.2299999999999,326.6599999999999,1702
2026-08-07T18:15:00+00:00,326.6599999999999,326.7199999999999,325.89999999999986,326.1699999999999,1362
2026-08-07T18:30:00+00:00,326.1699999999999,326.6199999999999,325.9499999999999,326.1099999999999,1303
2026-08-07T18:45:00+00:00,326.1099999999999,326.8499999999999,325.9699999999999,326.62999999999994,1388
2026-08-07T19:00:00+00:00,326.62999999999994,328.3599999999999,326.5899999999999,327.9599999999999,1678
2026-08-07T19:15:00+00:00,327.9599999999999,328.1699999999999,327.3399999999999,327.5199999999999,1409
2026-08-07T19:30:00+00:00,327.5199999999999,327.5199999999999,325.9799999999999,326.18999999999994,1891
2026-08-07T19:45:00+00:00,326.18999999999994,328.0399999999999,326.1599999999999,327.8499999999999,2355
2026-08-10T13:30:00+00:00,327.8499999999999,328.49999999999994,325.2099999999999,327.4899999999999,4759
2026-08-10T13:45:00+00:00,327.4899999999999,329.4299999999999,326.7799999999999,328.37999999999994,3705
2026-08-10T14:00:00+00:00,328.37999999999994,329.6699999999999,328.0599999999999,328.74999999999994,2882
2026-08-10T14:15:00+00:00,328.74999999999994,331.0499999999999,328.4599999999999,330.7299999999999,2843
2026-08-10T14:30:00+00:00,330.7299999999999,331.12999999999994,328.2099999999999,329.6799999999999,2433
2026-08-10T14:45:00+00:00,329.6799999999999,330.4699999999999,328.5399999999999,328.5499999999999,2508
2026-08-10T15:00:00+00:00,328.5499999999999,329.1599999999999,327.8599999999999,328.8299999999999,2235
2026-08-10T15:15:00+00:00,328.8299999999999,329.5599999999999,328.4599999999999,329.2299999999999,1771
2026-08-10T15:30:00+00:00,329.2299999999999,329.44999999999993,327.3399999999999,329.31999999999994,2429
2026-08-10T15:45:00+00:00,329.31999999999994,330.4199999999999,328.74999999999994,330.3099999999999,1590
2026-08-10T16:00:00+00:00,330.3099999999999,330.8499999999999,329.7399999999999,329.99999999999994,1685
2026-08-10T16:15:00+00:00,329.99999999999994,330.0999999999999,329.06999999999994,329.6199999999999,1519
2026-08-10T16:30:00+00:00,329.6199999999999,329.8299999999999,327.7899999999999,327.88999999999993,1721
2026-08-10T16:45:00+00:00,327.88999999999993,328.94999999999993,327.6099999999999,328.6699999999999,1307
2026-08-10T17:00:00+00:00,328.6699999999999,328.7399999999999,328.0499999999999,328.6199999999999,1132
2026-08-10T17:15:00+00:00,328.6199999999999,328.9599999999999,328.1699999999999,328.18999999999994,1012
2026-08-10T17:30:00+00:00,328.18999999999994,328.2299999999999,327.5599999999999,327.9099999999999,1200
2026-08-10T17:45:00+00:00,327.9099999999999,328.3699999999999,327.74999999999994,328.1699999999999,1009
2026-08-10T18:00:00+00:00,328.1699999999999,328.7899999999999,328.0999999999999,328.0999999999999,1085
2026-08-10T18:15:00+00:00,328.0999999999999,328.37999999999994,327.6799999999999,327.68999999999994,875
2026-08-10T18:30:00+00:00,327.68999999999994,328.0999999999999,327.4899999999999,327.69999999999993,1098
2026-08-10T18:45:00+00:00,327.69999999999993,328.18999999999994,327.69999999999993,328.06999999999994,818
2026-08-10T19:00:00+00:00,328.06999999999994,329.0399999999999,327.9799999999999,328.63999999999993,1208
2026-08-10T19:15:00+00:00,328.63999999999993,328.99999999999994,327.93999999999994,328.9599999999999,947
2026-08-10T19:30:00+00:00,328.9599999999999,329.4099999999999,328.44999999999993,328.94999999999993,1453
2026-08-10T19:45:00+00:00,328.94999999999993,330.3399999999999,328.6599999999999,330.0199999999999,2585
2026-08-11T13:30:00+00:00,330.0199999999999,332.7699999999999,328.6699999999999,330.37999999999994,3382
2026-08-11T13:45:00+00:00,330.37999999999994,333.18999999999994,329.7099999999999,332.75999999999993,3340
2026-08-11T14:00:00+00:00,332.75999999999993,334.49999999999994,332.2699999999999,334.0299999999999,2989
2026-08-11T14:15:00+00:00,334.0299999999999,335.3299999999999,333.3599999999999,333.8499999999999,2964
2026-08-11T14:30:00+00:00,333.8499999999999,334.5499999999999,331.8699999999999,334.1099999999999,2490
2026-08-11T14:45:00+00:00,334.1099999999999,334.5799999999999,333.3299999999999,333.3499999999999,1885
2026-08-11T15:00:00+00:00,333.3499999999999,333.63999999999993,332.4899999999999,332.62999999999994,2002
2026-08-11T15:15:00+00:00,332.62999999999994,332.8599999999999,331.8999999999999,332.3699999999999,1832
2026-08-11T15:30:00+00:00,332.3699999999999,332.7699999999999,331.4599999999999,332.6199999999999,1652
2026-08-11T15:45:00+00:00,332.6199999999999,332.74999999999994,331.3599999999999,332.0999999999999,1514
2026-08-11T16:00:00+00:00,332.0999999999999,332.56999999999994,331.7399999999999,331.9599999999999,1326
2026-08-11T16:15:00+00:00,331.9599999999999,332.24999999999994,330.4099999999999,330.6499999999999,1578
2026-08-11T16:30:00+00:00,330.6499999999999,331.2199999999999,330.4099999999999,330.7399999999999,1308
2026-08-11T16:45:00+00:00,330.7399999999999,331.1799999999999,330.4599999999999,331.1199999999999,932
2026-08-11T17:00:00+00:00,331.1199999999999,331.2799999999999,330.37999999999994,330.4599999999999,1243
2026-08-11T17:15:00+00:00,330.4599999999999,331.3099999999999,330.38999999999993,330.9699999999999,1146
2026-08-11T17:30:00+00:00,330.9699999999999,331.18999999999994,330.6599999999999,331.00999999999993,887
2026-08-11T17:45:00+00:00,331.00999999999993,331.31999999999994,330.7699999999999,331.0799999999999,991
2026-08-11T18:00:00+00:00,331.0799999999999,331.5399999999999,330.7199999999999,331.50999999999993,969
2026-08-11T18:15:00+00:00,331.50999999999993,331.6599999999999,329.4899999999999,329.6699999999999,1364
2026-08-11T18:30:00+00:00,329.6699999999999,330.8399999999999,329.4899999999999,330.5799999999999,1363
2026-08-11T18:45:00+00:00,330.5799999999999,331.2799999999999,330.5799999999999,331.0899999999999,998
2026-08-11T19:00:00+00:00,331.0899999999999,331.56999999999994,330.6799999999999,331.3999999999999,1132
2026-08-11T19:15:00+00:00,331.3999999999999,331.7199999999999,331.0399999999999,331.1099999999999,1080
2026-08-11T19:30:00+00:00,331.1099999999999,332.1799999999999,331.06999999999994,331.4199999999999,1348
2026-08-11T19:45:00+00:00,331.4199999999999,332.0299999999999,330.68999999999994,331.93999999999994,2308
2026-08-12T13:30:00+00:00,331.93999999999994,334.4799999999999,328.1599999999999,328.4799999999999,5874
2026-08-12T13:45:00+00:00,328.4799999999999,329.25999999999993,326.0599999999999,327.1699999999999,5493
2026-08-12T14:00:00+00:00,327.1699999999999,327.4699999999999,325.9699999999999,326.63999999999993,4170
2026-08-12T14:15:00+00:00,326.63999999999993,327.13999999999993,324.5999999999999,324.6699999999999,3712
2026-08-12T14:30:00+00:00,324.6699999999999,324.7799999999999,323.2899999999999,324.2399999999999,2898
2026-08-12T14:45:00+00:00,324.2399999999999,324.3099999999999,322.8499999999999,323.7199999999999,2415.7607962213224
2026-08-12T15:00:00+00:00,323.7199999999999,324.7199999999999,323.4699999999999,324.1499999999999,2004
2026-08-12T15:15:00+00:00,324.1499999999999,324.3499999999999,323.13999999999993,323.50999999999993,1798
2026-08-12T15:30:00+00:00,323.50999999999993,323.8699999999999,322.7999999999999,323.6699999999999,1772
2026-08-12T15:45:00+00:00,323.6699999999999,325.2399999999999,323.5499999999999,325.12999999999994,1584
2026-08-12T16:00:00+00:00,325.12999999999994,326.00999999999993,325.06999999999994,325.7199999999999,1802
2026-08-12T16:15:00+00:00,325.7199999999999,326.2099999999999,324.9799999999999,326.00999999999993,1530
2026-08-12T16:30:00+00:00,326.00999999999993,326.2399999999999,325.6199999999999,325.7399999999999,1374
2026-08-12T16:45:00+00:00,325.7399999999999,326.2799999999999,325.7399999999999,326.0799999999999,1358
2026-08-12T17:00:00+00:00,326.0799999999999,326.3599999999999,325.6599999999999,325.9099999999999,1277
2026-08-12T17:15:00+00:00,325.9099999999999,325.94999999999993,325.1599999999999,325.4299999999999,1432
2026-08-12T17:30:00+00:00,325.4299999999999,325.4699999999999,324.7199999999999,325.13999999999993,1375
2026-08-12T17:45:00+00:00,325.13999999999993,325.6099999999999,324.81999999999994,325.43999999999994,1201
2026-08-12T18:00:00+00:00,325.43999999999994,325.94999999999993,324.8699999999999,325.5499999999999,1186
2026-08-12T18:15:00+00:00,325.5499999999999,325.7799999999999,325.2099999999999,325.63999999999993,996
2026-08-12T18:30:00+00:00,325.63999999999993,326.43999999999994,325.5299999999999,325.62999999999994,1142
2026-08-12T18:45:00+00:00,325.62999999999994,326.5999999999999,325.4099999999999,326.2299999999999,1002
2026-08-12T19:00:00+00:00,326.2299999999999,326.5299999999999,325.8599999999999,326.25999999999993,1017
2026-08-12T19:15:00+00:00,326.25999999999993,327.0899999999999,326.1599999999999,326.81999999999994,1077
2026-08-12T19:30:00+00:00,326.81999999999994,326.9799999999999,326.3399999999999,326.4799999999999,1389
2026-08-12T19:45:00+00:00,326.4799999999999,327.0999999999999,325.9699999999999,326.75999999999993,2558
2026-08-13T13:30:00+00:00,326.75999999999993,330.7799999999999,324.3599999999999,328.5599999999999,6620
2026-08-13T13:45:00+00:00,328.5599999999999,332.5299999999999,328.2099999999999,331.9699999999999,6369
2026-08-13T14:00:00+00:00,331.9699999999999,332.8599999999999,331.0599999999999,331.7799999999999,5039
2026-08-13T14:15:00+00:00,331.7799999999999,332.68999999999994,331.4599999999999,332.00999999999993,3336
2026-08-13T14:30:00+00:00,332.00999999999993,333.2999999999999,331.6099999999999,332.8499999999999,2366
2026-08-13T14:45:00+00:00,332.8499999999999,334.4799999999999,332.2899999999999,333.7099999999999,2475
2026-08-13T15:00:00+00:00,333.7099999999999,334.4799999999999,332.50999999999993,332.9199999999999,2261
2026-08-13T15:15:00+00:00,332.9199999999999,334.5599999999999,331.50999999999993,331.9299999999999,2576
2026-08-13T15:30:00+00:00,331.9299999999999,333.18999999999994,331.9099999999999,332.50999999999993,2507
2026-08-13T15:45:00+00:00,332.50999999999993,332.8499999999999,332.1699999999999,332.2699999999999,1754
2026-08-13T16:00:00+00:00,332.2699999999999,333.5899999999999,332.2299999999999,332.7099999999999,1702
2026-08-13T16:15:00+00:00,332.7099999999999,333.81999999999994,332.49999999999994,333.6599999999999,1455
2026-08-13T16:30:00+00:00,333.6599999999999,334.37999999999994,333.6199999999999,334.18999999999994,1772
2026-08-13T16:45:00+00:00,334.18999999999994,336.1699999999999,334.1799999999999,335.6499999999999,1998
2026-08-13T17:00:00+00:00,335.6499999999999,336.12999999999994,334.3599999999999,335.06999999999994,1821
2026-08-13T17:15:00+00:00,335.06999999999994,335.99999999999994,335.0599999999999,335.4799999999999,1293
2026-08-13T17:30:00+00:00,335.4799999999999,335.7799999999999,334.8999999999999,335.37999999999994,1484
2026-08-13T17:45:00+00:00,335.37999999999994,336.1699999999999,335.2299999999999,335.3699999999999,1556
2026-08-13T18:00:00+00:00,335.3699999999999,337.0499999999999,335.0599999999999,336.99999999999994,1569
2026-08-13T18:15:00+00:00,336.99999999999994,337.74999999999994,336.6199999999999,337.4899999999999,1593
2026-08-13T18:30:00+00:00,337.4899999999999,337.93999999999994,337.1799999999999,337.44999999999993,1502
2026-08-13T18:45:00+00:00,337.44999999999993,339.4199999999999,337.44999999999993,338.6599999999999,2202
2026-08-13T19:00:00+00:00,338.6599999999999,340.75999999999993,338.3599999999999,338.75999999999993,2323
2026-08-13T19:15:00+00:00,338.75999999999993,338.87999999999994,337.5799999999999,337.8499999999999,1718
2026-08-13T19:30:00+00:00,337.8499999999999,338.8599999999999,337.56999999999994,338.5399999999999,1831
2026-08-13T19:45:00+00:00,338.5399999999999,339.44999999999993,337.9599999999999,339.3699999999999,2772
2026-08-14T13:30:00+00:00,339.3699999999999,346.8999999999999,339.3699999999999,346.6599999999999,6402
2026-08-14T13:45:00+00:00,346.6599999999999,349.49999999999994,345.3599999999999,349.0599999999999,7231
2026-08-14T14:00:00+00:00,349.0599999999999,350.37999999999994,346.0499999999999,346.1799999999999,6081
2026-08-14T14:15:00+00:00,346.1799999999999,347.5999999999999,344.75999999999993,345.2899999999999,5107
2026-08-14T14:30:00+00:00,345.2899999999999,345.49999999999994,341.94999999999993,341.94999999999993,3468
2026-08-14T14:45:00+00:00,341.94999999999993,342.6199999999999,340.13999999999993,340.25999999999993,3276.2932498882433
2026-08-14T15:00:00+00:00,340.25999999999993,340.6499999999999,337.56999999999994,337.5799999999999,3173
2026-08-14T15:15:00+00:00,337.5799999999999,337.75999999999993,334.4899999999999,336.5199999999999,3766
2026-08-14T15:30:00+00:00,336.5199999999999,337.0499999999999,335.4599999999999,336.7699999999999,2779
2026-08-14T15:45:00+00:00,336.7699999999999,338.1699999999999,336.3699999999999,337.7999999999999,2584
2026-08-14T16:00:00+00:00,337.7999999999999,339.7799999999999,337.7799999999999,339.74999999999994,2199
2026-08-14T16:15:00+00:00,339.74999999999994,339.8299999999999,338.6099999999999,339.8299999999999,2310
2026-08-14T16:30:00+00:00,339.8299999999999,339.93999999999994,338.4099999999999,338.81999999999994,1965
2026-08-14T16:45:00+00:00,338.81999999999994,339.25999999999993,337.3999999999999,337.3999999999999,2086
2026-08-14T17:00:00+00:00,337.3999999999999,338.2699999999999,336.9699999999999,338.0299999999999,1981
2026-08-14T17:15:00+00:00,338.0299999999999,339.0999999999999,337.7299999999999,338.44999999999993,1680
2026-08-14T17:30:00+00:00,338.44999999999993,340.3299999999999,338.4199999999999,340.2699999999999,1896
2026-08-14T17:45:00+00:00,340.2699999999999,340.6699999999999,339.7799999999999,340.6199999999999,1439
2026-08-14T18:00:00+00:00,340.6199999999999,340.9799999999999,340.4599999999999,340.8099999999999,1620
2026-08-14T18:15:00+00:00,340.8099999999999,341.7399999999999,340.69999999999993,340.93999999999994,1657
2026-08-14T18:30:00+00:00,340.93999999999994,341.2199999999999,340.1599999999999,340.7799999999999,1568
2026-08-14T18:45:00+00:00,340.7799999999999,340.93999999999994,340.2299999999999,340.2299999999999,1220
2026-08-14T19:00:00+00:00,340.2299999999999,341.0599999999999,339.7099999999999,340.4899999999999,1363
2026-08-14T19:15:00+00:00,340.4899999999999,341.62999999999994,340.1599999999999,341.0199999999999,1252
2026-08-14T19:30:00+00:00,341.0199999999999,341.4099999999999,340.25999999999993,340.75999999999993,1160
2026-08-14T19:45:00+00:00,340.75999999999993,342.5299999999999,340.2799999999999,341.4899999999999,1879
2026-08-17T13:30:00+00:00,341.4899999999999,341.4899999999999,336.6199999999999,339.6699999999999,4111
2026-08-17T13:45:00+00:00,339.6699999999999,342.18999999999994,338.0799999999999,338.4099999999999,4021
2026-08-17T14:00:00+00:00,338.4099999999999,339.5399999999999,337.6599999999999,337.9599999999999,2721
2026-08-17T14:15:00+00:00,337.9599999999999,339.4299999999999,337.7399999999999,338.6599999999999,2612
2026-08-17T14:30:00+00:00,338.6599999999999,339.7999999999999,337.9099999999999,339.37999999999994,1857
2026-08-17T14:45:00+00:00,339.37999999999994,341.12999999999994,339.3599999999999,340.88999999999993,1901
2026-08-17T15:00:00+00:00,340.88999999999993,341.4899999999999,339.87999999999994,339.9199999999999,1864
2026-08-17T15:15:00+00:00,339.9199999999999,340.25999999999993,339.00999999999993,340.0299999999999,1543
2026-08-17T15:30:00+00:00,340.0299999999999,340.1599999999999,338.5599999999999,339.5899999999999,1479
2026-08-17T15:45:00+00:00,339.5899999999999,341.1199999999999,339.43999999999994,340.56999999999994,1495
2026-08-17T16:00:00+00:00,340.56999999999994,340.8399999999999,339.7299999999999,340.1199999999999,1375
2026-08-17T16:15:00+00:00,340.1199999999999,340.1199999999999,338.5999999999999,338.9899999999999,1258
2026-08-17T16:30:00+00:00,338.9899999999999,339.7799999999999,338.7299999999999,339.2399999999999,1181
2026-08-17T16:45:00+00:00,339.2399999999999,339.63999999999993,338.5599999999999,338.88999999999993,1089
2026-08-17T17:00:00+00:00,338.88999999999993,338.9899999999999,338.4599999999999,338.6199999999999,1188
2026-08-17T17:15:00+00:00,338.6199999999999,338.9199999999999,338.0799999999999,338.1599999999999,1408
2026-08-17T17:30:00+00:00,338.1599999999999,339.8699999999999,337.9899999999999,339.7899999999999,1549
2026-08-17T17:45:00+00:00,339.7899999999999,339.8099999999999,338.4099999999999,338.7199999999999,1223
2026-08-17T18:00:00+00:00,338.7199999999999,339.0199999999999,338.4599999999999,338.7999999999999,1076
2026-08-17T18:15:00+00:00,338.7999999999999,338.8699999999999,338.1699999999999,338.56999999999994,1108
2026-08-17T18:30:00+00:00,338.56999999999994,339.2299999999999,338.5399999999999,339.00999999999993,941
2026-08-17T18:45:00+00:00,339.00999999999993,339.94999999999993,338.9899999999999,339.4599999999999,994
2026-08-17T19:00:00+00:00,339.4599999999999,340.3299999999999,339.4099999999999,339.6599999999999,1008
2026-08-17T19:15:00+00:00,339.6599999999999,344.5399999999999,339.3099999999999,339.8099999999999,2008
2026-08-17T19:30:00+00:00,339.8099999999999,340.0799999999999,338.2999999999999,338.3099999999999,1983
2026-08-17T19:45:00+00:00,338.3099999999999,338.7999999999999,336.6599999999999,338.6199999999999,2432
2026-08-18T13:30:00+00:00,338.6199999999999,339.5899999999999,330.2899999999999,335.7199999999999,6088
2026-08-18T13:45:00+00:00,335.7199999999999,338.2999999999999,335.2799999999999,338.2799999999999,5875
2026-08-18T14:00:00+00:00,338.2799999999999,338.5599999999999,334.9699999999999,335.0199999999999,4910
2026-08-18T14:15:00+00:00,335.0199999999999,337.1199999999999,334.8699999999999,335.8999999999999,4645
2026-08-18T14:30:00+00:00,335.8999999999999,337.1799999999999,335.5599999999999,336.4699999999999,3411
2026-08-18T14:45:00+00:00,336.4699999999999,336.4699999999999,334.31999999999994,334.9299999999999,2948
2026-08-18T15:00:00+00:00,334.9299999999999,335.7099999999999,334.06999999999994,335.50999999999993,2386
2026-08-18T15:15:00+00:00,335.50999999999993,336.9699999999999,335.3099999999999,336.5599999999999,2466
2026-08-18T15:30:00+00:00,336.5599999999999,337.6099999999999,335.8999999999999,337.5199999999999,2001
2026-08-18T15:45:00+00:00,337.5199999999999,339.0199999999999,337.49999999999994,338.8999999999999,2242
2026-08-18T16:00:00+00:00,338.8999999999999,339.4099999999999,337.6599999999999,337.9099999999999,2458
2026-08-18T16:15:00+00:00,337.9099999999999,338.00999999999993,336.3099999999999,336.31999999999994,2278
2026-08-18T16:30:00+00:00,336.31999999999994,336.9899999999999,336.2299999999999,336.9599999999999,1941
2026-08-18T16:45:00+00:00,336.9599999999999,338.9099999999999,336.8299999999999,338.7099999999999,1930
2026-08-18T17:00:00+00:00,338.7099999999999,338.9299999999999,337.4199999999999,337.43999999999994,1698
2026-08-18T17:15:00+00:00,337.43999999999994,337.4599999999999,335.0599999999999,336.0899999999999,2070
2026-08-18T17:30:00+00:00,336.0899999999999,336.7699999999999,335.4899999999999,336.3699999999999,1586
2026-08-18T17:45:00+00:00,336.3699999999999,336.63999999999993,335.5999999999999,335.6199999999999,1349
2026-08-18T18:00:00+00:00,335.6199999999999,335.9599999999999,335.1699999999999,335.75999999999993,1734
2026-08-18T18:15:00+00:00,335.75999999999993,336.2199999999999,335.1699999999999,335.5799999999999,1478
2026-08-18T18:30:00+00:00,335.5799999999999,335.8099999999999,334.44999999999993,334.4899999999999,1601
2026-08-18T18:45:00+00:00,334.4899999999999,335.0899999999999,334.2899999999999,334.8999999999999,1527
2026-08-18T19:00:00+00:00,334.8999999999999,335.5299999999999,334.6599999999999,335.25999999999993,1338
2026-08-18T19:15:00+00:00,335.25999999999993,335.8699999999999,335.1599999999999,335.7999999999999,1306
2026-08-18T19:30:00+00:00,335.7999999999999,336.3999999999999,335.2899999999999,335.9599999999999,1455
2026-08-18T19:45:00+00:00,335.9599999999999,336.5499999999999,334.4599999999999,335.75999999999993,2619
2026-08-19T13:30:00+00:00,335.75999999999993,340.2799999999999,335.75999999999993,339.00999999999993,6018
2026-08-19T13:45:00+00:00,339.00999999999993,339.56999999999994,334.7699999999999,337.0399999999999,6648
2026-08-19T14:00:00+00:00,337.0399999999999,339.13999999999993,336.6599999999999,337.3299999999999,6050
2026-08-19T14:15:00+00:00,337.3299999999999,341.62999999999994,337.1599999999999,341.44999999999993,5481
2026-08-19T14:30:00+00:00,341.44999999999993,346.0499999999999,340.4199999999999,345.8299999999999,4245
2026-08-19T14:45:00+00:00,345.8299999999999,346.8299999999999,344.7899999999999,346.61999999999995,3470.759192971038
2026-08-19T15:00:00+00:00,346.61999999999995,347.75999999999993,345.34,345.72999999999996,2972
2026-08-19T15:15:00+00:00,345.72999999999996,346.91999999999996,345.34999999999997,346.63999999999993,2227
2026-08-19T15:30:00+00:00,346.63999999999993,347.37999999999994,345.63999999999993,346.09,2453
2026-08-19T15:45:00+00:00,346.09,346.38999999999993,345.03999999999996,346.15999999999997,1990
2026-08-19T16:00:00+00:00,346.15999999999997,348.37999999999994,345.98999999999995,347.28999999999996,1900
2026-08-19T16:15:00+00:00,347.28999999999996,348.41999999999996,346.92999999999995,347.4,1949
2026-08-19T16:30:00+00:00,347.4,347.4,345.69999999999993,345.75999999999993,1872
2026-08-19T16:45:00+00:00,345.75999999999993,346.68999999999994,345.67999999999995,346.49999999999994,1690
2026-08-19T17:00:00+00:00,346.49999999999994,346.73999999999995,345.68999999999994,345.79999999999995,1633
2026-08-19T17:15:00+00:00,345.79999999999995,346.27,345.43999999999994,346.11999999999995,1722
2026-08-19T17:30:00+00:00,346.11999999999995,346.28,345.28999999999996,346.03999999999996,1452
2026-08-19T17:45:00+00:00,346.03999999999996,347.24999999999994,345.99999999999994,346.94999999999993,1457
2026-08-19T18:00:00+00:00,346.94999999999993,348.06999999999994,346.59,347.18999999999994,2630
2026-08-19T18:15:00+00:00,347.18999999999994,347.54999999999995,346.53,347.47999999999996,1825
2026-08-19T18:30:00+00:00,347.47999999999996,348.11999999999995,347.24999999999994,347.88999999999993,1900
2026-08-19T18:45:00+00:00,347.88999999999993,347.92999999999995,347.15,347.46,1701
2026-08-19T19:00:00+00:00,347.46,347.88999999999993,347.34999999999997,347.59999999999997,1411
2026-08-19T19:15:00+00:00,347.59999999999997,348.71,347.52,347.52,1547
2026-08-19T19:30:00+00:00,347.52,348.74999999999994,347.23999999999995,347.36999999999995,2134
2026-08-19T19:45:00+00:00,347.36999999999995,350.84999999999997,346.65,350.15,3421
2026-08-20T13:30:00+00:00,350.15,350.15,341.47999999999996,342.73999999999995,3613
2026-08-20T13:45:00+00:00,342.73999999999995,344.71,342.24999999999994,344.35999999999996,3353
2026-08-20T14:00:00+00:00,344.35999999999996,344.56999999999994,341.55999999999995,341.63999999999993,2728
2026-08-20T14:15:00+00:00,341.63999999999993,341.92999999999995,338.96,339.50999999999993,3115
2026-08-20T14:30:00+00:00,339.50999999999993,339.86999999999995,338.19999999999993,339.19999999999993,2806
2026-08-20T14:45:00+00:00,339.19999999999993,339.87999999999994,338.78999999999996,339.27,2234
2026-08-20T15:00:00+00:00,339.27,342.10999999999996,339.21,341.58,2961
2026-08-20T15:15:00+00:00,341.58,343.11999999999995,341.27,343.08,2329
2026-08-20T15:30:00+00:00,343.08,343.65999999999997,342.53999999999996,342.84,1978
2026-08-20T15:45:00+00:00,342.84,345.21,342.84,344.98999999999995,2123
2026-08-20T16:00:00+00:00,344.98999999999995,345.48999999999995,344.46,344.67999999999995,1816
2026-08-20T16:15:00+00:00,344.67999999999995,344.94999999999993,343.80999999999995,343.98999999999995,1555
2026-08-20T16:30:00+00:00,343.98999999999995,344.33,343.43999999999994,344.22999999999996,1230
2026-08-20T16:45:00+00:00,344.22999999999996,344.59999999999997,342.79999999999995,343.78999999999996,1322
2026-08-20T17:00:00+00:00,343.78999999999996,344.08,342.53999999999996,342.66999999999996,1204
2026-08-20T17:15:00+00:00,342.66999999999996,342.77,341.53999999999996,341.59,1522
2026-08-20T17:30:00+00:00,341.59,341.88999999999993,340.97999999999996,341.09,1272
2026-08-20T17:45:00+00:00,341.09,342.02,341.04999999999995,341.80999999999995,1349
2026-08-20T18:00:00+00:00,341.80999999999995,341.86999999999995,340.73999999999995,341.03,1260
2026-08-20T18:15:00+00:00,341.03,342.71,340.85999999999996,342.59,1246
2026-08-20T18:30:00+00:00,342.59,342.84,342.21,342.61999999999995,1251
2026-08-20T18:45:00+00:00,342.61999999999995,343.08,342.4,342.46999999999997,1227
2026-08-20T19:00:00+00:00,342.46999999999997,342.93999999999994,342.09999999999997,342.15,1189
2026-08-20T19:15:00+00:00,342.15,342.73999999999995,341.74999999999994,342.56999999999994,1074
2026-08-20T19:30:00+00:00,342.56999999999994,343.33,342.34,342.80999999999995,1311
2026-08-20T19:45:00+00:00,342.80999999999995,344.68999999999994,342.18999999999994,344.44999999999993,2615
2026-08-21T13:30:00+00:00,344.44999999999993,350.58,344.44999999999993,348.04999999999995,5473
2026-08-21T13:45:00+00:00,348.04999999999995,354.02,347.24999999999994,353.48999999999995,5545
2026-08-21T14:00:00+00:00,353.48999999999995,358.97999999999996,351.96,356.88999999999993,7077
2026-08-21T14:15:00+00:00,356.88999999999993,360.74999999999994,354.77,358.91999999999996,6285
2026-08-21T14:30:00+00:00,358.91999999999996,360.48999999999995,354.52,355.50999999999993,3769
2026-08-21T14:45:00+00:00,355.50999999999993,360.59,355.48999999999995,360.22999999999996,3322
2026-08-21T15:00:00+00:00,360.22999999999996,363.28999999999996,359.66999999999996,361.03,3939
2026-08-21T15:15:00+00:00,361.03,361.25999999999993,357.56999999999994,358.16999999999996,2898
2026-08-21T15:30:00+00:00,358.16999999999996,363.00999999999993,357.78999999999996,362.65999999999997,2717
2026-08-21T15:45:00+00:00,362.65999999999997,363.65999999999997,360.69999999999993,361.72999999999996,3049
2026-08-21T16:00:00+00:00,361.72999999999996,361.94999999999993,360.02,361.36999999999995,2024
2026-08-21T16:15:00+00:00,361.36999999999995,363.13999999999993,361.27,362.55999999999995,2354
2026-08-21T16:30:00+00:00,362.55999999999995,362.97999999999996,362.19999999999993,362.60999999999996,1822
2026-08-21T16:45:00+00:00,362.60999999999996,364.11999999999995,362.52,363.55999999999995,2216
2026-08-21T17:00:00+00:00,363.55999999999995,364.21,362.15,362.74999999999994,2422
2026-08-21T17:15:00+00:00,362.74999999999994,363.52,362.15999999999997,362.78,2068
2026-08-21T17:30:00+00:00,362.78,363.72999999999996,362.36999999999995,362.52,1781
2026-08-21T17:45:00+00:00,362.52,362.84,361.74999999999994,361.85999999999996,1720
2026-08-21T18:00:00+00:00,361.85999999999996,363.02,361.74999999999994,362.58,1620
2026-08-21T18:15:00+00:00,362.58,363.90999999999997,362.37999999999994,363.52,1678
2026-08-21T18:30:00+00:00,363.52,364.05999999999995,362.97999999999996,363.21999999999997,1810
2026-08-21T18:45:00+00:00,363.21999999999997,364.59,363.00999999999993,363.65,1902
2026-08-21T19:00:00+00:00,363.65,365.19999999999993,363.23999999999995,363.25999999999993,1928
2026-08-21T19:15:00+00:00,363.25999999999993,364.62999999999994,362.13999999999993,363.27,1826
2026-08-21T19:30:00+00:00,363.27,365.69999999999993,363.15,364.12999999999994,1843
2026-08-21T19:45:00+00:00,364.12999999999994,364.67999999999995,360.77,362.31999999999994,2997
2026-08-24T13:30:00+00:00,362.31999999999994,362.31999999999994,351.75999999999993,351.75999999999993,4388
2026-08-24T13:45:00+00:00,351.75999999999993,353.56999999999994,350.78999999999996,353.13999999999993,3720
2026-08-24T14:00:00+00:00,353.13999999999993,353.65,351.84999999999997,352.96999999999997,2632
2026-08-24T14:15:00+00:00,352.96999999999997,354.17999999999995,352.73999999999995,353.59,2705
2026-08-24T14:30:00+00:00,353.59,357.53,353.37999999999994,357.43999999999994,3170
2026-08-24T14:45:00+00:00,357.43999999999994,357.9,356.08,357.38999999999993,2442
2026-08-24T15:00:00+00:00,357.38999999999993,357.84999999999997,356.15999999999997,357.25999999999993,2067
2026-08-24T15:15:00+00:00,357.25999999999993,357.48999999999995,356.12999999999994,356.65,1840
2026-08-24T15:30:00+00:00,356.65,356.78,355.04999999999995,356.62999999999994,2241
2026-08-24T15:45:00+00:00,356.62999999999994,357.42999999999995,354.60999999999996,355.23999999999995,1810
2026-08-24T16:00:00+00:00,355.23999999999995,355.46,354.75999999999993,355.17999999999995,1625
2026-08-24T16:15:00+00:00,355.17999999999995,356.50999999999993,355.15999999999997,356.15999999999997,1557
2026-08-24T16:30:00+00:00,356.15999999999997,356.31999999999994,353.86999999999995,353.97999999999996,1560
2026-08-24T16:45:00+00:00,353.97999999999996,354.43999999999994,353.53999999999996,354.33,1369
2026-08-24T17:00:00+00:00,354.33,355.53999999999996,353.96999999999997,355.16999999999996,1551
2026-08-24T17:15:00+00:00,355.16999999999996,356.15,354.58,355.75999999999993,1805
2026-08-24T17:30:00+00:00,355.75999999999993,356.00999999999993,353.85999999999996,353.96999999999997,1574
2026-08-24T17:45:00+00:00,353.96999999999997,354.05999999999995,352.75999999999993,353.08,1653
2026-08-24T18:00:00+00:00,353.08,353.88999999999993,352.96,353.54999999999995,1346
2026-08-24T18:15:00+00:00,353.54999999999995,353.80999999999995,351.96,352.34999999999997,1726
2026-08-24T18:30:00+00:00,352.34999999999997,352.74999999999994,351.67999999999995,351.79999999999995,1501
2026-08-24T18:45:00+00:00,351.79999999999995,351.94999999999993,347.84,347.93999999999994,2402
2026-08-24T19:00:00+00:00,347.93999999999994,349.96,347.50999999999993,348.86999999999995,2211
2026-08-24T19:15:00+00:00,348.86999999999995,350.47999999999996,348.48999999999995,350.42999999999995,1549
2026-08-24T19:30:00+00:00,350.42999999999995,350.84,347.92999999999995,348.03999999999996,1818
2026-08-24T19:45:00+00:00,348.03999999999996,349.67999999999995,347.61999999999995,348.47999999999996,2470
2026-08-25T13:30:00+00:00,348.47999999999996,351.38999999999993,348.43999999999994,350.97999999999996,3388
2026-08-25T13:45:00+00:00,350.97999999999996,352.28999999999996,350.15,350.37999999999994,3347
2026-08-25T14:00:00+00:00,350.37999999999994,352.65999999999997,349.49999999999994,349.59,3336
2026-08-25T14:15:00+00:00,349.59,352.41999999999996,349.30999999999995,350.36999999999995,2768
2026-08-25T14:30:00+00:00,350.36999999999995,352.10999999999996,349.27,351.21,2456
2026-08-25T14:45:00+00:00,351.21,351.23999999999995,349.24999999999994,350.21,2051
2026-08-25T15:00:00+00:00,350.21,351.12999999999994,349.04999999999995,351.04999999999995,1937
2026-08-25T15:15:00+00:00,351.04999999999995,353.71999999999997,351.03999999999996,353.59999999999997,2236
2026-08-25T15:30:00+00:00,353.59999999999997,354.09,351.03999999999996,351.56999999999994,2519
2026-08-25T15:45:00+00:00,351.56999999999994,353.15,350.43999999999994,352.69999999999993,1899
2026-08-25T16:00:00+00:00,352.69999999999993,353.67999999999995,352.53999999999996,353.10999999999996,1582
2026-08-25T16:15:00+00:00,353.10999999999996,353.67999999999995,352.91999999999996,353.62999999999994,1372
2026-08-25T16:30:00+00:00,353.62999999999994,354.55999999999995,353.55999999999995,353.73999999999995,1427
2026-08-25T16:45:00+00:00,353.73999999999995,356.06999999999994,353.73999999999995,355.34999999999997,1392
2026-08-25T17:00:00+00:00,355.34999999999997,355.55999999999995,351.15,351.73999999999995,2309
2026-08-25T17:15:00+00:00,351.73999999999995,352.71999999999997,351.10999999999996,352.67999999999995,1707
2026-08-25T17:30:00+00:00,352.67999999999995,353.02,352.09,352.21,1280
2026-08-25T17:45:00+00:00,352.21,352.87999999999994,352.15,352.48999999999995,999
2026-08-25T18:00:00+00:00,352.48999999999995,352.78999999999996,351.98999999999995,352.13999999999993,924
2026-08-25T18:15:00+00:00,352.13999999999993,352.37999999999994,350.75999999999993,351.05999999999995,1175
2026-08-25T18:30:00+00:00,351.05999999999995,351.41999999999996,350.85999999999996,351.17999999999995,985
2026-08-25T18:45:00+00:00,351.17999999999995,352.9,351.12999999999994,352.27,1360
2026-08-25T19:00:00+00:00,352.27,352.79999999999995,351.05999999999995,351.21,1110
2026-08-25T19:15:00+00:00,351.21,351.33,350.60999999999996,350.60999999999996,944
2026-08-25T19:30:00+00:00,350.60999999999996,351.47999999999996,350.14,350.34999999999997,1092
2026-08-25T19:45:00+00:00,350.34999999999997,350.78999999999996,349.12999999999994,349.65,2044
2026-08-26T13:30:00+00:00,349.65,349.65,341.73999999999995,347.67999999999995,3815
2026-08-26T13:45:00+00:00,347.67999999999995,351.05999999999995,345.74999999999994,348.09999999999997,3338
2026-08-26T14:00:00+00:00,348.09999999999997,348.27,346.89,348.10999999999996,1976
2026-08-26T14:15:00+00:00,348.10999999999996,348.79999999999995,344.74999999999994,345.43999999999994,2323
2026-08-26T14:30:00+00:00,345.43999999999994,346.35999999999996,344.90999999999997,344.93999999999994,1960
2026-08-26T14:45:00+00:00,344.93999999999994,345.03999999999996,342.47999999999996,342.68999999999994,2245
2026-08-26T15:00:00+00:00,342.68999999999994,344.46999999999997,342.60999999999996,343.60999999999996,2133
2026-08-26T15:15:00+00:00,343.60999999999996,343.74999999999994,342.28,343.01,1818
2026-08-26T15:30:00+00:00,343.01,343.43999999999994,342.42999999999995,343.30999999999995,1719
2026-08-26T15:45:00+00:00,343.30999999999995,344.03999999999996,342.80999999999995,343.48999999999995,1683
2026-08-26T16:00:00+00:00,343.48999999999995,343.78999999999996,342.62999999999994,343.22999999999996,1542
2026-08-26T16:15:00+00:00,343.22999999999996,343.48999999999995,342.62999999999994,343.19999999999993,1193
2026-08-26T16:30:00+00:00,343.19999999999993,344.06999999999994,343.11999999999995,343.71,1414
2026-08-26T16:45:00+00:00,343.71,344.36999999999995,343.5199999999999,344.17999999999995,1291
2026-08-26T17:00:00+00:00,344.17999999999995,345.00999999999993,343.85999999999996,344.13999999999993,1414
2026-08-26T17:15:00+00:00,344.13999999999993,345.96999999999997,344.13999999999993,345.8299999999999,1540
2026-08-26T17:30:00+00:00,345.8299999999999,346.04999999999995,345.44999999999993,345.78999999999996,1271
2026-08-26T17:45:00+00:00,345.78999999999996,345.94999999999993,345.2699999999999,345.72999999999996,1169
2026-08-26T18:00:00+00:00,345.72999999999996,345.78999999999996,343.61999999999995,343.62999999999994,1273
2026-08-26T18:15:00+00:00,343.62999999999994,344.38999999999993,343.55999999999995,343.84,1167
2026-08-26T18:30:00+00:00,343.84,345.00999999999993,343.81999999999994,344.74999999999994,1069
2026-08-26T18:45:00+00:00,344.74999999999994,345.50999999999993,344.71,345.13999999999993,1005
2026-08-26T19:00:00+00:00,345.13999999999993,346.53999999999996,344.66999999999996,344.91999999999996,1294
2026-08-26T19:15:00+00:00,344.91999999999996,345.15999999999997,344.06999999999994,344.68999999999994,1316
2026-08-26T19:30:00+00:00,344.68999999999994,345.71999999999997,344.36999999999995,344.93999999999994,1131
2026-08-26T19:45:00+00:00,344.93999999999994,345.96999999999997,344.34,345.0799999999999,1592
2026-08-27T13:30:00+00:00,345.0799999999999,349.75999999999993,344.11999999999995,349.73999999999995,4307
2026-08-27T13:45:00+00:00,349.73999999999995,351.48999999999995,346.61999999999995,349.15999999999997,5077
2026-08-27T14:00:00+00:00,349.15999999999997,351.17999999999995,348.2699999999999,350.74999999999994,3580
2026-08-27T14:15:00+00:00,350.74999999999994,352.46,349.5199999999999,351.54999999999995,3332
2026-08-27T14:30:00+00:00,351.54999999999995,354.00999999999993,350.96999999999997,351.12999999999994,3091
2026-08-27T14:45:00+00:00,351.12999999999994,352.84999999999997,349.61999999999995,352.78,2619
2026-08-27T15:00:00+00:00,352.78,352.85999999999996,351.27,352.36,2375
2026-08-27T15:15:00+00:00,352.36,352.64,351.27,351.52,1829
2026-08-27T15:30:00+00:00,351.52,352.34,350.38,350.46999999999997,2124
2026-08-27T15:45:00+00:00,350.46999999999997,351.88,349.91999999999996,351.71,1745
2026-08-27T16:00:00+00:00,351.71,352.11,351.15,351.21999999999997,1432
2026-08-27T16:15:00+00:00,351.21999999999997,351.96,351.04999999999995,351.96,1116
2026-08-27T16:30:00+00:00,351.96,352.44999999999993,351.68999999999994,352.4,1244
2026-08-27T16:45:00+00:00,352.4,353.73999999999995,351.61999999999995,352.89,1432
2026-08-27T17:00:00+00:00,352.89,354.36999999999995,352.67999999999995,354.10999999999996,1871
2026-08-27T17:15:00+00:00,354.10999999999996,354.65999999999997,352.72999999999996,353.17999999999995,1705
2026-08-27T17:30:00+00:00,353.17999999999995,353.71,352.97999999999996,353.36999999999995,1179
2026-08-27T17:45:00+00:00,353.36999999999995,353.64,352.65,353.16999999999996,1249
2026-08-27T18:00:00+00:00,353.16999999999996,353.24999999999994,352.21,352.66999999999996,1400
2026-08-27T18:15:00+00:00,352.66999999999996,353.17999999999995,352.37999999999994,353.14,1453
2026-08-27T18:30:00+00:00,353.14,354.58,352.99999999999994,354.46999999999997,1802
2026-08-27T18:45:00+00:00,354.46999999999997,354.74999999999994,353.40999999999997,354.05999999999995,1531
2026-08-27T19:00:00+00:00,354.05999999999995,354.36999999999995,353.48999999999995,353.69999999999993,1292
2026-08-27T19:15:00+00:00,353.69999999999993,353.96,352.74999999999994,353.16999999999996,1248
2026-08-27T19:30:00+00:00,353.16999999999996,354.28,352.85999999999996,353.68999999999994,1556
2026-08-27T19:45:00+00:00,353.68999999999994,354.53,353.04999999999995,353.52,2406
2026-08-28T13:30:00+00:00,353.52,357.72999999999996,353.52,355.16999999999996,3669
2026-08-28T13:45:00+00:00,355.16999999999996,356.11999999999995,353.65999999999997,353.66999999999996,2551
2026-08-28T14:00:00+00:00,353.66999999999996,354.60999999999996,350.18999999999994,350.94999999999993,3290
2026-08-28T14:15:00+00:00,350.94999999999993,352.15999999999997,350.54999999999995,351.48999999999995,3184
2026-08-28T14:30:00+00:00,351.48999999999995,352.43999999999994,351.15999999999997,351.46,2727
2026-08-28T14:45:00+00:00,351.46,353.40999999999997,351.04999999999995,353.21999999999997,2491
2026-08-28T15:00:00+00:00,353.21999999999997,353.69999999999993,352.19999999999993,352.80999999999995,2105
2026-08-28T15:15:00+00:00,352.80999999999995,353.03,351.22999999999996,351.24999999999994,2178
2026-08-28T15:30:00+00:00,351.24999999999994,351.78,348.72999999999996,348.85999999999996,2466
2026-08-28T15:45:00+00:00,348.85999999999996,348.90999999999997,347.06999999999994,347.47999999999996,2767
2026-08-28T16:00:00+00:00,347.47999999999996,348.03,346.46,347.31999999999994,2482
2026-08-28T16:15:00+00:00,347.31999999999994,347.42999999999995,346.09999999999997,346.37999999999994,2443
2026-08-28T16:30:00+00:00,346.37999999999994,347.28,345.98999999999995,346.22999999999996,2115
2026-08-28T16:45:00+00:00,346.22999999999996,347.12999999999994,345.98999999999995,346.02,1548
2026-08-28T17:00:00+00:00,346.02,346.02,345.00999999999993,345.84,2010
2026-08-28T17:15:00+00:00,345.84,346.02,345.11999999999995,345.25999999999993,1588
2026-08-28T17:30:00+00:00,345.25999999999993,345.92999999999995,345.24999999999994,345.65999999999997,1460
2026-08-28T17:45:00+00:00,345.65999999999997,346.15999999999997,345.40999999999997,346.09999999999997,1406
2026-08-28T18:00:00+00:00,346.09999999999997,346.16999999999996,345.34999999999997,345.35999999999996,1369
2026-08-28T18:15:00+00:00,345.35999999999996,345.97999999999996,345.06999999999994,345.53999999999996,1453
2026-08-28T18:30:00+00:00,345.53999999999996,345.77,344.59999999999997,344.84999999999997,1342
2026-08-28T18:45:00+00:00,344.84999999999997,345.06999999999994,344.15999999999997,344.54999999999995,1599
2026-08-28T19:00:00+00:00,344.54999999999995,345.78999999999996,344.50999999999993,345.50999999999993,1353
2026-08-28T19:15:00+00:00,345.50999999999993,346.77,345.27,346.72999999999996,1408
2026-08-28T19:30:00+00:00,346.72999999999996,346.78999999999996,345.43999999999994,346.65,1526
2026-08-28T19:45:00+00:00,346.65,348.75999999999993,346.21,347.60999999999996,2449
2026-08-31T13:30:00+00:00,347.60999999999996,354.86999999999995,345.91999999999996,354.74999999999994,4607
2026-08-31T13:45:00+00:00,354.74999999999994,360.09999999999997,354.71999999999997,359.03999999999996,5393
2026-08-31T14:00:00+00:00,359.03999999999996,360.93999999999994,358.96,359.84,4083
2026-08-31T14:15:00+00:00,359.84,363.83,359.40999999999997,362.56999999999994,3732
2026-08-31T14:30:00+00:00,362.56999999999994,364.74999999999994,361.78,364.09999999999997,3907
2026-08-31T14:45:00+00:00,364.09999999999997,364.46,360.90999999999997,362.75999999999993,3006
2026-08-31T15:00:00+00:00,362.75999999999993,364.68999999999994,362.56999999999994,363.75999999999993,3104
2026-08-31T15:15:00+00:00,363.75999999999993,364.29999999999995,362.19999999999993,363.15,2547
2026-08-31T15:30:00+00:00,363.15,364.17999999999995,361.99999999999994,363.96,2699
2026-08-31T15:45:00+00:00,363.96,366.16999999999996,363.75999999999993,364.43999999999994,2876
2026-08-31T16:00:00+00:00,364.43999999999994,365.77,362.36999999999995,365.55999999999995,2651
2026-08-31T16:15:00+00:00,365.55999999999995,365.69999999999993,363.55999999999995,364.14,2124
2026-08-31T16:30:00+00:00,364.14,364.36999999999995,363.17999999999995,363.90999999999997,1854
2026-08-31T16:45:00+00:00,363.90999999999997,365.44999999999993,363.54999999999995,365.10999999999996,1910
2026-08-31T17:00:00+00:00,365.10999999999996,365.78,364.21,365.75999999999993,1791
2026-08-31T17:15:00+00:00,365.75999999999993,366.41999999999996,363.96999999999997,364.21,2080
2026-08-31T17:30:00+00:00,364.21,366.37999999999994,364.19999999999993,366.36999999999995,1934
2026-08-31T17:45:00+00:00,366.36999999999995,367.54999999999995,366.33,367.29999999999995,2112
2026-08-31T18:00:00+00:00,367.29999999999995,367.42999999999995,365.9,366.61999999999995,1846
2026-08-31T18:15:00+00:00,366.61999999999995,367.27,366.11999999999995,366.46,1599
2026-08-31T18:30:00+00:00,366.46,366.46,364.40999999999997,364.9,2035
2026-08-31T18:45:00+00:00,364.9,365.28999999999996,364.65999999999997,364.83,1503
2026-08-31T19:00:00+00:00,364.83,365.80999999999995,364.31999999999994,365.08,1526
2026-08-31T19:15:00+00:00,365.08,366.06999999999994,364.28,365.66999999999996,1513
2026-08-31T19:30:00+00:00,365.66999999999996,366.79999999999995,365.17999999999995,365.84,1600
2026-08-31T19:45:00+00:00,365.84,367.96,364.98999999999995,366.86999999999995,3097
2026-09-01T13:30:00+00:00,366.86999999999995,366.86999999999995,352.44999999999993,353.94999999999993,4883
2026-09-01T13:45:00+00:00,353.94999999999993,358.43999999999994,353.93999999999994,357.54999999999995,3942
2026-09-01T14:00:00+00:00,357.54999999999995,358.60999999999996,357.05999999999995,358.04999999999995,2605
2026-09-01T14:15:00+00:00,358.04999999999995,358.73999999999995,356.84999999999997,357.41999999999996,2126
2026-09-01T14:30:00+00:00,357.41999999999996,358.72999999999996,357.30999999999995,358.15999999999997,2072
2026-09-01T14:45:00+00:00,358.15999999999997,358.4,356.17999999999995,356.52,1919
2026-09-01T15:00:00+00:00,356.52,358.39,356.39,358.06999999999994,1881
2026-09-01T15:15:00+00:00,358.06999999999994,358.59,356.79999999999995,358.48999999999995,1756
2026-09-01T15:30:00+00:00,358.48999999999995,359.37999999999994,357.34999999999997,357.56999999999994,1700
2026-09-01T15:45:00+00:00,357.56999999999994,358.08,357.09999999999997,357.77,1314
2026-09-01T16:00:00+00:00,357.77,358.06999999999994,357.19999999999993,357.27,1274
2026-09-01T16:15:00+00:00,357.27,357.34999999999997,355.49999999999994,355.74999999999994,1570
2026-09-01T16:30:00+00:00,355.74999999999994,356.96999999999997,355.36999999999995,355.84,1475
2026-09-01T16:45:00+00:00,355.84,356.46999999999997,355.4,355.81999999999994,1298
2026-09-01T17:00:00+00:00,355.81999999999994,356.29999999999995,355.17999999999995,356.05999999999995,1469
2026-09-01T17:15:00+00:00,356.05999999999995,356.24999999999994,355.53999999999996,355.98999999999995,1157
2026-09-01T17:30:00+00:00,355.98999999999995,356.58,355.74999999999994,356.03999999999996,1157
2026-09-01T17:45:00+00:00,356.03999999999996,356.09999999999997,355.19999999999993,355.46999999999997,1257
2026-09-01T18:00:00+00:00,355.46999999999997,355.71999999999997,354.22999999999996,354.22999999999996,1228
2026-09-01T18:15:00+00:00,354.22999999999996,354.33,353.58,353.79999999999995,1511
2026-09-01T18:30:00+00:00,353.79999999999995,353.90999999999997,352.34,352.34,1458
2026-09-01T18:45:00+00:00,352.34,353.46999999999997,352.00999999999993,353.37999999999994,1680
2026-09-01T19:00:00+00:00,353.37999999999994,355.36999999999995,352.94999999999993,355.03999999999996,1316
2026-09-01T19:15:00+00:00,355.03999999999996,355.78999999999996,354.92999999999995,355.59,1062
2026-09-01T19:30:00+00:00,355.59,355.66999999999996,354.36999999999995,355.34,1253
2026-09-01T19:45:00+00:00,355.34,355.66999999999996,354.54999999999995,355.25999999999993,2106
